{
	"credit": "Made with Blockbench",
	"textures": {
		"0": "simplyswords:item/bramblethorn",
		"particle": "simplyswords:item/bramblethorn"
	},
	"elements": [
		{
			"name": "bt2_0",
			"from": [8, 4.25, 7.95],
			"to": [8.125, 8.625, 8.175],
			"rotation": {"angle": 0, "axis": "y", "origin": [0, -2, 8]},
			"faces": {
				"north": {"uv": [8.125, 5.375, 8, 9.75], "texture": "#0"},
				"east": {"uv": [8, 5.375, 8.125, 9.75], "texture": "#0"},
				"south": {"uv": [8, 5.375, 8.125, 9.75], "texture": "#0"},
				"west": {"uv": [8, 5.375, 8.125, 9.75], "texture": "#0"},
				"up": {"uv": [8, 5.375, 8.125, 5.5], "texture": "#0"}
			}
		},
		{
			"name": "bt2_1",
			"from": [7.875, 3.5, 7.95],
			"to": [8, 8.25, 8.175],
			"rotation": {"angle": 0, "axis": "y", "origin": [0, -2, 8]},
			"faces": {
				"north": {"uv": [8, 5.75, 7.875, 10.5], "texture": "#0"},
				"south": {"uv": [7.875, 5.75, 8, 10.5], "texture": "#0"},
				"west": {"uv": [7.875, 5.75, 8, 10.5], "texture": "#0"},
				"up": {"uv": [7.875, 5.75, 8, 5.875], "texture": "#0"}
			}
		},
		{
			"name": "bt2_2",
			"from": [8.125, 3.5, 7.95],
			"to": [8.25, 8.25, 8.175],
			"rotation": {"angle": 0, "axis": "y", "origin": [0, -2, 8]},
			"faces": {
				"north": {"uv": [8.25, 5.75, 8.125, 10.5], "texture": "#0"},
				"east": {"uv": [8.125, 5.75, 8.25, 10.5], "texture": "#0"},
				"south": {"uv": [8.125, 5.75, 8.25, 10.5], "texture": "#0"},
				"up": {"uv": [8.125, 5.75, 8.25, 5.875], "texture": "#0"}
			}
		},
		{
			"name": "bt2_3",
			"from": [8.375, 6.875, 7.95],
			"to": [8.5, 7, 8.175],
			"rotation": {"angle": 0, "axis": "y", "origin": [0, -2, 8]},
			"faces": {
				"north": {"uv": [8.5, 7, 8.375, 7.125], "texture": "#0"},
				"east": {"uv": [8.375, 7, 8.5, 7.125], "texture": "#0"},
				"south": {"uv": [8.375, 7, 8.5, 7.125], "texture": "#0"},
				"west": {"uv": [8.375, 7, 8.5, 7.125], "texture": "#0"},
				"up": {"uv": [8.375, 7, 8.5, 7.125], "texture": "#0"},
				"down": {"uv": [8.375, 7, 8.5, 7.125], "texture": "#0"}
			}
		},
		{
			"name": "bt2_4",
			"from": [8.25, 6.625, 7.95],
			"to": [8.375, 6.875, 8.175],
			"rotation": {"angle": 0, "axis": "y", "origin": [0, -2, 8]},
			"faces": {
				"north": {"uv": [8.375, 7.125, 8.25, 7.375], "texture": "#0"},
				"east": {"uv": [8.25, 7.125, 8.375, 7.375], "texture": "#0"},
				"south": {"uv": [8.25, 7.125, 8.375, 7.375], "texture": "#0"},
				"up": {"uv": [8.25, 7.125, 8.375, 7.25], "texture": "#0"},
				"down": {"uv": [8.25, 7.25, 8.375, 7.375], "texture": "#0"}
			}
		},
		{
			"name": "bt2_5",
			"from": [7.625, 6.25, 7.95],
			"to": [7.75, 6.375, 8.175],
			"rotation": {"angle": 0, "axis": "y", "origin": [0, -2, 8]},
			"faces": {
				"north": {"uv": [7.75, 7.625, 7.625, 7.75], "texture": "#0"},
				"east": {"uv": [7.625, 7.625, 7.75, 7.75], "texture": "#0"},
				"south": {"uv": [7.625, 7.625, 7.75, 7.75], "texture": "#0"},
				"west": {"uv": [7.625, 7.625, 7.75, 7.75], "texture": "#0"},
				"up": {"uv": [7.625, 7.625, 7.75, 7.75], "texture": "#0"},
				"down": {"uv": [7.625, 7.625, 7.75, 7.75], "texture": "#0"}
			}
		},
		{
			"name": "bt2_6",
			"from": [7.75, 5.875, 7.95],
			"to": [7.875, 6.25, 8.175],
			"rotation": {"angle": 0, "axis": "y", "origin": [0, -2, 8]},
			"faces": {
				"north": {"uv": [7.875, 7.75, 7.75, 8.125], "texture": "#0"},
				"south": {"uv": [7.75, 7.75, 7.875, 8.125], "texture": "#0"},
				"west": {"uv": [7.75, 7.75, 7.875, 8.125], "texture": "#0"},
				"up": {"uv": [7.75, 7.75, 7.875, 7.875], "texture": "#0"},
				"down": {"uv": [7.75, 8, 7.875, 8.125], "texture": "#0"}
			}
		},
		{
			"name": "bt2_7",
			"from": [8.25, 5.125, 7.95],
			"to": [8.5, 5.25, 8.175],
			"rotation": {"angle": 0, "axis": "y", "origin": [0, -2, 8]},
			"faces": {
				"north": {"uv": [8.5, 8.75, 8.25, 8.875], "texture": "#0"},
				"east": {"uv": [8.375, 8.75, 8.5, 8.875], "texture": "#0"},
				"south": {"uv": [8.25, 8.75, 8.5, 8.875], "texture": "#0"},
				"up": {"uv": [8.25, 8.75, 8.5, 8.875], "texture": "#0"},
				"down": {"uv": [8.25, 8.75, 8.5, 8.875], "texture": "#0"}
			}
		},
		{
			"name": "bt2_8",
			"from": [8.25, 4.875, 7.95],
			"to": [8.375, 5.125, 8.175],
			"rotation": {"angle": 0, "axis": "y", "origin": [0, -2, 8]},
			"faces": {
				"north": {"uv": [8.375, 8.875, 8.25, 9.125], "texture": "#0"},
				"east": {"uv": [8.25, 8.875, 8.375, 9.125], "texture": "#0"},
				"south": {"uv": [8.25, 8.875, 8.375, 9.125], "texture": "#0"},
				"down": {"uv": [8.25, 9, 8.375, 9.125], "texture": "#0"}
			}
		},
		{
			"name": "bt2_9",
			"from": [7.625, 4.375, 7.95],
			"to": [7.75, 4.5, 8.175],
			"rotation": {"angle": 0, "axis": "y", "origin": [0, -2, 8]},
			"faces": {
				"north": {"uv": [7.75, 9.5, 7.625, 9.625], "texture": "#0"},
				"east": {"uv": [7.625, 9.5, 7.75, 9.625], "texture": "#0"},
				"south": {"uv": [7.625, 9.5, 7.75, 9.625], "texture": "#0"},
				"west": {"uv": [7.625, 9.5, 7.75, 9.625], "texture": "#0"},
				"up": {"uv": [7.625, 9.5, 7.75, 9.625], "texture": "#0"},
				"down": {"uv": [7.625, 9.5, 7.75, 9.625], "texture": "#0"}
			}
		},
		{
			"name": "bt2_10",
			"from": [7.75, 4.125, 7.95],
			"to": [7.875, 4.375, 8.175],
			"rotation": {"angle": 0, "axis": "y", "origin": [0, -2, 8]},
			"faces": {
				"north": {"uv": [7.875, 9.625, 7.75, 9.875], "texture": "#0"},
				"south": {"uv": [7.75, 9.625, 7.875, 9.875], "texture": "#0"},
				"west": {"uv": [7.75, 9.625, 7.875, 9.875], "texture": "#0"},
				"up": {"uv": [7.75, 9.625, 7.875, 9.75], "texture": "#0"},
				"down": {"uv": [7.75, 9.75, 7.875, 9.875], "texture": "#0"}
			}
		},
		{
			"name": "bt2_11",
			"from": [7.75, 3.125, 7.95],
			"to": [7.875, 3.5, 8.175],
			"rotation": {"angle": 0, "axis": "y", "origin": [0, -2, 8]},
			"faces": {
				"north": {"uv": [7.875, 10.5, 7.75, 10.875], "texture": "#0"},
				"south": {"uv": [7.75, 10.5, 7.875, 10.875], "texture": "#0"},
				"west": {"uv": [7.75, 10.5, 7.875, 10.875], "texture": "#0"},
				"up": {"uv": [7.75, 10.5, 7.875, 10.625], "texture": "#0"}
			}
		},
		{
			"name": "bt2_12",
			"from": [8.25, 3.125, 7.95],
			"to": [8.375, 3.5, 8.175],
			"rotation": {"angle": 0, "axis": "y", "origin": [0, -2, 8]},
			"faces": {
				"north": {"uv": [8.375, 10.5, 8.25, 10.875], "texture": "#0"},
				"east": {"uv": [8.25, 10.5, 8.375, 10.875], "texture": "#0"},
				"south": {"uv": [8.25, 10.5, 8.375, 10.875], "texture": "#0"},
				"up": {"uv": [8.25, 10.5, 8.375, 10.625], "texture": "#0"}
			}
		},
		{
			"name": "bt2_13",
			"from": [8.5, 3.375, 7.95],
			"to": [8.625, 3.5, 8.175],
			"rotation": {"angle": 0, "axis": "y", "origin": [0, -2, 8]},
			"faces": {
				"north": {"uv": [8.625, 10.5, 8.5, 10.625], "texture": "#0"},
				"east": {"uv": [8.5, 10.5, 8.625, 10.625], "texture": "#0"},
				"south": {"uv": [8.5, 10.5, 8.625, 10.625], "texture": "#0"},
				"west": {"uv": [8.5, 10.5, 8.625, 10.625], "texture": "#0"},
				"up": {"uv": [8.5, 10.5, 8.625, 10.625], "texture": "#0"},
				"down": {"uv": [8.5, 10.5, 8.625, 10.625], "texture": "#0"}
			}
		},
		{
			"name": "bt2_14",
			"from": [8.375, 3.25, 7.95],
			"to": [8.5, 3.375, 8.175],
			"rotation": {"angle": 0, "axis": "y", "origin": [0, -2, 8]},
			"faces": {
				"north": {"uv": [8.5, 10.625, 8.375, 10.75], "texture": "#0"},
				"east": {"uv": [8.375, 10.625, 8.5, 10.75], "texture": "#0"},
				"south": {"uv": [8.375, 10.625, 8.5, 10.75], "texture": "#0"},
				"up": {"uv": [8.375, 10.625, 8.5, 10.75], "texture": "#0"},
				"down": {"uv": [8.375, 10.625, 8.5, 10.75], "texture": "#0"}
			}
		},
		{
			"name": "bt2_15",
			"from": [8.25, 2.375, 8.1],
			"to": [8.5, 2.625, 8.125],
			"rotation": {"angle": 0, "axis": "y", "origin": [0, -2, 8]},
			"faces": {
				"north": {"uv": [8.5, 11.375, 8.25, 11.625], "texture": "#0"},
				"east": {"uv": [8.375, 11.375, 8.5, 11.625], "texture": "#0"},
				"south": {"uv": [8.25, 11.375, 8.5, 11.625], "texture": "#0"},
				"up": {"uv": [8.25, 11.375, 8.5, 11.5], "texture": "#0"},
				"down": {"uv": [8.25, 11.5, 8.5, 11.625], "texture": "#0"}
			}
		},
		{
			"name": "bt2_16",
			"from": [8.375, 2.25, 8.1],
			"to": [8.625, 2.375, 8.125],
			"rotation": {"angle": 0, "axis": "y", "origin": [0, -2, 8]},
			"faces": {
				"north": {"uv": [8.625, 11.625, 8.375, 11.75], "texture": "#0"},
				"east": {"uv": [8.5, 11.625, 8.625, 11.75], "texture": "#0"},
				"south": {"uv": [8.375, 11.625, 8.625, 11.75], "texture": "#0"},
				"west": {"uv": [8.375, 11.625, 8.5, 11.75], "texture": "#0"},
				"up": {"uv": [8.375, 11.625, 8.625, 11.75], "texture": "#0"},
				"down": {"uv": [8.375, 11.625, 8.625, 11.75], "texture": "#0"}
			}
		},
		{
			"name": "bt2_17",
			"from": [7.5, 0.5, 7.85],
			"to": [7.75, 0.75, 8.275],
			"rotation": {"angle": 0, "axis": "y", "origin": [0, -2, 8]},
			"faces": {
				"north": {"uv": [7.75, 13.25, 7.5, 13.5], "texture": "#0"},
				"east": {"uv": [7.625, 13.25, 7.75, 13.5], "texture": "#0"},
				"south": {"uv": [7.5, 13.25, 7.75, 13.5], "texture": "#0"},
				"west": {"uv": [7.5, 13.25, 7.625, 13.5], "texture": "#0"},
				"up": {"uv": [7.5, 13.25, 7.75, 13.375], "texture": "#0"},
				"down": {"uv": [7.5, 13.375, 7.75, 13.5], "texture": "#0"}
			}
		},
		{
			"name": "bt2_18",
			"from": [7.875, 0.5, 7.85],
			"to": [8.25, 0.75, 8.275],
			"rotation": {"angle": 0, "axis": "y", "origin": [0, -2, 8]},
			"faces": {
				"north": {"uv": [8.25, 13.25, 7.875, 13.5], "texture": "#0"},
				"east": {"uv": [8.125, 13.25, 8.25, 13.5], "texture": "#0"},
				"south": {"uv": [7.875, 13.25, 8.25, 13.5], "texture": "#0"},
				"west": {"uv": [7.875, 13.25, 8, 13.5], "texture": "#0"},
				"up": {"uv": [7.875, 13.25, 8.25, 13.375], "texture": "#0"},
				"down": {"uv": [7.875, 13.375, 8.25, 13.5], "texture": "#0"}
			}
		},
		{
			"name": "bt2_19",
			"from": [8.375, 0.5, 7.85],
			"to": [8.625, 0.75, 8.275],
			"rotation": {"angle": 0, "axis": "y", "origin": [0, -2, 8]},
			"faces": {
				"north": {"uv": [8.625, 13.25, 8.375, 13.5], "texture": "#0"},
				"east": {"uv": [8.5, 13.25, 8.625, 13.5], "texture": "#0"},
				"south": {"uv": [8.375, 13.25, 8.625, 13.5], "texture": "#0"},
				"west": {"uv": [8.375, 13.25, 8.5, 13.5], "texture": "#0"},
				"up": {"uv": [8.375, 13.25, 8.625, 13.375], "texture": "#0"},
				"down": {"uv": [8.375, 13.375, 8.625, 13.5], "texture": "#0"}
			}
		},
		{
			"name": "bt2_20",
			"from": [7.75, 0.375, 7.85],
			"to": [7.875, 0.625, 8.275],
			"rotation": {"angle": 0, "axis": "y", "origin": [0, -2, 8]},
			"faces": {
				"north": {"uv": [7.875, 13.375, 7.75, 13.625], "texture": "#0"},
				"east": {"uv": [7.75, 13.375, 7.875, 13.625], "texture": "#0"},
				"south": {"uv": [7.75, 13.375, 7.875, 13.625], "texture": "#0"},
				"up": {"uv": [7.75, 13.375, 7.875, 13.5], "texture": "#0"},
				"down": {"uv": [7.75, 13.5, 7.875, 13.625], "texture": "#0"}
			}
		},
		{
			"name": "bt2_21",
			"from": [8.25, 0.375, 7.85],
			"to": [8.375, 0.625, 8.275],
			"rotation": {"angle": 0, "axis": "y", "origin": [0, -2, 8]},
			"faces": {
				"north": {"uv": [8.375, 13.375, 8.25, 13.625], "texture": "#0"},
				"south": {"uv": [8.25, 13.375, 8.375, 13.625], "texture": "#0"},
				"west": {"uv": [8.25, 13.375, 8.375, 13.625], "texture": "#0"},
				"up": {"uv": [8.25, 13.375, 8.375, 13.5], "texture": "#0"},
				"down": {"uv": [8.25, 13.5, 8.375, 13.625], "texture": "#0"}
			}
		},
		{
			"name": "bt2_22",
			"from": [7.625, 0.375, 7.85],
			"to": [7.75, 0.5, 8.275],
			"rotation": {"angle": 0, "axis": "y", "origin": [0, -2, 8]},
			"faces": {
				"north": {"uv": [7.75, 13.5, 7.625, 13.625], "texture": "#0"},
				"south": {"uv": [7.625, 13.5, 7.75, 13.625], "texture": "#0"},
				"west": {"uv": [7.625, 13.5, 7.75, 13.625], "texture": "#0"},
				"down": {"uv": [7.625, 13.5, 7.75, 13.625], "texture": "#0"}
			}
		},
		{
			"name": "bt2_23",
			"from": [8.375, 0.375, 7.85],
			"to": [8.5, 0.5, 8.275],
			"rotation": {"angle": 0, "axis": "y", "origin": [0, -2, 8]},
			"faces": {
				"north": {"uv": [8.5, 13.5, 8.375, 13.625], "texture": "#0"},
				"east": {"uv": [8.375, 13.5, 8.5, 13.625], "texture": "#0"},
				"south": {"uv": [8.375, 13.5, 8.5, 13.625], "texture": "#0"},
				"down": {"uv": [8.375, 13.5, 8.5, 13.625], "texture": "#0"}
			}
		},
		{
			"name": "bt3_0",
			"from": [8, 2.75, 7.85],
			"to": [8.125, 4.25, 8.275],
			"rotation": {"angle": 0, "axis": "y", "origin": [0, -2, 8]},
			"faces": {
				"north": {"uv": [8.125, 9.75, 8, 11.25], "texture": "#0"},
				"east": {"uv": [8, 9.75, 8.125, 11.25], "texture": "#0"},
				"south": {"uv": [8, 9.75, 8.125, 11.25], "texture": "#0"},
				"west": {"uv": [8, 9.75, 8.125, 11.25], "texture": "#0"},
				"up": {"uv": [8, 9.75, 8.125, 9.875], "texture": "#0"},
				"down": {"uv": [8, 11.125, 8.125, 11.25], "texture": "#0"}
			}
		},
		{
			"name": "bt3_1",
			"from": [7.875, 2.75, 7.85],
			"to": [8, 3.5, 8.275],
			"rotation": {"angle": 0, "axis": "y", "origin": [0, -2, 8]},
			"faces": {
				"north": {"uv": [8, 10.5, 7.875, 11.25], "texture": "#0"},
				"south": {"uv": [7.875, 10.5, 8, 11.25], "texture": "#0"},
				"west": {"uv": [7.875, 10.5, 8, 11.25], "texture": "#0"},
				"up": {"uv": [7.875, 10.5, 8, 10.625], "texture": "#0"},
				"down": {"uv": [7.875, 11.125, 8, 11.25], "texture": "#0"}
			}
		},
		{
			"name": "bt3_2",
			"from": [8.125, 2.75, 7.85],
			"to": [8.25, 3.5, 8.275],
			"rotation": {"angle": 0, "axis": "y", "origin": [0, -2, 8]},
			"faces": {
				"north": {"uv": [8.25, 10.5, 8.125, 11.25], "texture": "#0"},
				"east": {"uv": [8.125, 10.5, 8.25, 11.25], "texture": "#0"},
				"south": {"uv": [8.125, 10.5, 8.25, 11.25], "texture": "#0"},
				"up": {"uv": [8.125, 10.5, 8.25, 10.625], "texture": "#0"},
				"down": {"uv": [8.125, 11.125, 8.25, 11.25], "texture": "#0"}
			}
		},
		{
			"name": "bt3_3",
			"from": [7.375, 2.875, 7.85],
			"to": [7.875, 3.125, 8.275],
			"rotation": {"angle": 0, "axis": "y", "origin": [0, -2, 8]},
			"faces": {
				"north": {"uv": [7.875, 10.875, 7.375, 11.125], "texture": "#0"},
				"south": {"uv": [7.375, 10.875, 7.875, 11.125], "texture": "#0"},
				"west": {"uv": [7.375, 10.875, 7.5, 11.125], "texture": "#0"},
				"up": {"uv": [7.375, 10.875, 7.875, 11], "texture": "#0"},
				"down": {"uv": [7.375, 11, 7.875, 11.125], "texture": "#0"}
			}
		},
		{
			"name": "bt3_4",
			"from": [8.25, 2.875, 7.85],
			"to": [8.75, 3.125, 8.275],
			"rotation": {"angle": 0, "axis": "y", "origin": [0, -2, 8]},
			"faces": {
				"north": {"uv": [8.75, 10.875, 8.25, 11.125], "texture": "#0"},
				"east": {"uv": [8.625, 10.875, 8.75, 11.125], "texture": "#0"},
				"south": {"uv": [8.25, 10.875, 8.75, 11.125], "texture": "#0"},
				"up": {"uv": [8.25, 10.875, 8.75, 11], "texture": "#0"},
				"down": {"uv": [8.25, 11, 8.75, 11.125], "texture": "#0"}
			}
		},
		{
			"name": "bt3_5",
			"from": [7.25, 2.5, 7.85],
			"to": [7.375, 3, 8.275],
			"rotation": {"angle": 0, "axis": "y", "origin": [0, -2, 8]},
			"faces": {
				"north": {"uv": [7.375, 11, 7.25, 11.5], "texture": "#0"},
				"east": {"uv": [7.25, 11, 7.375, 11.5], "texture": "#0"},
				"south": {"uv": [7.25, 11, 7.375, 11.5], "texture": "#0"},
				"west": {"uv": [7.25, 11, 7.375, 11.5], "texture": "#0"},
				"up": {"uv": [7.25, 11, 7.375, 11.125], "texture": "#0"},
				"down": {"uv": [7.25, 11.375, 7.375, 11.5], "texture": "#0"}
			}
		},
		{
			"name": "bt3_6",
			"from": [8.75, 2.5, 7.85],
			"to": [8.875, 3, 8.275],
			"rotation": {"angle": 0, "axis": "y", "origin": [0, -2, 8]},
			"faces": {
				"north": {"uv": [8.875, 11, 8.75, 11.5], "texture": "#0"},
				"east": {"uv": [8.75, 11, 8.875, 11.5], "texture": "#0"},
				"south": {"uv": [8.75, 11, 8.875, 11.5], "texture": "#0"},
				"west": {"uv": [8.75, 11, 8.875, 11.5], "texture": "#0"},
				"up": {"uv": [8.75, 11, 8.875, 11.125], "texture": "#0"},
				"down": {"uv": [8.75, 11.375, 8.875, 11.5], "texture": "#0"}
			}
		},
		{
			"name": "bt3_7",
			"from": [7.125, 2.625, 7.85],
			"to": [7.25, 2.875, 8.275],
			"rotation": {"angle": 0, "axis": "y", "origin": [0, -2, 8]},
			"faces": {
				"north": {"uv": [7.25, 11.125, 7.125, 11.375], "texture": "#0"},
				"south": {"uv": [7.125, 11.125, 7.25, 11.375], "texture": "#0"},
				"west": {"uv": [7.125, 11.125, 7.25, 11.375], "texture": "#0"},
				"up": {"uv": [7.125, 11.125, 7.25, 11.25], "texture": "#0"},
				"down": {"uv": [7.125, 11.25, 7.25, 11.375], "texture": "#0"}
			}
		},
		{
			"name": "bt3_8",
			"from": [7.375, 2.75, 7.85],
			"to": [7.625, 2.875, 8.275],
			"rotation": {"angle": 0, "axis": "y", "origin": [0, -2, 8]},
			"faces": {
				"north": {"uv": [7.625, 11.125, 7.375, 11.25], "texture": "#0"},
				"east": {"uv": [7.5, 11.125, 7.625, 11.25], "texture": "#0"},
				"south": {"uv": [7.375, 11.125, 7.625, 11.25], "texture": "#0"},
				"down": {"uv": [7.375, 11.125, 7.625, 11.25], "texture": "#0"}
			}
		},
		{
			"name": "bt3_9",
			"from": [7.75, 2.75, 7.85],
			"to": [7.875, 2.875, 8.275],
			"rotation": {"angle": 0, "axis": "y", "origin": [0, -2, 8]},
			"faces": {
				"north": {"uv": [7.875, 11.125, 7.75, 11.25], "texture": "#0"},
				"south": {"uv": [7.75, 11.125, 7.875, 11.25], "texture": "#0"},
				"west": {"uv": [7.75, 11.125, 7.875, 11.25], "texture": "#0"},
				"down": {"uv": [7.75, 11.125, 7.875, 11.25], "texture": "#0"}
			}
		},
		{
			"name": "bt3_10",
			"from": [8.25, 2.75, 7.85],
			"to": [8.375, 2.875, 8.275],
			"rotation": {"angle": 0, "axis": "y", "origin": [0, -2, 8]},
			"faces": {
				"north": {"uv": [8.375, 11.125, 8.25, 11.25], "texture": "#0"},
				"east": {"uv": [8.25, 11.125, 8.375, 11.25], "texture": "#0"},
				"south": {"uv": [8.25, 11.125, 8.375, 11.25], "texture": "#0"},
				"down": {"uv": [8.25, 11.125, 8.375, 11.25], "texture": "#0"}
			}
		},
		{
			"name": "bt3_11",
			"from": [8.5, 2.75, 7.85],
			"to": [8.75, 2.875, 8.275],
			"rotation": {"angle": 0, "axis": "y", "origin": [0, -2, 8]},
			"faces": {
				"north": {"uv": [8.75, 11.125, 8.5, 11.25], "texture": "#0"},
				"south": {"uv": [8.5, 11.125, 8.75, 11.25], "texture": "#0"},
				"west": {"uv": [8.5, 11.125, 8.625, 11.25], "texture": "#0"},
				"down": {"uv": [8.5, 11.125, 8.75, 11.25], "texture": "#0"}
			}
		},
		{
			"name": "bt3_12",
			"from": [8.875, 2.625, 7.85],
			"to": [9, 2.875, 8.275],
			"rotation": {"angle": 0, "axis": "y", "origin": [0, -2, 8]},
			"faces": {
				"north": {"uv": [9, 11.125, 8.875, 11.375], "texture": "#0"},
				"east": {"uv": [8.875, 11.125, 9, 11.375], "texture": "#0"},
				"south": {"uv": [8.875, 11.125, 9, 11.375], "texture": "#0"},
				"up": {"uv": [8.875, 11.125, 9, 11.25], "texture": "#0"},
				"down": {"uv": [8.875, 11.25, 9, 11.375], "texture": "#0"}
			}
		},
		{
			"name": "bt3_13",
			"from": [7.375, 2.5, 7.85],
			"to": [7.5, 2.625, 8.275],
			"rotation": {"angle": 0, "axis": "y", "origin": [0, -2, 8]},
			"faces": {
				"north": {"uv": [7.5, 11.375, 7.375, 11.5], "texture": "#0"},
				"east": {"uv": [7.375, 11.375, 7.5, 11.5], "texture": "#0"},
				"south": {"uv": [7.375, 11.375, 7.5, 11.5], "texture": "#0"},
				"up": {"uv": [7.375, 11.375, 7.5, 11.5], "texture": "#0"},
				"down": {"uv": [7.375, 11.375, 7.5, 11.5], "texture": "#0"}
			}
		},
		{
			"name": "bt3_14",
			"from": [8.625, 2.5, 7.85],
			"to": [8.75, 2.625, 8.275],
			"rotation": {"angle": 0, "axis": "y", "origin": [0, -2, 8]},
			"faces": {
				"north": {"uv": [8.75, 11.375, 8.625, 11.5], "texture": "#0"},
				"south": {"uv": [8.625, 11.375, 8.75, 11.5], "texture": "#0"},
				"west": {"uv": [8.625, 11.375, 8.75, 11.5], "texture": "#0"},
				"up": {"uv": [8.625, 11.375, 8.75, 11.5], "texture": "#0"},
				"down": {"uv": [8.625, 11.375, 8.75, 11.5], "texture": "#0"}
			}
		},
		{
			"name": "bt1_0",
			"from": [8, 8.625, 8],
			"to": [8.125, 9, 8.125],
			"rotation": {"angle": 0, "axis": "y", "origin": [0, -2, 8]},
			"faces": {
				"north": {"uv": [8.125, 5, 8, 5.375], "texture": "#0"},
				"east": {"uv": [8, 5, 8.125, 5.375], "texture": "#0"},
				"south": {"uv": [8, 5, 8.125, 5.375], "texture": "#0"},
				"west": {"uv": [8, 5, 8.125, 5.375], "texture": "#0"},
				"up": {"uv": [8, 5, 8.125, 5.125], "texture": "#0"}
			}
		},
		{
			"name": "bt1_1",
			"from": [7.875, 8.25, 8],
			"to": [8, 8.625, 8.125],
			"rotation": {"angle": 0, "axis": "y", "origin": [0, -2, 8]},
			"faces": {
				"north": {"uv": [8, 5.375, 7.875, 5.75], "texture": "#0"},
				"south": {"uv": [7.875, 5.375, 8, 5.75], "texture": "#0"},
				"west": {"uv": [7.875, 5.375, 8, 5.75], "texture": "#0"},
				"up": {"uv": [7.875, 5.375, 8, 5.5], "texture": "#0"}
			}
		},
		{
			"name": "bt1_2",
			"from": [8.125, 8.25, 8],
			"to": [8.25, 8.625, 8.125],
			"rotation": {"angle": 0, "axis": "y", "origin": [0, -2, 8]},
			"faces": {
				"north": {"uv": [8.25, 5.375, 8.125, 5.75], "texture": "#0"},
				"east": {"uv": [8.125, 5.375, 8.25, 5.75], "texture": "#0"},
				"south": {"uv": [8.125, 5.375, 8.25, 5.75], "texture": "#0"},
				"up": {"uv": [8.125, 5.375, 8.25, 5.5], "texture": "#0"}
			}
		},
		{
			"name": "bt1_3",
			"from": [7.75, 6.25, 8],
			"to": [7.875, 8.25, 8.125],
			"rotation": {"angle": 0, "axis": "y", "origin": [0, -2, 8]},
			"faces": {
				"north": {"uv": [7.875, 5.75, 7.75, 7.75], "texture": "#0"},
				"south": {"uv": [7.75, 5.75, 7.875, 7.75], "texture": "#0"},
				"west": {"uv": [7.75, 5.75, 7.875, 7.75], "texture": "#0"},
				"up": {"uv": [7.75, 5.75, 7.875, 5.875], "texture": "#0"}
			}
		},
		{
			"name": "bt1_4",
			"from": [8.25, 6.875, 8],
			"to": [8.375, 8.25, 8.125],
			"rotation": {"angle": 0, "axis": "y", "origin": [0, -2, 8]},
			"faces": {
				"north": {"uv": [8.375, 5.75, 8.25, 7.125], "texture": "#0"},
				"east": {"uv": [8.25, 5.75, 8.375, 7.125], "texture": "#0"},
				"south": {"uv": [8.25, 5.75, 8.375, 7.125], "texture": "#0"},
				"up": {"uv": [8.25, 5.75, 8.375, 5.875], "texture": "#0"}
			}
		},
		{
			"name": "bt1_5",
			"from": [8.5, 6.875, 8],
			"to": [8.625, 7.25, 8.125],
			"rotation": {"angle": 0, "axis": "y", "origin": [0, -2, 8]},
			"faces": {
				"north": {"uv": [8.625, 6.75, 8.5, 7.125], "texture": "#0"},
				"east": {"uv": [8.5, 6.75, 8.625, 7.125], "texture": "#0"},
				"south": {"uv": [8.5, 6.75, 8.625, 7.125], "texture": "#0"},
				"west": {"uv": [8.5, 6.75, 8.625, 7.125], "texture": "#0"},
				"up": {"uv": [8.5, 6.75, 8.625, 6.875], "texture": "#0"},
				"down": {"uv": [8.5, 7, 8.625, 7.125], "texture": "#0"}
			}
		},
		{
			"name": "bt1_6",
			"from": [8.375, 7, 8],
			"to": [8.5, 7.125, 8.125],
			"rotation": {"angle": 0, "axis": "y", "origin": [0, -2, 8]},
			"faces": {
				"north": {"uv": [8.5, 6.875, 8.375, 7], "texture": "#0"},
				"south": {"uv": [8.375, 6.875, 8.5, 7], "texture": "#0"},
				"up": {"uv": [8.375, 6.875, 8.5, 7], "texture": "#0"}
			}
		},
		{
			"name": "bt1_7",
			"from": [8.375, 6.625, 8],
			"to": [8.5, 6.875, 8.125],
			"rotation": {"angle": 0, "axis": "y", "origin": [0, -2, 8]},
			"faces": {
				"north": {"uv": [8.5, 7.125, 8.375, 7.375], "texture": "#0"},
				"east": {"uv": [8.375, 7.125, 8.5, 7.375], "texture": "#0"},
				"south": {"uv": [8.375, 7.125, 8.5, 7.375], "texture": "#0"},
				"down": {"uv": [8.375, 7.25, 8.5, 7.375], "texture": "#0"}
			}
		},
		{
			"name": "bt1_8",
			"from": [7.375, 6.5, 8],
			"to": [7.5, 6.625, 8.125],
			"rotation": {"angle": 0, "axis": "y", "origin": [0, -2, 8]},
			"faces": {
				"north": {"uv": [7.5, 7.375, 7.375, 7.5], "texture": "#0"},
				"east": {"uv": [7.375, 7.375, 7.5, 7.5], "texture": "#0"},
				"south": {"uv": [7.375, 7.375, 7.5, 7.5], "texture": "#0"},
				"west": {"uv": [7.375, 7.375, 7.5, 7.5], "texture": "#0"},
				"up": {"uv": [7.375, 7.375, 7.5, 7.5], "texture": "#0"},
				"down": {"uv": [7.375, 7.375, 7.5, 7.5], "texture": "#0"}
			}
		},
		{
			"name": "bt1_9",
			"from": [8.25, 5.25, 8],
			"to": [8.375, 6.625, 8.125],
			"rotation": {"angle": 0, "axis": "y", "origin": [0, -2, 8]},
			"faces": {
				"north": {"uv": [8.375, 7.375, 8.25, 8.75], "texture": "#0"},
				"east": {"uv": [8.25, 7.375, 8.375, 8.75], "texture": "#0"},
				"south": {"uv": [8.25, 7.375, 8.375, 8.75], "texture": "#0"}
			}
		},
		{
			"name": "bt1_10",
			"from": [7.5, 6.375, 8],
			"to": [7.75, 6.5, 8.125],
			"rotation": {"angle": 0, "axis": "y", "origin": [0, -2, 8]},
			"faces": {
				"north": {"uv": [7.75, 7.5, 7.5, 7.625], "texture": "#0"},
				"south": {"uv": [7.5, 7.5, 7.75, 7.625], "texture": "#0"},
				"west": {"uv": [7.5, 7.5, 7.625, 7.625], "texture": "#0"},
				"up": {"uv": [7.5, 7.5, 7.75, 7.625], "texture": "#0"}
			}
		},
		{
			"name": "bt1_11",
			"from": [7.5, 6.25, 8],
			"to": [7.625, 6.375, 8.125],
			"rotation": {"angle": 0, "axis": "y", "origin": [0, -2, 8]},
			"faces": {
				"north": {"uv": [7.625, 7.625, 7.5, 7.75], "texture": "#0"},
				"south": {"uv": [7.5, 7.625, 7.625, 7.75], "texture": "#0"},
				"west": {"uv": [7.5, 7.625, 7.625, 7.75], "texture": "#0"},
				"down": {"uv": [7.5, 7.625, 7.625, 7.75], "texture": "#0"}
			}
		},
		{
			"name": "bt1_12",
			"from": [7.625, 5.875, 8],
			"to": [7.75, 6.25, 8.125],
			"rotation": {"angle": 0, "axis": "y", "origin": [0, -2, 8]},
			"faces": {
				"north": {"uv": [7.75, 7.75, 7.625, 8.125], "texture": "#0"},
				"south": {"uv": [7.625, 7.75, 7.75, 8.125], "texture": "#0"},
				"west": {"uv": [7.625, 7.75, 7.75, 8.125], "texture": "#0"},
				"down": {"uv": [7.625, 8, 7.75, 8.125], "texture": "#0"}
			}
		},
		{
			"name": "bt1_13",
			"from": [7.75, 4.375, 8],
			"to": [7.875, 5.875, 8.125],
			"rotation": {"angle": 0, "axis": "y", "origin": [0, -2, 8]},
			"faces": {
				"north": {"uv": [7.875, 8.125, 7.75, 9.625], "texture": "#0"},
				"south": {"uv": [7.75, 8.125, 7.875, 9.625], "texture": "#0"},
				"west": {"uv": [7.75, 8.125, 7.875, 9.625], "texture": "#0"}
			}
		},
		{
			"name": "bt1_14",
			"from": [8.5, 5.125, 8],
			"to": [8.625, 5.5, 8.125],
			"rotation": {"angle": 0, "axis": "y", "origin": [0, -2, 8]},
			"faces": {
				"north": {"uv": [8.625, 8.5, 8.5, 8.875], "texture": "#0"},
				"east": {"uv": [8.5, 8.5, 8.625, 8.875], "texture": "#0"},
				"south": {"uv": [8.5, 8.5, 8.625, 8.875], "texture": "#0"},
				"west": {"uv": [8.5, 8.5, 8.625, 8.875], "texture": "#0"},
				"up": {"uv": [8.5, 8.5, 8.625, 8.625], "texture": "#0"},
				"down": {"uv": [8.5, 8.75, 8.625, 8.875], "texture": "#0"}
			}
		},
		{
			"name": "bt1_15",
			"from": [8.375, 5.25, 8],
			"to": [8.5, 5.375, 8.125],
			"rotation": {"angle": 0, "axis": "y", "origin": [0, -2, 8]},
			"faces": {
				"north": {"uv": [8.5, 8.625, 8.375, 8.75], "texture": "#0"},
				"south": {"uv": [8.375, 8.625, 8.5, 8.75], "texture": "#0"},
				"up": {"uv": [8.375, 8.625, 8.5, 8.75], "texture": "#0"}
			}
		},
		{
			"name": "bt1_16",
			"from": [8.375, 4.875, 8],
			"to": [8.5, 5.125, 8.125],
			"rotation": {"angle": 0, "axis": "y", "origin": [0, -2, 8]},
			"faces": {
				"north": {"uv": [8.5, 8.875, 8.375, 9.125], "texture": "#0"},
				"east": {"uv": [8.375, 8.875, 8.5, 9.125], "texture": "#0"},
				"south": {"uv": [8.375, 8.875, 8.5, 9.125], "texture": "#0"},
				"down": {"uv": [8.375, 9, 8.5, 9.125], "texture": "#0"}
			}
		},
		{
			"name": "bt1_17",
			"from": [8.25, 3.5, 8],
			"to": [8.375, 4.875, 8.125],
			"rotation": {"angle": 0, "axis": "y", "origin": [0, -2, 8]},
			"faces": {
				"north": {"uv": [8.375, 9.125, 8.25, 10.5], "texture": "#0"},
				"east": {"uv": [8.25, 9.125, 8.375, 10.5], "texture": "#0"},
				"south": {"uv": [8.25, 9.125, 8.375, 10.5], "texture": "#0"}
			}
		},
		{
			"name": "bt1_18",
			"from": [7.5, 4.375, 8],
			"to": [7.625, 4.75, 8.125],
			"rotation": {"angle": 0, "axis": "y", "origin": [0, -2, 8]},
			"faces": {
				"north": {"uv": [7.625, 9.25, 7.5, 9.625], "texture": "#0"},
				"east": {"uv": [7.5, 9.25, 7.625, 9.625], "texture": "#0"},
				"south": {"uv": [7.5, 9.25, 7.625, 9.625], "texture": "#0"},
				"west": {"uv": [7.5, 9.25, 7.625, 9.625], "texture": "#0"},
				"up": {"uv": [7.5, 9.25, 7.625, 9.375], "texture": "#0"},
				"down": {"uv": [7.5, 9.5, 7.625, 9.625], "texture": "#0"}
			}
		},
		{
			"name": "bt1_19",
			"from": [7.625, 4.5, 8],
			"to": [7.75, 4.625, 8.125],
			"rotation": {"angle": 0, "axis": "y", "origin": [0, -2, 8]},
			"faces": {
				"north": {"uv": [7.75, 9.375, 7.625, 9.5], "texture": "#0"},
				"south": {"uv": [7.625, 9.375, 7.75, 9.5], "texture": "#0"},
				"up": {"uv": [7.625, 9.375, 7.75, 9.5], "texture": "#0"}
			}
		},
		{
			"name": "bt1_20",
			"from": [7.625, 4.125, 8],
			"to": [7.75, 4.375, 8.125],
			"rotation": {"angle": 0, "axis": "y", "origin": [0, -2, 8]},
			"faces": {
				"north": {"uv": [7.75, 9.625, 7.625, 9.875], "texture": "#0"},
				"south": {"uv": [7.625, 9.625, 7.75, 9.875], "texture": "#0"},
				"west": {"uv": [7.625, 9.625, 7.75, 9.875], "texture": "#0"},
				"down": {"uv": [7.625, 9.75, 7.75, 9.875], "texture": "#0"}
			}
		},
		{
			"name": "bt1_21",
			"from": [7.75, 3.5, 8],
			"to": [7.875, 4.125, 8.125],
			"rotation": {"angle": 0, "axis": "y", "origin": [0, -2, 8]},
			"faces": {
				"north": {"uv": [7.875, 9.875, 7.75, 10.5], "texture": "#0"},
				"south": {"uv": [7.75, 9.875, 7.875, 10.5], "texture": "#0"},
				"west": {"uv": [7.75, 9.875, 7.875, 10.5], "texture": "#0"}
			}
		},
		{
			"name": "bt1_22",
			"from": [8.75, 3.625, 8],
			"to": [8.875, 3.75, 8.125],
			"rotation": {"angle": 0, "axis": "y", "origin": [0, -2, 8]},
			"faces": {
				"north": {"uv": [8.875, 10.25, 8.75, 10.375], "texture": "#0"},
				"east": {"uv": [8.75, 10.25, 8.875, 10.375], "texture": "#0"},
				"south": {"uv": [8.75, 10.25, 8.875, 10.375], "texture": "#0"},
				"west": {"uv": [8.75, 10.25, 8.875, 10.375], "texture": "#0"},
				"up": {"uv": [8.75, 10.25, 8.875, 10.375], "texture": "#0"},
				"down": {"uv": [8.75, 10.25, 8.875, 10.375], "texture": "#0"}
			}
		},
		{
			"name": "bt1_23",
			"from": [8.5, 3.5, 8],
			"to": [8.75, 3.625, 8.125],
			"rotation": {"angle": 0, "axis": "y", "origin": [0, -2, 8]},
			"faces": {
				"north": {"uv": [8.75, 10.375, 8.5, 10.5], "texture": "#0"},
				"east": {"uv": [8.625, 10.375, 8.75, 10.5], "texture": "#0"},
				"south": {"uv": [8.5, 10.375, 8.75, 10.5], "texture": "#0"},
				"west": {"uv": [8.5, 10.375, 8.625, 10.5], "texture": "#0"},
				"up": {"uv": [8.5, 10.375, 8.75, 10.5], "texture": "#0"}
			}
		},
		{
			"name": "bt1_24",
			"from": [7.5, 3.375, 8],
			"to": [7.625, 3.5, 8.125],
			"rotation": {"angle": 0, "axis": "y", "origin": [0, -2, 8]},
			"faces": {
				"north": {"uv": [7.625, 10.5, 7.5, 10.625], "texture": "#0"},
				"east": {"uv": [7.5, 10.5, 7.625, 10.625], "texture": "#0"},
				"south": {"uv": [7.5, 10.5, 7.625, 10.625], "texture": "#0"},
				"west": {"uv": [7.5, 10.5, 7.625, 10.625], "texture": "#0"},
				"up": {"uv": [7.5, 10.5, 7.625, 10.625], "texture": "#0"},
				"down": {"uv": [7.5, 10.5, 7.625, 10.625], "texture": "#0"}
			}
		},
		{
			"name": "bt1_25",
			"from": [8.375, 3.375, 8],
			"to": [8.5, 3.5, 8.125],
			"rotation": {"angle": 0, "axis": "y", "origin": [0, -2, 8]},
			"faces": {
				"north": {"uv": [8.5, 10.5, 8.375, 10.625], "texture": "#0"},
				"south": {"uv": [8.375, 10.5, 8.5, 10.625], "texture": "#0"},
				"up": {"uv": [8.375, 10.5, 8.5, 10.625], "texture": "#0"}
			}
		},
		{
			"name": "bt1_26",
			"from": [8.625, 3.375, 8],
			"to": [8.75, 3.5, 8.125],
			"rotation": {"angle": 0, "axis": "y", "origin": [0, -2, 8]},
			"faces": {
				"north": {"uv": [8.75, 10.5, 8.625, 10.625], "texture": "#0"},
				"east": {"uv": [8.625, 10.5, 8.75, 10.625], "texture": "#0"},
				"south": {"uv": [8.625, 10.5, 8.75, 10.625], "texture": "#0"},
				"down": {"uv": [8.625, 10.5, 8.75, 10.625], "texture": "#0"}
			}
		},
		{
			"name": "bt1_27",
			"from": [7.625, 3.125, 8],
			"to": [7.75, 3.375, 8.125],
			"rotation": {"angle": 0, "axis": "y", "origin": [0, -2, 8]},
			"faces": {
				"north": {"uv": [7.75, 10.625, 7.625, 10.875], "texture": "#0"},
				"south": {"uv": [7.625, 10.625, 7.75, 10.875], "texture": "#0"},
				"west": {"uv": [7.625, 10.625, 7.75, 10.875], "texture": "#0"},
				"up": {"uv": [7.625, 10.625, 7.75, 10.75], "texture": "#0"}
			}
		},
		{
			"name": "bt1_28",
			"from": [8.5, 3.25, 8],
			"to": [8.625, 3.375, 8.125],
			"rotation": {"angle": 0, "axis": "y", "origin": [0, -2, 8]},
			"faces": {
				"north": {"uv": [8.625, 10.625, 8.5, 10.75], "texture": "#0"},
				"east": {"uv": [8.5, 10.625, 8.625, 10.75], "texture": "#0"},
				"south": {"uv": [8.5, 10.625, 8.625, 10.75], "texture": "#0"},
				"down": {"uv": [8.5, 10.625, 8.625, 10.75], "texture": "#0"}
			}
		},
		{
			"name": "bt1_29",
			"from": [8.375, 3.125, 8],
			"to": [8.5, 3.25, 8.125],
			"rotation": {"angle": 0, "axis": "y", "origin": [0, -2, 8]},
			"faces": {
				"north": {"uv": [8.5, 10.75, 8.375, 10.875], "texture": "#0"},
				"east": {"uv": [8.375, 10.75, 8.5, 10.875], "texture": "#0"},
				"south": {"uv": [8.375, 10.75, 8.5, 10.875], "texture": "#0"}
			}
		},
		{
			"name": "bt1_30",
			"from": [7.875, 0.75, 7.9],
			"to": [8.25, 2.75, 8.225],
			"rotation": {"angle": 0, "axis": "y", "origin": [0, -2, 8]},
			"faces": {
				"north": {"uv": [8.25, 11.25, 7.875, 13.25], "texture": "#0"},
				"east": {"uv": [8.125, 11.25, 8.25, 13.25], "texture": "#0"},
				"south": {"uv": [7.875, 11.25, 8.25, 13.25], "texture": "#0"},
				"west": {"uv": [7.875, 11.25, 8, 13.25], "texture": "#0"}
			}
		},
		{
			"name": "bt1_31",
			"from": [7.875, 0.375, 7.95],
			"to": [8, 0.5, 8.175],
			"rotation": {"angle": 0, "axis": "y", "origin": [0, -2, 8]},
			"faces": {
				"north": {"uv": [8, 13.5, 7.875, 13.625], "texture": "#0"},
				"east": {"uv": [7.875, 13.5, 8, 13.625], "texture": "#0"},
				"south": {"uv": [7.875, 13.5, 8, 13.625], "texture": "#0"},
				"down": {"uv": [7.875, 13.5, 8, 13.625], "texture": "#0"}
			}
		},
		{
			"name": "bt1_32",
			"from": [8.125, 0.375, 7.95],
			"to": [8.25, 0.5, 8.175],
			"rotation": {"angle": 0, "axis": "y", "origin": [0, -2, 8]},
			"faces": {
				"north": {"uv": [8.25, 13.5, 8.125, 13.625], "texture": "#0"},
				"south": {"uv": [8.125, 13.5, 8.25, 13.625], "texture": "#0"},
				"west": {"uv": [8.125, 13.5, 8.25, 13.625], "texture": "#0"},
				"down": {"uv": [8.125, 13.5, 8.25, 13.625], "texture": "#0"}
			}
		},
		{
			"name": "bt1_33",
			"from": [7.75, 0.125, 7.95],
			"to": [7.875, 0.375, 8.175],
			"rotation": {"angle": 0, "axis": "y", "origin": [0, -2, 8]},
			"faces": {
				"north": {"uv": [7.875, 13.625, 7.75, 13.875], "texture": "#0"},
				"east": {"uv": [7.75, 13.625, 7.875, 13.875], "texture": "#0"},
				"south": {"uv": [7.75, 13.625, 7.875, 13.875], "texture": "#0"},
				"west": {"uv": [7.75, 13.625, 7.875, 13.875], "texture": "#0"},
				"down": {"uv": [7.75, 13.75, 7.875, 13.875], "texture": "#0"}
			}
		},
		{
			"name": "bt1_34",
			"from": [8.25, 0.125, 7.95],
			"to": [8.375, 0.375, 8.175],
			"rotation": {"angle": 0, "axis": "y", "origin": [0, -2, 8]},
			"faces": {
				"north": {"uv": [8.375, 13.625, 8.25, 13.875], "texture": "#0"},
				"east": {"uv": [8.25, 13.625, 8.375, 13.875], "texture": "#0"},
				"south": {"uv": [8.25, 13.625, 8.375, 13.875], "texture": "#0"},
				"west": {"uv": [8.25, 13.625, 8.375, 13.875], "texture": "#0"},
				"down": {"uv": [8.25, 13.75, 8.375, 13.875], "texture": "#0"}
			}
		},
		{
			"name": "bt1_35",
			"from": [7.875, 0, 7.95],
			"to": [8.25, 0.125, 8.175],
			"rotation": {"angle": 0, "axis": "y", "origin": [0, -2, 8]},
			"faces": {
				"north": {"uv": [8.25, 13.875, 7.875, 14], "texture": "#0"},
				"east": {"uv": [8.125, 13.875, 8.25, 14], "texture": "#0"},
				"south": {"uv": [7.875, 13.875, 8.25, 14], "texture": "#0"},
				"west": {"uv": [7.875, 13.875, 8, 14], "texture": "#0"},
				"up": {"uv": [7.875, 13.875, 8.25, 14], "texture": "#0"},
				"down": {"uv": [7.875, 13.875, 8.25, 14], "texture": "#0"}
			}
		}
	],
	"gui_light": "front",
	"display": {
		"thirdperson_righthand": {
			"rotation": [0, -90, 0],
			"translation": [-0.25, 17.75, 1],
			"scale": [3.15, 3.15, 2.5]
		},
		"thirdperson_lefthand": {
			"rotation": [0, 90, 0],
			"translation": [-0.25, 17.75, 1],
			"scale": [3.15, 3.15, 2.5]
		},
		"firstperson_righthand": {
			"rotation": [8, -90, 0],
			"translation": [0, 13.25, 2],
			"scale": [2.1, 2.1, 2]
		},
		"firstperson_lefthand": {
			"rotation": [8, 90, 0],
			"translation": [0, 13.25, 2],
			"scale": [2.1, 2.1, 2]
		},
		"ground": {
			"translation": [0, 11.25, 0],
			"scale": [2, 2, 2]
		},
		"gui": {
			"rotation": [0, 0, -43],
			"translation": [7.5, 8.5, 0],
			"scale": [3, 3, 2]
		},
		"head": {
			"rotation": [0, 0, 144],
			"translation": [-6.25, -26.75, 3.75],
			"scale": [4, 4, 3.75]
		},
		"fixed": {
			"rotation": [0, 180, -44],
			"translation": [-10, 11, -0.75],
			"scale": [3.8, 3.8, 2.5]
		}
	},
	"groups": [
		{
			"name": "bt2",
			"origin": [8, 8, 8],
			"color": 0,
			"children": [0, 1, 2, 3, 4, 5, 6, 7, 8, 9, 10, 11, 12, 13, 14, 15, 16, 17, 18, 19, 20, 21, 22, 23]
		},
		{
			"name": "bt3",
			"origin": [8, 8, 8],
			"color": 0,
			"children": [24, 25, 26, 27, 28, 29, 30, 31, 32, 33, 34, 35, 36, 37, 38]
		},
		{
			"name": "bt1",
			"origin": [8, 8, 8],
			"color": 0,
			"children": [39, 40, 41, 42, 43, 44, 45, 46, 47, 48, 49, 50, 51, 52, 53, 54, 55, 56, 57, 58, 59, 60, 61, 62, 63, 64, 65, 66, 67, 68, 69, 70, 71, 72, 73, 74]
		}
	]
}