{
	"credit": "Made with Blockbench",
	"textures": {
		"0": "simplyswords:item/brimstone_claymore",
		"1": "simplyswords:item/brimstone_layer",
		"particle": "simplyswords:item/brimstone_claymore"
	},
	"elements": [
		{
			"name": "b1_0",
			"from": [7.975, 12.05, 8],
			"to": [8.1, 13.05, 8.125],
			"rotation": {"angle": 0, "axis": "y", "origin": [0.1, -0.7, 8]},
			"faces": {
				"north": {"uv": [8, 2.25, 7.875, 3.25], "texture": "#0"},
				"east": {"uv": [7.875, 2.25, 8, 3.25], "texture": "#0"},
				"south": {"uv": [7.875, 2.25, 8, 3.25], "texture": "#0"},
				"west": {"uv": [7.875, 2.25, 8, 3.25], "texture": "#0"},
				"up": {"uv": [7.875, 2.25, 8, 2.375], "texture": "#0"},
				"down": {"uv": [7.875, 3.125, 8, 3.25], "texture": "#0"}
			}
		},
		{
			"name": "b1_1",
			"from": [7.85, 11.8, 8],
			"to": [7.975, 12.675, 8.125],
			"rotation": {"angle": 0, "axis": "y", "origin": [0.1, -0.7, 8]},
			"faces": {
				"north": {"uv": [7.875, 2.625, 7.75, 3.5], "texture": "#0"},
				"east": {"uv": [7.75, 2.625, 7.875, 3.5], "texture": "#0"},
				"south": {"uv": [7.75, 2.625, 7.875, 3.5], "texture": "#0"},
				"west": {"uv": [7.75, 2.625, 7.875, 3.5], "texture": "#0"},
				"up": {"uv": [7.75, 2.625, 7.875, 2.75], "texture": "#0"},
				"down": {"uv": [7.75, 3.375, 7.875, 3.5], "texture": "#0"}
			}
		},
		{
			"name": "b1_2",
			"from": [8.1, 11.8, 8],
			"to": [8.225, 12.675, 8.125],
			"rotation": {"angle": 0, "axis": "y", "origin": [0.1, -0.7, 8]},
			"faces": {
				"north": {"uv": [8.125, 2.625, 8, 3.5], "texture": "#0"},
				"east": {"uv": [8, 2.625, 8.125, 3.5], "texture": "#0"},
				"south": {"uv": [8, 2.625, 8.125, 3.5], "texture": "#0"},
				"west": {"uv": [8, 2.625, 8.125, 3.5], "texture": "#0"},
				"up": {"uv": [8, 2.625, 8.125, 2.75], "texture": "#0"},
				"down": {"uv": [8, 3.375, 8.125, 3.5], "texture": "#0"}
			}
		},
		{
			"name": "b1_3",
			"from": [7.725, 4.925, 8],
			"to": [7.85, 11.925, 8.125],
			"rotation": {"angle": 0, "axis": "y", "origin": [0.1, -0.7, 8]},
			"faces": {
				"north": {"uv": [7.75, 3.375, 7.625, 10.375], "texture": "#0"},
				"east": {"uv": [7.625, 3.375, 7.75, 10.375], "texture": "#0"},
				"south": {"uv": [7.625, 3.375, 7.75, 10.375], "texture": "#0"},
				"west": {"uv": [7.625, 3.375, 7.75, 10.375], "texture": "#0"},
				"up": {"uv": [7.625, 3.375, 7.75, 3.5], "texture": "#0"},
				"down": {"uv": [7.625, 10.25, 7.75, 10.375], "texture": "#0"}
			}
		},
		{
			"name": "b1_4",
			"from": [8.225, 4.925, 8],
			"to": [8.35, 11.925, 8.125],
			"rotation": {"angle": 0, "axis": "y", "origin": [0.1, -0.7, 8]},
			"faces": {
				"north": {"uv": [8.25, 3.375, 8.125, 10.375], "texture": "#0"},
				"east": {"uv": [8.125, 3.375, 8.25, 10.375], "texture": "#0"},
				"south": {"uv": [8.125, 3.375, 8.25, 10.375], "texture": "#0"},
				"west": {"uv": [8.125, 3.375, 8.25, 10.375], "texture": "#0"},
				"up": {"uv": [8.125, 3.375, 8.25, 3.5], "texture": "#0"},
				"down": {"uv": [8.125, 10.25, 8.25, 10.375], "texture": "#0"}
			}
		},
		{
			"name": "b1_5",
			"from": [6.725, 5.05, 7.9],
			"to": [6.85, 5.3, 8.225],
			"rotation": {"angle": 0, "axis": "y", "origin": [0.1, -0.7, 8]},
			"faces": {
				"north": {"uv": [6.75, 10, 6.625, 10.25], "texture": "#0"},
				"east": {"uv": [6.625, 10, 6.75, 10.25], "texture": "#0"},
				"south": {"uv": [6.625, 10, 6.75, 10.25], "texture": "#0"},
				"west": {"uv": [6.625, 10, 6.75, 10.25], "texture": "#0"},
				"up": {"uv": [6.625, 10, 6.75, 10.125], "texture": "#0"},
				"down": {"uv": [6.625, 10.125, 6.75, 10.25], "texture": "#0"}
			}
		},
		{
			"name": "b1_6",
			"from": [9.225, 5.05, 7.9],
			"to": [9.35, 5.3, 8.225],
			"rotation": {"angle": 0, "axis": "y", "origin": [0.1, -0.7, 8]},
			"faces": {
				"north": {"uv": [9.25, 10, 9.125, 10.25], "texture": "#0"},
				"east": {"uv": [9.125, 10, 9.25, 10.25], "texture": "#0"},
				"south": {"uv": [9.125, 10, 9.25, 10.25], "texture": "#0"},
				"west": {"uv": [9.125, 10, 9.25, 10.25], "texture": "#0"},
				"up": {"uv": [9.125, 10, 9.25, 10.125], "texture": "#0"},
				"down": {"uv": [9.125, 10.125, 9.25, 10.25], "texture": "#0"}
			}
		},
		{
			"name": "b1_7",
			"from": [6.6, 4.8, 7.9],
			"to": [6.725, 5.175, 8.225],
			"rotation": {"angle": 0, "axis": "y", "origin": [0.1, -0.7, 8]},
			"faces": {
				"north": {"uv": [6.625, 10.125, 6.5, 10.5], "texture": "#0"},
				"east": {"uv": [6.5, 10.125, 6.625, 10.5], "texture": "#0"},
				"south": {"uv": [6.5, 10.125, 6.625, 10.5], "texture": "#0"},
				"west": {"uv": [6.5, 10.125, 6.625, 10.5], "texture": "#0"},
				"up": {"uv": [6.5, 10.125, 6.625, 10.25], "texture": "#0"},
				"down": {"uv": [6.5, 10.375, 6.625, 10.5], "texture": "#0"}
			}
		},
		{
			"name": "b1_8",
			"from": [6.85, 4.8, 7.9],
			"to": [6.975, 5.175, 8.225],
			"rotation": {"angle": 0, "axis": "y", "origin": [0.1, -0.7, 8]},
			"faces": {
				"north": {"uv": [6.875, 10.125, 6.75, 10.5], "texture": "#0"},
				"east": {"uv": [6.75, 10.125, 6.875, 10.5], "texture": "#0"},
				"south": {"uv": [6.75, 10.125, 6.875, 10.5], "texture": "#0"},
				"west": {"uv": [6.75, 10.125, 6.875, 10.5], "texture": "#0"},
				"up": {"uv": [6.75, 10.125, 6.875, 10.25], "texture": "#0"},
				"down": {"uv": [6.75, 10.375, 6.875, 10.5], "texture": "#0"}
			}
		},
		{
			"name": "b1_9",
			"from": [9.1, 4.8, 7.9],
			"to": [9.225, 5.175, 8.225],
			"rotation": {"angle": 0, "axis": "y", "origin": [0.1, -0.7, 8]},
			"faces": {
				"north": {"uv": [9.125, 10.125, 9, 10.5], "texture": "#0"},
				"east": {"uv": [9, 10.125, 9.125, 10.5], "texture": "#0"},
				"south": {"uv": [9, 10.125, 9.125, 10.5], "texture": "#0"},
				"west": {"uv": [9, 10.125, 9.125, 10.5], "texture": "#0"},
				"up": {"uv": [9, 10.125, 9.125, 10.25], "texture": "#0"},
				"down": {"uv": [9, 10.375, 9.125, 10.5], "texture": "#0"}
			}
		},
		{
			"name": "b1_10",
			"from": [9.35, 4.8, 7.9],
			"to": [9.475, 5.175, 8.225],
			"rotation": {"angle": 0, "axis": "y", "origin": [0.1, -0.7, 8]},
			"faces": {
				"north": {"uv": [9.375, 10.125, 9.25, 10.5], "texture": "#0"},
				"east": {"uv": [9.25, 10.125, 9.375, 10.5], "texture": "#0"},
				"south": {"uv": [9.25, 10.125, 9.375, 10.5], "texture": "#0"},
				"west": {"uv": [9.25, 10.125, 9.375, 10.5], "texture": "#0"},
				"up": {"uv": [9.25, 10.125, 9.375, 10.25], "texture": "#0"},
				"down": {"uv": [9.25, 10.375, 9.375, 10.5], "texture": "#0"}
			}
		},
		{
			"name": "b1_11",
			"from": [6.475, 4.925, 7.9],
			"to": [6.6, 5.05, 8.225],
			"rotation": {"angle": 0, "axis": "y", "origin": [0.1, -0.7, 8]},
			"faces": {
				"north": {"uv": [6.5, 10.25, 6.375, 10.375], "texture": "#0"},
				"east": {"uv": [6.375, 10.25, 6.5, 10.375], "texture": "#0"},
				"south": {"uv": [6.375, 10.25, 6.5, 10.375], "texture": "#0"},
				"west": {"uv": [6.375, 10.25, 6.5, 10.375], "texture": "#0"},
				"up": {"uv": [6.375, 10.25, 6.5, 10.375], "texture": "#0"},
				"down": {"uv": [6.375, 10.25, 6.5, 10.375], "texture": "#0"}
			}
		},
		{
			"name": "b1_12",
			"from": [6.975, 4.675, 7.9],
			"to": [7.1, 5.05, 8.225],
			"rotation": {"angle": 0, "axis": "y", "origin": [0.1, -0.7, 8]},
			"faces": {
				"north": {"uv": [7, 10.25, 6.875, 10.625], "texture": "#0"},
				"east": {"uv": [6.875, 10.25, 7, 10.625], "texture": "#0"},
				"south": {"uv": [6.875, 10.25, 7, 10.625], "texture": "#0"},
				"west": {"uv": [6.875, 10.25, 7, 10.625], "texture": "#0"},
				"up": {"uv": [6.875, 10.25, 7, 10.375], "texture": "#0"},
				"down": {"uv": [6.875, 10.5, 7, 10.625], "texture": "#0"}
			}
		},
		{
			"name": "b1_13",
			"from": [8.975, 4.675, 7.9],
			"to": [9.1, 5.05, 8.225],
			"rotation": {"angle": 0, "axis": "y", "origin": [0.1, -0.7, 8]},
			"faces": {
				"north": {"uv": [9, 10.25, 8.875, 10.625], "texture": "#0"},
				"east": {"uv": [8.875, 10.25, 9, 10.625], "texture": "#0"},
				"south": {"uv": [8.875, 10.25, 9, 10.625], "texture": "#0"},
				"west": {"uv": [8.875, 10.25, 9, 10.625], "texture": "#0"},
				"up": {"uv": [8.875, 10.25, 9, 10.375], "texture": "#0"},
				"down": {"uv": [8.875, 10.5, 9, 10.625], "texture": "#0"}
			}
		},
		{
			"name": "b1_14",
			"from": [9.475, 4.925, 7.9],
			"to": [9.6, 5.05, 8.225],
			"rotation": {"angle": 0, "axis": "y", "origin": [0.1, -0.7, 8]},
			"faces": {
				"north": {"uv": [9.5, 10.25, 9.375, 10.375], "texture": "#0"},
				"east": {"uv": [9.375, 10.25, 9.5, 10.375], "texture": "#0"},
				"south": {"uv": [9.375, 10.25, 9.5, 10.375], "texture": "#0"},
				"west": {"uv": [9.375, 10.25, 9.5, 10.375], "texture": "#0"},
				"up": {"uv": [9.375, 10.25, 9.5, 10.375], "texture": "#0"},
				"down": {"uv": [9.375, 10.25, 9.5, 10.375], "texture": "#0"}
			}
		},
		{
			"name": "b1_15",
			"from": [6.725, 4.675, 7.9],
			"to": [6.85, 4.925, 8.225],
			"rotation": {"angle": 0, "axis": "y", "origin": [0.1, -0.7, 8]},
			"faces": {
				"north": {"uv": [6.75, 10.375, 6.625, 10.625], "texture": "#0"},
				"east": {"uv": [6.625, 10.375, 6.75, 10.625], "texture": "#0"},
				"south": {"uv": [6.625, 10.375, 6.75, 10.625], "texture": "#0"},
				"west": {"uv": [6.625, 10.375, 6.75, 10.625], "texture": "#0"},
				"up": {"uv": [6.625, 10.375, 6.75, 10.5], "texture": "#0"},
				"down": {"uv": [6.625, 10.5, 6.75, 10.625], "texture": "#0"}
			}
		},
		{
			"name": "b1_16",
			"from": [7.1, 4.675, 7.9],
			"to": [7.6, 4.925, 8.225],
			"rotation": {"angle": 0, "axis": "y", "origin": [0.1, -0.7, 8]},
			"faces": {
				"north": {"uv": [7.5, 10.375, 7, 10.625], "texture": "#0"},
				"east": {"uv": [7.375, 10.375, 7.5, 10.625], "texture": "#0"},
				"south": {"uv": [7, 10.375, 7.5, 10.625], "texture": "#0"},
				"west": {"uv": [7, 10.375, 7.125, 10.625], "texture": "#0"},
				"up": {"uv": [7, 10.375, 7.5, 10.5], "texture": "#0"},
				"down": {"uv": [7, 10.5, 7.5, 10.625], "texture": "#0"}
			}
		},
		{
			"name": "b1_17",
			"from": [8.475, 4.55, 7.9],
			"to": [8.85, 4.925, 8.225],
			"rotation": {"angle": 0, "axis": "y", "origin": [0.1, -0.7, 8]},
			"faces": {
				"north": {"uv": [8.75, 10.375, 8.375, 10.75], "texture": "#0"},
				"east": {"uv": [8.625, 10.375, 8.75, 10.75], "texture": "#0"},
				"south": {"uv": [8.375, 10.375, 8.75, 10.75], "texture": "#0"},
				"west": {"uv": [8.375, 10.375, 8.5, 10.75], "texture": "#0"},
				"up": {"uv": [8.375, 10.375, 8.75, 10.5], "texture": "#0"},
				"down": {"uv": [8.375, 10.625, 8.75, 10.75], "texture": "#0"}
			}
		},
		{
			"name": "b1_18",
			"from": [8.85, 4.675, 7.9],
			"to": [8.975, 4.925, 8.225],
			"rotation": {"angle": 0, "axis": "y", "origin": [0.1, -0.7, 8]},
			"faces": {
				"north": {"uv": [8.875, 10.375, 8.75, 10.625], "texture": "#0"},
				"east": {"uv": [8.75, 10.375, 8.875, 10.625], "texture": "#0"},
				"south": {"uv": [8.75, 10.375, 8.875, 10.625], "texture": "#0"},
				"west": {"uv": [8.75, 10.375, 8.875, 10.625], "texture": "#0"},
				"up": {"uv": [8.75, 10.375, 8.875, 10.5], "texture": "#0"},
				"down": {"uv": [8.75, 10.5, 8.875, 10.625], "texture": "#0"}
			}
		},
		{
			"name": "b1_19",
			"from": [9.225, 4.675, 7.9],
			"to": [9.35, 4.925, 8.225],
			"rotation": {"angle": 0, "axis": "y", "origin": [0.1, -0.7, 8]},
			"faces": {
				"north": {"uv": [9.25, 10.375, 9.125, 10.625], "texture": "#0"},
				"east": {"uv": [9.125, 10.375, 9.25, 10.625], "texture": "#0"},
				"south": {"uv": [9.125, 10.375, 9.25, 10.625], "texture": "#0"},
				"west": {"uv": [9.125, 10.375, 9.25, 10.625], "texture": "#0"},
				"up": {"uv": [9.125, 10.375, 9.25, 10.5], "texture": "#0"},
				"down": {"uv": [9.125, 10.5, 9.25, 10.625], "texture": "#0"}
			}
		},
		{
			"name": "b1_20",
			"from": [7.225, 4.55, 7.9],
			"to": [7.6, 4.675, 8.225],
			"rotation": {"angle": 0, "axis": "y", "origin": [0.1, -0.7, 8]},
			"faces": {
				"north": {"uv": [7.5, 10.625, 7.125, 10.75], "texture": "#0"},
				"east": {"uv": [7.375, 10.625, 7.5, 10.75], "texture": "#0"},
				"south": {"uv": [7.125, 10.625, 7.5, 10.75], "texture": "#0"},
				"west": {"uv": [7.125, 10.625, 7.25, 10.75], "texture": "#0"},
				"up": {"uv": [7.125, 10.625, 7.5, 10.75], "texture": "#0"},
				"down": {"uv": [7.125, 10.625, 7.5, 10.75], "texture": "#0"}
			}
		},
		{
			"name": "b1_21",
			"from": [7.85, 2.425, 7.9],
			"to": [8.225, 4.425, 8.225],
			"rotation": {"angle": 0, "axis": "y", "origin": [0.1, -0.7, 8]},
			"faces": {
				"north": {"uv": [8.125, 10.875, 7.75, 12.875], "texture": "#0"},
				"east": {"uv": [8, 10.875, 8.125, 12.875], "texture": "#0"},
				"south": {"uv": [7.75, 10.875, 8.125, 12.875], "texture": "#0"},
				"west": {"uv": [7.75, 10.875, 7.875, 12.875], "texture": "#0"},
				"up": {"uv": [7.75, 10.875, 8.125, 11], "texture": "#0"},
				"down": {"uv": [7.75, 12.75, 8.125, 12.875], "texture": "#0"}
			}
		},
		{
			"name": "b1_22",
			"from": [7.85, 1.3, 7.8],
			"to": [8.225, 2.175, 8.325],
			"rotation": {"angle": 0, "axis": "y", "origin": [0.1, -0.7, 8]},
			"faces": {
				"north": {"uv": [8.125, 13.125, 7.75, 14], "texture": "#0"},
				"east": {"uv": [8, 13.125, 8.125, 14], "texture": "#0"},
				"south": {"uv": [7.75, 13.125, 8.125, 14], "texture": "#0"},
				"west": {"uv": [7.75, 13.125, 7.875, 14], "texture": "#0"},
				"up": {"uv": [7.75, 13.125, 8.125, 13.25], "texture": "#0"},
				"down": {"uv": [7.75, 13.875, 8.125, 14], "texture": "#0"}
			}
		},
		{
			"name": "b1_23",
			"from": [7.725, 1.425, 7.8],
			"to": [7.85, 2.05, 8.325],
			"rotation": {"angle": 0, "axis": "y", "origin": [0.1, -0.7, 8]},
			"faces": {
				"north": {"uv": [7.75, 13.25, 7.625, 13.875], "texture": "#0"},
				"east": {"uv": [7.625, 13.25, 7.75, 13.875], "texture": "#0"},
				"south": {"uv": [7.625, 13.25, 7.75, 13.875], "texture": "#0"},
				"west": {"uv": [7.625, 13.25, 7.75, 13.875], "texture": "#0"},
				"up": {"uv": [7.625, 13.25, 7.75, 13.375], "texture": "#0"},
				"down": {"uv": [7.625, 13.75, 7.75, 13.875], "texture": "#0"}
			}
		},
		{
			"name": "b1_24",
			"from": [8.225, 1.425, 7.8],
			"to": [8.35, 2.05, 8.325],
			"rotation": {"angle": 0, "axis": "y", "origin": [0.1, -0.7, 8]},
			"faces": {
				"north": {"uv": [8.25, 13.25, 8.125, 13.875], "texture": "#0"},
				"east": {"uv": [8.125, 13.25, 8.25, 13.875], "texture": "#0"},
				"south": {"uv": [8.125, 13.25, 8.25, 13.875], "texture": "#0"},
				"west": {"uv": [8.125, 13.25, 8.25, 13.875], "texture": "#0"},
				"up": {"uv": [8.125, 13.25, 8.25, 13.375], "texture": "#0"},
				"down": {"uv": [8.125, 13.75, 8.25, 13.875], "texture": "#0"}
			}
		},
		{
			"name": "b1_25",
			"from": [7.6, 1.55, 7.8],
			"to": [7.725, 1.925, 8.325],
			"rotation": {"angle": 0, "axis": "y", "origin": [0.1, -0.7, 8]},
			"faces": {
				"north": {"uv": [7.625, 13.375, 7.5, 13.75], "texture": "#0"},
				"east": {"uv": [7.5, 13.375, 7.625, 13.75], "texture": "#0"},
				"south": {"uv": [7.5, 13.375, 7.625, 13.75], "texture": "#0"},
				"west": {"uv": [7.5, 13.375, 7.625, 13.75], "texture": "#0"},
				"up": {"uv": [7.5, 13.375, 7.625, 13.5], "texture": "#0"},
				"down": {"uv": [7.5, 13.625, 7.625, 13.75], "texture": "#0"}
			}
		},
		{
			"name": "b1_26",
			"from": [8.35, 1.55, 7.8],
			"to": [8.475, 1.925, 8.325],
			"rotation": {"angle": 0, "axis": "y", "origin": [0.1, -0.7, 8]},
			"faces": {
				"north": {"uv": [8.375, 13.375, 8.25, 13.75], "texture": "#0"},
				"east": {"uv": [8.25, 13.375, 8.375, 13.75], "texture": "#0"},
				"south": {"uv": [8.25, 13.375, 8.375, 13.75], "texture": "#0"},
				"west": {"uv": [8.25, 13.375, 8.375, 13.75], "texture": "#0"},
				"up": {"uv": [8.25, 13.375, 8.375, 13.5], "texture": "#0"},
				"down": {"uv": [8.25, 13.625, 8.375, 13.75], "texture": "#0"}
			}
		},
		{
			"name": "b2_0",
			"from": [7.975, 5.3, 7.95],
			"to": [8.1, 12.175, 8.175],
			"rotation": {"angle": 0, "axis": "y", "origin": [0.1, -0.7, 8]},
			"faces": {
				"north": {"uv": [8, 3.125, 7.875, 10], "texture": "#0"},
				"east": {"uv": [7.875, 3.125, 8, 10], "texture": "#0"},
				"south": {"uv": [7.875, 3.125, 8, 10], "texture": "#0"},
				"west": {"uv": [7.875, 3.125, 8, 10], "texture": "#0"},
				"up": {"uv": [7.875, 3.125, 8, 3.25], "texture": "#0"},
				"down": {"uv": [7.875, 9.875, 8, 10], "texture": "#0"}
			}
		},
		{
			"name": "b2_1",
			"from": [7.85, 5.175, 7.95],
			"to": [7.975, 11.8, 8.175],
			"rotation": {"angle": 0, "axis": "y", "origin": [0.1, -0.7, 8]},
			"faces": {
				"north": {"uv": [7.875, 3.5, 7.75, 10.125], "texture": "#0"},
				"east": {"uv": [7.75, 3.5, 7.875, 10.125], "texture": "#0"},
				"south": {"uv": [7.75, 3.5, 7.875, 10.125], "texture": "#0"},
				"west": {"uv": [7.75, 3.5, 7.875, 10.125], "texture": "#0"},
				"up": {"uv": [7.75, 3.5, 7.875, 3.625], "texture": "#0"},
				"down": {"uv": [7.75, 10, 7.875, 10.125], "texture": "#0"}
			}
		},
		{
			"name": "b2_2",
			"from": [8.1, 5.175, 7.95],
			"to": [8.225, 11.8, 8.175],
			"rotation": {"angle": 0, "axis": "y", "origin": [0.1, -0.7, 8]},
			"faces": {
				"north": {"uv": [8.125, 3.5, 8, 10.125], "texture": "#0"},
				"east": {"uv": [8, 3.5, 8.125, 10.125], "texture": "#0"},
				"south": {"uv": [8, 3.5, 8.125, 10.125], "texture": "#0"},
				"west": {"uv": [8, 3.5, 8.125, 10.125], "texture": "#0"},
				"up": {"uv": [8, 3.5, 8.125, 3.625], "texture": "#0"},
				"down": {"uv": [8, 10, 8.125, 10.125], "texture": "#0"}
			}
		},
		{
			"name": "b2_3",
			"from": [7.85, 2.175, 7.9],
			"to": [8.225, 2.425, 8.225],
			"rotation": {"angle": 0, "axis": "y", "origin": [0.1, -0.7, 8]},
			"faces": {
				"north": {"uv": [8.125, 12.875, 7.75, 13.125], "texture": "#0"},
				"east": {"uv": [8, 12.875, 8.125, 13.125], "texture": "#0"},
				"south": {"uv": [7.75, 12.875, 8.125, 13.125], "texture": "#0"},
				"west": {"uv": [7.75, 12.875, 7.875, 13.125], "texture": "#0"},
				"up": {"uv": [7.75, 12.875, 8.125, 13], "texture": "#0"},
				"down": {"uv": [7.75, 13, 8.125, 13.125], "texture": "#0"}
			}
		},
		{
			"name": "b3_0",
			"from": [7.975, 4.425, 7.85],
			"to": [8.1, 5.3, 8.275],
			"rotation": {"angle": 0, "axis": "y", "origin": [0.1, -0.7, 8]},
			"faces": {
				"north": {"uv": [8, 10, 7.875, 10.875], "texture": "#0"},
				"east": {"uv": [7.875, 10, 8, 10.875], "texture": "#0"},
				"south": {"uv": [7.875, 10, 8, 10.875], "texture": "#0"},
				"west": {"uv": [7.875, 10, 8, 10.875], "texture": "#0"},
				"up": {"uv": [7.875, 10, 8, 10.125], "texture": "#0"},
				"down": {"uv": [7.875, 10.75, 8, 10.875], "texture": "#0"}
			}
		},
		{
			"name": "b3_1",
			"from": [7.85, 4.425, 7.85],
			"to": [7.975, 5.175, 8.275],
			"rotation": {"angle": 0, "axis": "y", "origin": [0.1, -0.7, 8]},
			"faces": {
				"north": {"uv": [7.875, 10.125, 7.75, 10.875], "texture": "#0"},
				"east": {"uv": [7.75, 10.125, 7.875, 10.875], "texture": "#0"},
				"south": {"uv": [7.75, 10.125, 7.875, 10.875], "texture": "#0"},
				"west": {"uv": [7.75, 10.125, 7.875, 10.875], "texture": "#0"},
				"up": {"uv": [7.75, 10.125, 7.875, 10.25], "texture": "#0"},
				"down": {"uv": [7.75, 10.75, 7.875, 10.875], "texture": "#0"}
			}
		},
		{
			"name": "b3_2",
			"from": [8.1, 4.425, 7.85],
			"to": [8.225, 5.175, 8.275],
			"rotation": {"angle": 0, "axis": "y", "origin": [0.1, -0.7, 8]},
			"faces": {
				"north": {"uv": [8.125, 10.125, 8, 10.875], "texture": "#0"},
				"east": {"uv": [8, 10.125, 8.125, 10.875], "texture": "#0"},
				"south": {"uv": [8, 10.125, 8.125, 10.875], "texture": "#0"},
				"west": {"uv": [8, 10.125, 8.125, 10.875], "texture": "#0"},
				"up": {"uv": [8, 10.125, 8.125, 10.25], "texture": "#0"},
				"down": {"uv": [8, 10.75, 8.125, 10.875], "texture": "#0"}
			}
		},
		{
			"name": "b3_3",
			"from": [7.725, 4.425, 7.85],
			"to": [7.85, 4.925, 8.275],
			"rotation": {"angle": 0, "axis": "y", "origin": [0.1, -0.7, 8]},
			"faces": {
				"north": {"uv": [7.75, 10.375, 7.625, 10.875], "texture": "#0"},
				"east": {"uv": [7.625, 10.375, 7.75, 10.875], "texture": "#0"},
				"south": {"uv": [7.625, 10.375, 7.75, 10.875], "texture": "#0"},
				"west": {"uv": [7.625, 10.375, 7.75, 10.875], "texture": "#0"},
				"up": {"uv": [7.625, 10.375, 7.75, 10.5], "texture": "#0"},
				"down": {"uv": [7.625, 10.75, 7.75, 10.875], "texture": "#0"}
			}
		},
		{
			"name": "b3_4",
			"from": [8.225, 4.425, 7.85],
			"to": [8.35, 4.925, 8.275],
			"rotation": {"angle": 0, "axis": "y", "origin": [0.1, -0.7, 8]},
			"faces": {
				"north": {"uv": [8.25, 10.375, 8.125, 10.875], "texture": "#0"},
				"east": {"uv": [8.125, 10.375, 8.25, 10.875], "texture": "#0"},
				"south": {"uv": [8.125, 10.375, 8.25, 10.875], "texture": "#0"},
				"west": {"uv": [8.125, 10.375, 8.25, 10.875], "texture": "#0"},
				"up": {"uv": [8.125, 10.375, 8.25, 10.5], "texture": "#0"},
				"down": {"uv": [8.125, 10.75, 8.25, 10.875], "texture": "#0"}
			}
		},
		{
			"name": "b3_5",
			"from": [7.6, 4.425, 7.85],
			"to": [7.725, 4.8, 8.275],
			"rotation": {"angle": 0, "axis": "y", "origin": [0.1, -0.7, 8]},
			"faces": {
				"north": {"uv": [7.625, 10.5, 7.5, 10.875], "texture": "#0"},
				"east": {"uv": [7.5, 10.5, 7.625, 10.875], "texture": "#0"},
				"south": {"uv": [7.5, 10.5, 7.625, 10.875], "texture": "#0"},
				"west": {"uv": [7.5, 10.5, 7.625, 10.875], "texture": "#0"},
				"up": {"uv": [7.5, 10.5, 7.625, 10.625], "texture": "#0"},
				"down": {"uv": [7.5, 10.75, 7.625, 10.875], "texture": "#0"}
			}
		},
		{
			"name": "b3_6",
			"from": [8.35, 4.425, 7.85],
			"to": [8.475, 4.8, 8.275],
			"rotation": {"angle": 0, "axis": "y", "origin": [0.1, -0.7, 8]},
			"faces": {
				"north": {"uv": [8.375, 10.5, 8.25, 10.875], "texture": "#0"},
				"east": {"uv": [8.25, 10.5, 8.375, 10.875], "texture": "#0"},
				"south": {"uv": [8.25, 10.5, 8.375, 10.875], "texture": "#0"},
				"west": {"uv": [8.25, 10.5, 8.375, 10.875], "texture": "#0"},
				"up": {"uv": [8.25, 10.5, 8.375, 10.625], "texture": "#0"},
				"down": {"uv": [8.25, 10.75, 8.375, 10.875], "texture": "#0"}
			}
		},
		{
			"from": [3, 8.4, 7.9],
			"to": [10, 15.4, 8.2],
			"rotation": {"angle": -45, "axis": "z", "origin": [3, 8.4, 7.9]},
			"faces": {
				"north": {"uv": [0, 0, 16, 16], "texture": "#1"},
				"south": {"uv": [16, 0, 0, 16], "texture": "#1"}
			}
		}
	],
	"gui_light": "front",
	"display": {
		"thirdperson_righthand": {
			"rotation": [0, 90, 0],
			"translation": [0, 12, 1.25],
			"scale": [3.15, 3.15, 2.5]
		},
		"thirdperson_lefthand": {
			"rotation": [0, -90, 0],
			"translation": [0, 11, 1.25],
			"scale": [3.15, 3.15, 2.5]
		},
		"firstperson_righthand": {
			"rotation": [8, -90, 0],
			"translation": [0, 8, 2],
			"scale": [2.1, 2.1, 2]
		},
		"firstperson_lefthand": {
			"rotation": [8, 90, 0],
			"translation": [0, 8, 2],
			"scale": [2.1, 2.1, 2]
		},
		"ground": {
			"translation": [0, 7, 0],
			"scale": [2, 2, 2]
		},
		"gui": {
			"rotation": [0, 0, -43],
			"translation": [2.75, 2.75, 0],
			"scale": [2.8, 2.8, 2]
		},
		"head": {
			"rotation": [0, 0, 144],
			"translation": [-1.25, -15.25, 3.75],
			"scale": [4, 4, 3.75]
		},
		"fixed": {
			"rotation": [0, 180, -42],
			"translation": [-3.5, 3.25, -0.75],
			"scale": [3.8, 3.8, 2.5]
		}
	},
	"groups": [
		{
			"name": "b1",
			"origin": [8, 8, 8],
			"color": 0,
			"nbt": "{}",
			"children": [0, 1, 2, 3, 4, 5, 6, 7, 8, 9, 10, 11, 12, 13, 14, 15, 16, 17, 18, 19, 20, 21, 22, 23, 24, 25, 26]
		},
		{
			"name": "b2",
			"origin": [8, 8, 8],
			"color": 0,
			"nbt": "{}",
			"children": [27, 28, 29, 30]
		},
		{
			"name": "b3",
			"origin": [8, 8, 8],
			"color": 0,
			"nbt": "{}",
			"children": [31, 32, 33, 34, 35, 36, 37]
		},
		38
	]
}