{
	"credit": "Made with Blockbench",
	"textures": {
		"0": "simplyswords:item/enigma",
		"particle": "simplyswords:item/enigma"
	},
	"elements": [
		{
			"name": "e3_0",
			"from": [7.875, 14.125, 8],
			"to": [8, 14.75, 8.125],
			"rotation": {"angle": 0, "axis": "y", "origin": [0, 0, 8]},
			"faces": {
				"north": {"uv": [8, 1.25, 7.875, 1.875], "texture": "#0"},
				"east": {"uv": [7.875, 1.25, 8, 1.875], "texture": "#0"},
				"south": {"uv": [7.875, 1.25, 8, 1.875], "texture": "#0"},
				"west": {"uv": [7.875, 1.25, 8, 1.875], "texture": "#0"},
				"up": {"uv": [7.875, 1.25, 8, 1.375], "texture": "#0"}
			}
		},
		{
			"name": "e3_1",
			"from": [7.75, 13.625, 8],
			"to": [7.875, 14.375, 8.125],
			"rotation": {"angle": 0, "axis": "y", "origin": [0, 0, 8]},
			"faces": {
				"north": {"uv": [7.875, 1.625, 7.75, 2.375], "texture": "#0"},
				"south": {"uv": [7.75, 1.625, 7.875, 2.375], "texture": "#0"},
				"west": {"uv": [7.75, 1.625, 7.875, 2.375], "texture": "#0"},
				"up": {"uv": [7.75, 1.625, 7.875, 1.75], "texture": "#0"}
			}
		},
		{
			"name": "e3_2",
			"from": [8, 13.625, 8],
			"to": [8.125, 14.375, 8.125],
			"rotation": {"angle": 0, "axis": "y", "origin": [0, 0, 8]},
			"faces": {
				"north": {"uv": [8.125, 1.625, 8, 2.375], "texture": "#0"},
				"east": {"uv": [8, 1.625, 8.125, 2.375], "texture": "#0"},
				"south": {"uv": [8, 1.625, 8.125, 2.375], "texture": "#0"},
				"up": {"uv": [8, 1.625, 8.125, 1.75], "texture": "#0"}
			}
		},
		{
			"name": "e3_3",
			"from": [7.625, 13.25, 8],
			"to": [7.75, 14, 8.125],
			"rotation": {"angle": 0, "axis": "y", "origin": [0, 0, 8]},
			"faces": {
				"north": {"uv": [7.75, 2, 7.625, 2.75], "texture": "#0"},
				"south": {"uv": [7.625, 2, 7.75, 2.75], "texture": "#0"},
				"west": {"uv": [7.625, 2, 7.75, 2.75], "texture": "#0"},
				"up": {"uv": [7.625, 2, 7.75, 2.125], "texture": "#0"}
			}
		},
		{
			"name": "e3_4",
			"from": [8.125, 13.25, 8],
			"to": [8.25, 14, 8.125],
			"rotation": {"angle": 0, "axis": "y", "origin": [0, 0, 8]},
			"faces": {
				"north": {"uv": [8.25, 2, 8.125, 2.75], "texture": "#0"},
				"east": {"uv": [8.125, 2, 8.25, 2.75], "texture": "#0"},
				"south": {"uv": [8.125, 2, 8.25, 2.75], "texture": "#0"},
				"up": {"uv": [8.125, 2, 8.25, 2.125], "texture": "#0"}
			}
		},
		{
			"name": "e3_5",
			"from": [7.5, 12.75, 8],
			"to": [7.625, 13.625, 8.125],
			"rotation": {"angle": 0, "axis": "y", "origin": [0, 0, 8]},
			"faces": {
				"north": {"uv": [7.625, 2.375, 7.5, 3.25], "texture": "#0"},
				"south": {"uv": [7.5, 2.375, 7.625, 3.25], "texture": "#0"},
				"west": {"uv": [7.5, 2.375, 7.625, 3.25], "texture": "#0"},
				"up": {"uv": [7.5, 2.375, 7.625, 2.5], "texture": "#0"}
			}
		},
		{
			"name": "e3_6",
			"from": [8.25, 12.75, 8],
			"to": [8.375, 13.625, 8.125],
			"rotation": {"angle": 0, "axis": "y", "origin": [0, 0, 8]},
			"faces": {
				"north": {"uv": [8.375, 2.375, 8.25, 3.25], "texture": "#0"},
				"east": {"uv": [8.25, 2.375, 8.375, 3.25], "texture": "#0"},
				"south": {"uv": [8.25, 2.375, 8.375, 3.25], "texture": "#0"},
				"up": {"uv": [8.25, 2.375, 8.375, 2.5], "texture": "#0"}
			}
		},
		{
			"name": "e3_7",
			"from": [7.375, 8.875, 8],
			"to": [7.5, 13.25, 8.125],
			"rotation": {"angle": 0, "axis": "y", "origin": [0, 0, 8]},
			"faces": {
				"north": {"uv": [7.5, 2.75, 7.375, 7.125], "texture": "#0"},
				"south": {"uv": [7.375, 2.75, 7.5, 7.125], "texture": "#0"},
				"west": {"uv": [7.375, 2.75, 7.5, 7.125], "texture": "#0"},
				"up": {"uv": [7.375, 2.75, 7.5, 2.875], "texture": "#0"}
			}
		},
		{
			"name": "e3_8",
			"from": [8.375, 8.875, 8],
			"to": [8.5, 13.25, 8.125],
			"rotation": {"angle": 0, "axis": "y", "origin": [0, 0, 8]},
			"faces": {
				"north": {"uv": [8.5, 2.75, 8.375, 7.125], "texture": "#0"},
				"east": {"uv": [8.375, 2.75, 8.5, 7.125], "texture": "#0"},
				"south": {"uv": [8.375, 2.75, 8.5, 7.125], "texture": "#0"},
				"up": {"uv": [8.375, 2.75, 8.5, 2.875], "texture": "#0"}
			}
		},
		{
			"name": "e3_9",
			"from": [7.25, 11.875, 8],
			"to": [7.375, 12.875, 8.125],
			"rotation": {"angle": 0, "axis": "y", "origin": [0, 0, 8]},
			"faces": {
				"north": {"uv": [7.375, 3.125, 7.25, 4.125], "texture": "#0"},
				"south": {"uv": [7.25, 3.125, 7.375, 4.125], "texture": "#0"},
				"west": {"uv": [7.25, 3.125, 7.375, 4.125], "texture": "#0"},
				"up": {"uv": [7.25, 3.125, 7.375, 3.25], "texture": "#0"},
				"down": {"uv": [7.25, 4, 7.375, 4.125], "texture": "#0"}
			}
		},
		{
			"name": "e3_10",
			"from": [8.5, 11.875, 8],
			"to": [8.625, 12.875, 8.125],
			"rotation": {"angle": 0, "axis": "y", "origin": [0, 0, 8]},
			"faces": {
				"north": {"uv": [8.625, 3.125, 8.5, 4.125], "texture": "#0"},
				"east": {"uv": [8.5, 3.125, 8.625, 4.125], "texture": "#0"},
				"south": {"uv": [8.5, 3.125, 8.625, 4.125], "texture": "#0"},
				"up": {"uv": [8.5, 3.125, 8.625, 3.25], "texture": "#0"},
				"down": {"uv": [8.5, 4, 8.625, 4.125], "texture": "#0"}
			}
		},
		{
			"name": "e3_11",
			"from": [7.5, 9.25, 8],
			"to": [7.625, 12, 8.125],
			"rotation": {"angle": 0, "axis": "y", "origin": [0, 0, 8]},
			"faces": {
				"north": {"uv": [7.625, 4, 7.5, 6.75], "texture": "#0"},
				"south": {"uv": [7.5, 4, 7.625, 6.75], "texture": "#0"}
			}
		},
		{
			"name": "e3_12",
			"from": [8.25, 9.25, 8],
			"to": [8.375, 12, 8.125],
			"rotation": {"angle": 0, "axis": "y", "origin": [0, 0, 8]},
			"faces": {
				"north": {"uv": [8.375, 4, 8.25, 6.75], "texture": "#0"},
				"south": {"uv": [8.25, 4, 8.375, 6.75], "texture": "#0"}
			}
		},
		{
			"name": "e3_13",
			"from": [7.25, 8.5, 8],
			"to": [7.375, 9.375, 8.125],
			"rotation": {"angle": 0, "axis": "y", "origin": [0, 0, 8]},
			"faces": {
				"north": {"uv": [7.375, 6.625, 7.25, 7.5], "texture": "#0"},
				"south": {"uv": [7.25, 6.625, 7.375, 7.5], "texture": "#0"},
				"west": {"uv": [7.25, 6.625, 7.375, 7.5], "texture": "#0"},
				"up": {"uv": [7.25, 6.625, 7.375, 6.75], "texture": "#0"},
				"down": {"uv": [7.25, 7.375, 7.375, 7.5], "texture": "#0"}
			}
		},
		{
			"name": "e3_14",
			"from": [8.5, 8.5, 8],
			"to": [8.625, 9.375, 8.125],
			"rotation": {"angle": 0, "axis": "y", "origin": [0, 0, 8]},
			"faces": {
				"north": {"uv": [8.625, 6.625, 8.5, 7.5], "texture": "#0"},
				"east": {"uv": [8.5, 6.625, 8.625, 7.5], "texture": "#0"},
				"south": {"uv": [8.5, 6.625, 8.625, 7.5], "texture": "#0"},
				"up": {"uv": [8.5, 6.625, 8.625, 6.75], "texture": "#0"},
				"down": {"uv": [8.5, 7.375, 8.625, 7.5], "texture": "#0"}
			}
		},
		{
			"name": "e3_15",
			"from": [7.125, 8.75, 8],
			"to": [7.25, 8.875, 8.125],
			"rotation": {"angle": 0, "axis": "y", "origin": [0, 0, 8]},
			"faces": {
				"north": {"uv": [7.25, 7.125, 7.125, 7.25], "texture": "#0"},
				"south": {"uv": [7.125, 7.125, 7.25, 7.25], "texture": "#0"},
				"west": {"uv": [7.125, 7.125, 7.25, 7.25], "texture": "#0"},
				"up": {"uv": [7.125, 7.125, 7.25, 7.25], "texture": "#0"},
				"down": {"uv": [7.125, 7.125, 7.25, 7.25], "texture": "#0"}
			}
		},
		{
			"name": "e3_16",
			"from": [8.625, 8.75, 8],
			"to": [8.75, 8.875, 8.125],
			"rotation": {"angle": 0, "axis": "y", "origin": [0, 0, 8]},
			"faces": {
				"north": {"uv": [8.75, 7.125, 8.625, 7.25], "texture": "#0"},
				"east": {"uv": [8.625, 7.125, 8.75, 7.25], "texture": "#0"},
				"south": {"uv": [8.625, 7.125, 8.75, 7.25], "texture": "#0"},
				"up": {"uv": [8.625, 7.125, 8.75, 7.25], "texture": "#0"},
				"down": {"uv": [8.625, 7.125, 8.75, 7.25], "texture": "#0"}
			}
		},
		{
			"name": "e3_17",
			"from": [7.375, 6.875, 8],
			"to": [7.5, 8.75, 8.125],
			"rotation": {"angle": 0, "axis": "y", "origin": [0, 0, 8]},
			"faces": {
				"north": {"uv": [7.5, 7.25, 7.375, 9.125], "texture": "#0"},
				"south": {"uv": [7.375, 7.25, 7.5, 9.125], "texture": "#0"},
				"west": {"uv": [7.375, 7.25, 7.5, 9.125], "texture": "#0"}
			}
		},
		{
			"name": "e3_18",
			"from": [8.375, 6.875, 8],
			"to": [8.5, 8.75, 8.125],
			"rotation": {"angle": 0, "axis": "y", "origin": [0, 0, 8]},
			"faces": {
				"north": {"uv": [8.5, 7.25, 8.375, 9.125], "texture": "#0"},
				"east": {"uv": [8.375, 7.25, 8.5, 9.125], "texture": "#0"},
				"south": {"uv": [8.375, 7.25, 8.5, 9.125], "texture": "#0"}
			}
		},
		{
			"name": "e3_19",
			"from": [7.5, 7.375, 8],
			"to": [7.625, 8.625, 8.125],
			"rotation": {"angle": 0, "axis": "y", "origin": [0, 0, 8]},
			"faces": {
				"north": {"uv": [7.625, 7.375, 7.5, 8.625], "texture": "#0"},
				"south": {"uv": [7.5, 7.375, 7.625, 8.625], "texture": "#0"}
			}
		},
		{
			"name": "e3_20",
			"from": [8.25, 7.375, 8],
			"to": [8.375, 8.625, 8.125],
			"rotation": {"angle": 0, "axis": "y", "origin": [0, 0, 8]},
			"faces": {
				"north": {"uv": [8.375, 7.375, 8.25, 8.625], "texture": "#0"},
				"south": {"uv": [8.25, 7.375, 8.375, 8.625], "texture": "#0"}
			}
		},
		{
			"name": "e3_21",
			"from": [7.25, 6.625, 8],
			"to": [7.375, 7.5, 8.125],
			"rotation": {"angle": 0, "axis": "y", "origin": [0, 0, 8]},
			"faces": {
				"north": {"uv": [7.375, 8.5, 7.25, 9.375], "texture": "#0"},
				"south": {"uv": [7.25, 8.5, 7.375, 9.375], "texture": "#0"},
				"west": {"uv": [7.25, 8.5, 7.375, 9.375], "texture": "#0"},
				"up": {"uv": [7.25, 8.5, 7.375, 8.625], "texture": "#0"}
			}
		},
		{
			"name": "e3_22",
			"from": [8.5, 6.625, 8],
			"to": [8.625, 7.5, 8.125],
			"rotation": {"angle": 0, "axis": "y", "origin": [0, 0, 8]},
			"faces": {
				"north": {"uv": [8.625, 8.5, 8.5, 9.375], "texture": "#0"},
				"east": {"uv": [8.5, 8.5, 8.625, 9.375], "texture": "#0"},
				"south": {"uv": [8.5, 8.5, 8.625, 9.375], "texture": "#0"},
				"up": {"uv": [8.5, 8.5, 8.625, 8.625], "texture": "#0"}
			}
		},
		{
			"name": "e3_23",
			"from": [7.125, 6.625, 8],
			"to": [7.25, 7, 8.125],
			"rotation": {"angle": 0, "axis": "y", "origin": [0, 0, 8]},
			"faces": {
				"north": {"uv": [7.25, 9, 7.125, 9.375], "texture": "#0"},
				"south": {"uv": [7.125, 9, 7.25, 9.375], "texture": "#0"},
				"west": {"uv": [7.125, 9, 7.25, 9.375], "texture": "#0"},
				"up": {"uv": [7.125, 9, 7.25, 9.125], "texture": "#0"}
			}
		},
		{
			"name": "e3_24",
			"from": [8.625, 6.625, 8],
			"to": [8.75, 7, 8.125],
			"rotation": {"angle": 0, "axis": "y", "origin": [0, 0, 8]},
			"faces": {
				"north": {"uv": [8.75, 9, 8.625, 9.375], "texture": "#0"},
				"east": {"uv": [8.625, 9, 8.75, 9.375], "texture": "#0"},
				"south": {"uv": [8.625, 9, 8.75, 9.375], "texture": "#0"},
				"up": {"uv": [8.625, 9, 8.75, 9.125], "texture": "#0"}
			}
		},
		{
			"name": "e3_25",
			"from": [7, 6.375, 8],
			"to": [7.125, 6.625, 8.125],
			"rotation": {"angle": 0, "axis": "y", "origin": [0, 0, 8]},
			"faces": {
				"north": {"uv": [7.125, 9.375, 7, 9.625], "texture": "#0"},
				"south": {"uv": [7, 9.375, 7.125, 9.625], "texture": "#0"},
				"west": {"uv": [7, 9.375, 7.125, 9.625], "texture": "#0"},
				"up": {"uv": [7, 9.375, 7.125, 9.5], "texture": "#0"}
			}
		},
		{
			"name": "e3_26",
			"from": [8.75, 6.375, 8],
			"to": [8.875, 6.625, 8.125],
			"rotation": {"angle": 0, "axis": "y", "origin": [0, 0, 8]},
			"faces": {
				"north": {"uv": [8.875, 9.375, 8.75, 9.625], "texture": "#0"},
				"east": {"uv": [8.75, 9.375, 8.875, 9.625], "texture": "#0"},
				"south": {"uv": [8.75, 9.375, 8.875, 9.625], "texture": "#0"},
				"up": {"uv": [8.75, 9.375, 8.875, 9.5], "texture": "#0"}
			}
		},
		{
			"name": "e3_27",
			"from": [7.75, 6, 7.85],
			"to": [8.125, 6.5, 8.275],
			"rotation": {"angle": 0, "axis": "y", "origin": [0, 0, 8]},
			"faces": {
				"north": {"uv": [8.125, 9.5, 7.75, 10], "texture": "#0"},
				"east": {"uv": [8, 9.5, 8.125, 10], "texture": "#0"},
				"south": {"uv": [7.75, 9.5, 8.125, 10], "texture": "#0"},
				"west": {"uv": [7.75, 9.5, 7.875, 10], "texture": "#0"},
				"up": {"uv": [7.75, 9.5, 8.125, 9.625], "texture": "#0"},
				"down": {"uv": [7.75, 9.875, 8.125, 10], "texture": "#0"}
			}
		},
		{
			"name": "e3_28",
			"from": [6.875, 6.125, 8],
			"to": [7, 6.375, 8.125],
			"rotation": {"angle": 0, "axis": "y", "origin": [0, 0, 8]},
			"faces": {
				"north": {"uv": [7, 9.625, 6.875, 9.875], "texture": "#0"},
				"south": {"uv": [6.875, 9.625, 7, 9.875], "texture": "#0"},
				"west": {"uv": [6.875, 9.625, 7, 9.875], "texture": "#0"},
				"up": {"uv": [6.875, 9.625, 7, 9.75], "texture": "#0"}
			}
		},
		{
			"name": "e3_29",
			"from": [8.875, 6.125, 8],
			"to": [9, 6.375, 8.125],
			"rotation": {"angle": 0, "axis": "y", "origin": [0, 0, 8]},
			"faces": {
				"north": {"uv": [9, 9.625, 8.875, 9.875], "texture": "#0"},
				"east": {"uv": [8.875, 9.625, 9, 9.875], "texture": "#0"},
				"south": {"uv": [8.875, 9.625, 9, 9.875], "texture": "#0"},
				"up": {"uv": [8.875, 9.625, 9, 9.75], "texture": "#0"}
			}
		},
		{
			"name": "e3_30",
			"from": [6.75, 6.125, 8],
			"to": [6.875, 6.25, 8.125],
			"rotation": {"angle": 0, "axis": "y", "origin": [0, 0, 8]},
			"faces": {
				"north": {"uv": [6.875, 9.75, 6.75, 9.875], "texture": "#0"},
				"south": {"uv": [6.75, 9.75, 6.875, 9.875], "texture": "#0"},
				"west": {"uv": [6.75, 9.75, 6.875, 9.875], "texture": "#0"},
				"up": {"uv": [6.75, 9.75, 6.875, 9.875], "texture": "#0"}
			}
		},
		{
			"name": "e3_31",
			"from": [7.625, 5.875, 7.85],
			"to": [7.75, 6.25, 8.275],
			"rotation": {"angle": 0, "axis": "y", "origin": [0, 0, 8]},
			"faces": {
				"north": {"uv": [7.75, 9.75, 7.625, 10.125], "texture": "#0"},
				"east": {"uv": [7.625, 9.75, 7.75, 10.125], "texture": "#0"},
				"south": {"uv": [7.625, 9.75, 7.75, 10.125], "texture": "#0"},
				"west": {"uv": [7.625, 9.75, 7.75, 10.125], "texture": "#0"},
				"up": {"uv": [7.625, 9.75, 7.75, 9.875], "texture": "#0"},
				"down": {"uv": [7.625, 10, 7.75, 10.125], "texture": "#0"}
			}
		},
		{
			"name": "e3_32",
			"from": [8.125, 5.875, 7.85],
			"to": [8.25, 6.25, 8.275],
			"rotation": {"angle": 0, "axis": "y", "origin": [0, 0, 8]},
			"faces": {
				"north": {"uv": [8.25, 9.75, 8.125, 10.125], "texture": "#0"},
				"east": {"uv": [8.125, 9.75, 8.25, 10.125], "texture": "#0"},
				"south": {"uv": [8.125, 9.75, 8.25, 10.125], "texture": "#0"},
				"west": {"uv": [8.125, 9.75, 8.25, 10.125], "texture": "#0"},
				"up": {"uv": [8.125, 9.75, 8.25, 9.875], "texture": "#0"},
				"down": {"uv": [8.125, 10, 8.25, 10.125], "texture": "#0"}
			}
		},
		{
			"name": "e3_33",
			"from": [9, 6.125, 8],
			"to": [9.125, 6.25, 8.125],
			"rotation": {"angle": 0, "axis": "y", "origin": [0, 0, 8]},
			"faces": {
				"north": {"uv": [9.125, 9.75, 9, 9.875], "texture": "#0"},
				"east": {"uv": [9, 9.75, 9.125, 9.875], "texture": "#0"},
				"south": {"uv": [9, 9.75, 9.125, 9.875], "texture": "#0"},
				"up": {"uv": [9, 9.75, 9.125, 9.875], "texture": "#0"}
			}
		},
		{
			"name": "e3_34",
			"from": [6.25, 5.875, 7.95],
			"to": [6.5, 6.125, 8.175],
			"rotation": {"angle": 0, "axis": "y", "origin": [0, 0, 8]},
			"faces": {
				"north": {"uv": [6.5, 9.875, 6.25, 10.125], "texture": "#0"},
				"south": {"uv": [6.25, 9.875, 6.5, 10.125], "texture": "#0"},
				"west": {"uv": [6.25, 9.875, 6.375, 10.125], "texture": "#0"},
				"down": {"uv": [6.25, 10, 6.5, 10.125], "texture": "#0"}
			}
		},
		{
			"name": "e3_35",
			"from": [7.375, 5.75, 7.85],
			"to": [7.625, 6.125, 8.275],
			"rotation": {"angle": 0, "axis": "y", "origin": [0, 0, 8]},
			"faces": {
				"north": {"uv": [7.625, 9.875, 7.375, 10.25], "texture": "#0"},
				"east": {"uv": [7.5, 9.875, 7.625, 10.25], "texture": "#0"},
				"south": {"uv": [7.375, 9.875, 7.625, 10.25], "texture": "#0"},
				"west": {"uv": [7.375, 9.875, 7.5, 10.25], "texture": "#0"},
				"up": {"uv": [7.375, 9.875, 7.625, 10], "texture": "#0"},
				"down": {"uv": [7.375, 10.125, 7.625, 10.25], "texture": "#0"}
			}
		},
		{
			"name": "e3_36",
			"from": [8.25, 5.75, 7.85],
			"to": [8.5, 6.125, 8.275],
			"rotation": {"angle": 0, "axis": "y", "origin": [0, 0, 8]},
			"faces": {
				"north": {"uv": [8.5, 9.875, 8.25, 10.25], "texture": "#0"},
				"east": {"uv": [8.375, 9.875, 8.5, 10.25], "texture": "#0"},
				"south": {"uv": [8.25, 9.875, 8.5, 10.25], "texture": "#0"},
				"west": {"uv": [8.25, 9.875, 8.375, 10.25], "texture": "#0"},
				"up": {"uv": [8.25, 9.875, 8.5, 10], "texture": "#0"},
				"down": {"uv": [8.25, 10.125, 8.5, 10.25], "texture": "#0"}
			}
		},
		{
			"name": "e3_37",
			"from": [9.375, 5.875, 7.95],
			"to": [9.625, 6.125, 8.175],
			"rotation": {"angle": 0, "axis": "y", "origin": [0, 0, 8]},
			"faces": {
				"north": {"uv": [9.625, 9.875, 9.375, 10.125], "texture": "#0"},
				"east": {"uv": [9.5, 9.875, 9.625, 10.125], "texture": "#0"},
				"south": {"uv": [9.375, 9.875, 9.625, 10.125], "texture": "#0"},
				"down": {"uv": [9.375, 10, 9.625, 10.125], "texture": "#0"}
			}
		},
		{
			"name": "e3_38",
			"from": [7.125, 5.875, 7.85],
			"to": [7.375, 6, 8.275],
			"rotation": {"angle": 0, "axis": "y", "origin": [0, 0, 8]},
			"faces": {
				"north": {"uv": [7.375, 10, 7.125, 10.125], "texture": "#0"},
				"south": {"uv": [7.125, 10, 7.375, 10.125], "texture": "#0"},
				"up": {"uv": [7.125, 10, 7.375, 10.125], "texture": "#0"}
			}
		},
		{
			"name": "e3_39",
			"from": [8.5, 5.875, 7.85],
			"to": [8.75, 6, 8.275],
			"rotation": {"angle": 0, "axis": "y", "origin": [0, 0, 8]},
			"faces": {
				"north": {"uv": [8.75, 10, 8.5, 10.125], "texture": "#0"},
				"south": {"uv": [8.5, 10, 8.75, 10.125], "texture": "#0"},
				"up": {"uv": [8.5, 10, 8.75, 10.125], "texture": "#0"}
			}
		},
		{
			"name": "e3_40",
			"from": [7.25, 5.625, 7.85],
			"to": [7.375, 5.875, 8.275],
			"rotation": {"angle": 0, "axis": "y", "origin": [0, 0, 8]},
			"faces": {
				"north": {"uv": [7.375, 10.125, 7.25, 10.375], "texture": "#0"},
				"south": {"uv": [7.25, 10.125, 7.375, 10.375], "texture": "#0"},
				"down": {"uv": [7.25, 10.25, 7.375, 10.375], "texture": "#0"}
			}
		},
		{
			"name": "e3_41",
			"from": [8.5, 5.625, 7.85],
			"to": [8.625, 5.875, 8.275],
			"rotation": {"angle": 0, "axis": "y", "origin": [0, 0, 8]},
			"faces": {
				"north": {"uv": [8.625, 10.125, 8.5, 10.375], "texture": "#0"},
				"south": {"uv": [8.5, 10.125, 8.625, 10.375], "texture": "#0"},
				"down": {"uv": [8.5, 10.25, 8.625, 10.375], "texture": "#0"}
			}
		},
		{
			"name": "e3_42",
			"from": [6.5, 5.375, 8],
			"to": [6.625, 5.75, 8.125],
			"rotation": {"angle": 0, "axis": "y", "origin": [0, 0, 8]},
			"faces": {
				"north": {"uv": [6.625, 10.25, 6.5, 10.625], "texture": "#0"},
				"south": {"uv": [6.5, 10.25, 6.625, 10.625], "texture": "#0"},
				"west": {"uv": [6.5, 10.25, 6.625, 10.625], "texture": "#0"},
				"down": {"uv": [6.5, 10.5, 6.625, 10.625], "texture": "#0"}
			}
		},
		{
			"name": "e3_43",
			"from": [7.375, 5.625, 7.85],
			"to": [7.5, 5.75, 8.275],
			"rotation": {"angle": 0, "axis": "y", "origin": [0, 0, 8]},
			"faces": {
				"north": {"uv": [7.5, 10.25, 7.375, 10.375], "texture": "#0"},
				"east": {"uv": [7.375, 10.25, 7.5, 10.375], "texture": "#0"},
				"south": {"uv": [7.375, 10.25, 7.5, 10.375], "texture": "#0"},
				"down": {"uv": [7.375, 10.25, 7.5, 10.375], "texture": "#0"}
			}
		},
		{
			"name": "e3_44",
			"from": [8.375, 5.625, 7.85],
			"to": [8.5, 5.75, 8.275],
			"rotation": {"angle": 0, "axis": "y", "origin": [0, 0, 8]},
			"faces": {
				"north": {"uv": [8.5, 10.25, 8.375, 10.375], "texture": "#0"},
				"south": {"uv": [8.375, 10.25, 8.5, 10.375], "texture": "#0"},
				"west": {"uv": [8.375, 10.25, 8.5, 10.375], "texture": "#0"},
				"down": {"uv": [8.375, 10.25, 8.5, 10.375], "texture": "#0"}
			}
		},
		{
			"name": "e3_45",
			"from": [9.25, 5.375, 8],
			"to": [9.375, 5.75, 8.125],
			"rotation": {"angle": 0, "axis": "y", "origin": [0, 0, 8]},
			"faces": {
				"north": {"uv": [9.375, 10.25, 9.25, 10.625], "texture": "#0"},
				"east": {"uv": [9.25, 10.25, 9.375, 10.625], "texture": "#0"},
				"south": {"uv": [9.25, 10.25, 9.375, 10.625], "texture": "#0"},
				"down": {"uv": [9.25, 10.5, 9.375, 10.625], "texture": "#0"}
			}
		},
		{
			"name": "e3_46",
			"from": [6.375, 5.25, 8],
			"to": [6.5, 5.625, 8.125],
			"rotation": {"angle": 0, "axis": "y", "origin": [0, 0, 8]},
			"faces": {
				"north": {"uv": [6.5, 10.375, 6.375, 10.75], "texture": "#0"},
				"east": {"uv": [6.375, 10.375, 6.5, 10.75], "texture": "#0"},
				"south": {"uv": [6.375, 10.375, 6.5, 10.75], "texture": "#0"},
				"west": {"uv": [6.375, 10.375, 6.5, 10.75], "texture": "#0"},
				"up": {"uv": [6.375, 10.375, 6.5, 10.5], "texture": "#0"},
				"down": {"uv": [6.375, 10.625, 6.5, 10.75], "texture": "#0"}
			}
		},
		{
			"name": "e3_47",
			"from": [6.625, 5.25, 8],
			"to": [6.75, 5.625, 8.125],
			"rotation": {"angle": 0, "axis": "y", "origin": [0, 0, 8]},
			"faces": {
				"north": {"uv": [6.75, 10.375, 6.625, 10.75], "texture": "#0"},
				"south": {"uv": [6.625, 10.375, 6.75, 10.75], "texture": "#0"},
				"west": {"uv": [6.625, 10.375, 6.75, 10.75], "texture": "#0"},
				"down": {"uv": [6.625, 10.625, 6.75, 10.75], "texture": "#0"}
			}
		},
		{
			"name": "e3_48",
			"from": [9.125, 5.25, 8],
			"to": [9.25, 5.625, 8.125],
			"rotation": {"angle": 0, "axis": "y", "origin": [0, 0, 8]},
			"faces": {
				"north": {"uv": [9.25, 10.375, 9.125, 10.75], "texture": "#0"},
				"east": {"uv": [9.125, 10.375, 9.25, 10.75], "texture": "#0"},
				"south": {"uv": [9.125, 10.375, 9.25, 10.75], "texture": "#0"},
				"down": {"uv": [9.125, 10.625, 9.25, 10.75], "texture": "#0"}
			}
		},
		{
			"name": "e3_49",
			"from": [9.375, 5.25, 8],
			"to": [9.5, 5.625, 8.125],
			"rotation": {"angle": 0, "axis": "y", "origin": [0, 0, 8]},
			"faces": {
				"north": {"uv": [9.5, 10.375, 9.375, 10.75], "texture": "#0"},
				"east": {"uv": [9.375, 10.375, 9.5, 10.75], "texture": "#0"},
				"south": {"uv": [9.375, 10.375, 9.5, 10.75], "texture": "#0"},
				"west": {"uv": [9.375, 10.375, 9.5, 10.75], "texture": "#0"},
				"up": {"uv": [9.375, 10.375, 9.5, 10.5], "texture": "#0"},
				"down": {"uv": [9.375, 10.625, 9.5, 10.75], "texture": "#0"}
			}
		},
		{
			"name": "e3_50",
			"from": [6.75, 5, 8],
			"to": [6.875, 5.5, 8.125],
			"rotation": {"angle": 0, "axis": "y", "origin": [0, 0, 8]},
			"faces": {
				"north": {"uv": [6.875, 10.5, 6.75, 11], "texture": "#0"},
				"south": {"uv": [6.75, 10.5, 6.875, 11], "texture": "#0"},
				"west": {"uv": [6.75, 10.5, 6.875, 11], "texture": "#0"},
				"down": {"uv": [6.75, 10.875, 6.875, 11], "texture": "#0"}
			}
		},
		{
			"name": "e3_51",
			"from": [7.875, 5.25, 7.9],
			"to": [8, 5.5, 8.225],
			"rotation": {"angle": 0, "axis": "y", "origin": [0, 0, 8]},
			"faces": {
				"north": {"uv": [8, 10.5, 7.875, 10.75], "texture": "#0"},
				"east": {"uv": [7.875, 10.5, 8, 10.75], "texture": "#0"},
				"south": {"uv": [7.875, 10.5, 8, 10.75], "texture": "#0"},
				"west": {"uv": [7.875, 10.5, 8, 10.75], "texture": "#0"},
				"up": {"uv": [7.875, 10.5, 8, 10.625], "texture": "#0"},
				"down": {"uv": [7.875, 10.625, 8, 10.75], "texture": "#0"}
			}
		},
		{
			"name": "e3_52",
			"from": [9, 5, 8],
			"to": [9.125, 5.5, 8.125],
			"rotation": {"angle": 0, "axis": "y", "origin": [0, 0, 8]},
			"faces": {
				"north": {"uv": [9.125, 10.5, 9, 11], "texture": "#0"},
				"east": {"uv": [9, 10.5, 9.125, 11], "texture": "#0"},
				"south": {"uv": [9, 10.5, 9.125, 11], "texture": "#0"},
				"down": {"uv": [9, 10.875, 9.125, 11], "texture": "#0"}
			}
		},
		{
			"name": "e3_53",
			"from": [7.75, 4.75, 7.9],
			"to": [7.875, 5.375, 8.225],
			"rotation": {"angle": 0, "axis": "y", "origin": [0, 0, 8]},
			"faces": {
				"north": {"uv": [7.875, 10.625, 7.75, 11.25], "texture": "#0"},
				"east": {"uv": [7.75, 10.625, 7.875, 11.25], "texture": "#0"},
				"south": {"uv": [7.75, 10.625, 7.875, 11.25], "texture": "#0"},
				"west": {"uv": [7.75, 10.625, 7.875, 11.25], "texture": "#0"},
				"up": {"uv": [7.75, 10.625, 7.875, 10.75], "texture": "#0"}
			}
		},
		{
			"name": "e3_54",
			"from": [8, 4.75, 7.9],
			"to": [8.125, 5.375, 8.225],
			"rotation": {"angle": 0, "axis": "y", "origin": [0, 0, 8]},
			"faces": {
				"north": {"uv": [8.125, 10.625, 8, 11.25], "texture": "#0"},
				"east": {"uv": [8, 10.625, 8.125, 11.25], "texture": "#0"},
				"south": {"uv": [8, 10.625, 8.125, 11.25], "texture": "#0"},
				"west": {"uv": [8, 10.625, 8.125, 11.25], "texture": "#0"},
				"up": {"uv": [8, 10.625, 8.125, 10.75], "texture": "#0"}
			}
		},
		{
			"name": "e3_55",
			"from": [6.875, 4.875, 8],
			"to": [7, 5.125, 8.125],
			"rotation": {"angle": 0, "axis": "y", "origin": [0, 0, 8]},
			"faces": {
				"north": {"uv": [7, 10.875, 6.875, 11.125], "texture": "#0"},
				"south": {"uv": [6.875, 10.875, 7, 11.125], "texture": "#0"},
				"west": {"uv": [6.875, 10.875, 7, 11.125], "texture": "#0"},
				"down": {"uv": [6.875, 11, 7, 11.125], "texture": "#0"}
			}
		},
		{
			"name": "e3_56",
			"from": [8.875, 4.875, 8],
			"to": [9, 5.125, 8.125],
			"rotation": {"angle": 0, "axis": "y", "origin": [0, 0, 8]},
			"faces": {
				"north": {"uv": [9, 10.875, 8.875, 11.125], "texture": "#0"},
				"east": {"uv": [8.875, 10.875, 9, 11.125], "texture": "#0"},
				"south": {"uv": [8.875, 10.875, 9, 11.125], "texture": "#0"},
				"down": {"uv": [8.875, 11, 9, 11.125], "texture": "#0"}
			}
		},
		{
			"name": "e3_57",
			"from": [7, 4.75, 8],
			"to": [7.125, 5, 8.125],
			"rotation": {"angle": 0, "axis": "y", "origin": [0, 0, 8]},
			"faces": {
				"north": {"uv": [7.125, 11, 7, 11.25], "texture": "#0"},
				"south": {"uv": [7, 11, 7.125, 11.25], "texture": "#0"},
				"west": {"uv": [7, 11, 7.125, 11.25], "texture": "#0"},
				"down": {"uv": [7, 11.125, 7.125, 11.25], "texture": "#0"}
			}
		},
		{
			"name": "e3_58",
			"from": [8.75, 4.75, 8],
			"to": [8.875, 5, 8.125],
			"rotation": {"angle": 0, "axis": "y", "origin": [0, 0, 8]},
			"faces": {
				"north": {"uv": [8.875, 11, 8.75, 11.25], "texture": "#0"},
				"east": {"uv": [8.75, 11, 8.875, 11.25], "texture": "#0"},
				"south": {"uv": [8.75, 11, 8.875, 11.25], "texture": "#0"},
				"down": {"uv": [8.75, 11.125, 8.875, 11.25], "texture": "#0"}
			}
		},
		{
			"name": "e3_59",
			"from": [7.875, 4.75, 7.9],
			"to": [8, 4.875, 8.225],
			"rotation": {"angle": 0, "axis": "y", "origin": [0, 0, 8]},
			"faces": {
				"north": {"uv": [8, 11.125, 7.875, 11.25], "texture": "#0"},
				"south": {"uv": [7.875, 11.125, 8, 11.25], "texture": "#0"},
				"up": {"uv": [7.875, 11.125, 8, 11.25], "texture": "#0"}
			}
		},
		{
			"name": "e3_60",
			"from": [7.125, 4.625, 8],
			"to": [7.25, 4.75, 8.125],
			"rotation": {"angle": 0, "axis": "y", "origin": [0, 0, 8]},
			"faces": {
				"north": {"uv": [7.25, 11.25, 7.125, 11.375], "texture": "#0"},
				"south": {"uv": [7.125, 11.25, 7.25, 11.375], "texture": "#0"},
				"west": {"uv": [7.125, 11.25, 7.25, 11.375], "texture": "#0"},
				"down": {"uv": [7.125, 11.25, 7.25, 11.375], "texture": "#0"}
			}
		},
		{
			"name": "e3_61",
			"from": [8.625, 4.625, 8],
			"to": [8.75, 4.75, 8.125],
			"rotation": {"angle": 0, "axis": "y", "origin": [0, 0, 8]},
			"faces": {
				"north": {"uv": [8.75, 11.25, 8.625, 11.375], "texture": "#0"},
				"east": {"uv": [8.625, 11.25, 8.75, 11.375], "texture": "#0"},
				"south": {"uv": [8.625, 11.25, 8.75, 11.375], "texture": "#0"},
				"down": {"uv": [8.625, 11.25, 8.75, 11.375], "texture": "#0"}
			}
		},
		{
			"name": "e4_0",
			"from": [7.875, 6.25, 7.95],
			"to": [8, 14.125, 8.175],
			"rotation": {"angle": 0, "axis": "y", "origin": [0, 0, 8]},
			"faces": {
				"north": {"uv": [8, 1.875, 7.875, 9.75], "texture": "#0"},
				"east": {"uv": [7.875, 1.875, 8, 9.75], "texture": "#0"},
				"south": {"uv": [7.875, 1.875, 8, 9.75], "texture": "#0"},
				"west": {"uv": [7.875, 1.875, 8, 9.75], "texture": "#0"},
				"up": {"uv": [7.875, 1.875, 8, 2], "texture": "#0"}
			}
		},
		{
			"name": "e4_1",
			"from": [7.75, 6.25, 7.95],
			"to": [7.875, 13.625, 8.175],
			"rotation": {"angle": 0, "axis": "y", "origin": [0, 0, 8]},
			"faces": {
				"north": {"uv": [7.875, 2.375, 7.75, 9.75], "texture": "#0"},
				"south": {"uv": [7.75, 2.375, 7.875, 9.75], "texture": "#0"},
				"west": {"uv": [7.75, 2.375, 7.875, 9.75], "texture": "#0"},
				"up": {"uv": [7.75, 2.375, 7.875, 2.5], "texture": "#0"}
			}
		},
		{
			"name": "e4_2",
			"from": [8, 6.25, 7.95],
			"to": [8.125, 13.625, 8.175],
			"rotation": {"angle": 0, "axis": "y", "origin": [0, 0, 8]},
			"faces": {
				"north": {"uv": [8.125, 2.375, 8, 9.75], "texture": "#0"},
				"east": {"uv": [8, 2.375, 8.125, 9.75], "texture": "#0"},
				"south": {"uv": [8, 2.375, 8.125, 9.75], "texture": "#0"},
				"up": {"uv": [8, 2.375, 8.125, 2.5], "texture": "#0"}
			}
		},
		{
			"name": "e4_3",
			"from": [7.625, 6.25, 7.95],
			"to": [7.75, 13.25, 8.175],
			"rotation": {"angle": 0, "axis": "y", "origin": [0, 0, 8]},
			"faces": {
				"north": {"uv": [7.75, 2.75, 7.625, 9.75], "texture": "#0"},
				"south": {"uv": [7.625, 2.75, 7.75, 9.75], "texture": "#0"},
				"west": {"uv": [7.625, 2.75, 7.75, 9.75], "texture": "#0"},
				"up": {"uv": [7.625, 2.75, 7.75, 2.875], "texture": "#0"}
			}
		},
		{
			"name": "e4_4",
			"from": [8.125, 6.25, 7.95],
			"to": [8.25, 13.25, 8.175],
			"rotation": {"angle": 0, "axis": "y", "origin": [0, 0, 8]},
			"faces": {
				"north": {"uv": [8.25, 2.75, 8.125, 9.75], "texture": "#0"},
				"east": {"uv": [8.125, 2.75, 8.25, 9.75], "texture": "#0"},
				"south": {"uv": [8.125, 2.75, 8.25, 9.75], "texture": "#0"},
				"up": {"uv": [8.125, 2.75, 8.25, 2.875], "texture": "#0"}
			}
		},
		{
			"name": "e4_5",
			"from": [7.5, 12, 7.95],
			"to": [7.625, 12.75, 8.175],
			"rotation": {"angle": 0, "axis": "y", "origin": [0, 0, 8]},
			"faces": {
				"north": {"uv": [7.625, 3.25, 7.5, 4], "texture": "#0"},
				"south": {"uv": [7.5, 3.25, 7.625, 4], "texture": "#0"},
				"west": {"uv": [7.5, 3.25, 7.625, 4], "texture": "#0"},
				"up": {"uv": [7.5, 3.25, 7.625, 3.375], "texture": "#0"},
				"down": {"uv": [7.5, 3.875, 7.625, 4], "texture": "#0"}
			}
		},
		{
			"name": "e4_6",
			"from": [8.25, 12, 7.95],
			"to": [8.375, 12.75, 8.175],
			"rotation": {"angle": 0, "axis": "y", "origin": [0, 0, 8]},
			"faces": {
				"north": {"uv": [8.375, 3.25, 8.25, 4], "texture": "#0"},
				"east": {"uv": [8.25, 3.25, 8.375, 4], "texture": "#0"},
				"south": {"uv": [8.25, 3.25, 8.375, 4], "texture": "#0"},
				"up": {"uv": [8.25, 3.25, 8.375, 3.375], "texture": "#0"},
				"down": {"uv": [8.25, 3.875, 8.375, 4], "texture": "#0"}
			}
		},
		{
			"name": "e4_7",
			"from": [7.5, 8.625, 7.95],
			"to": [7.625, 9.25, 8.175],
			"rotation": {"angle": 0, "axis": "y", "origin": [0, 0, 8]},
			"faces": {
				"north": {"uv": [7.625, 6.75, 7.5, 7.375], "texture": "#0"},
				"south": {"uv": [7.5, 6.75, 7.625, 7.375], "texture": "#0"},
				"west": {"uv": [7.5, 6.75, 7.625, 7.375], "texture": "#0"},
				"up": {"uv": [7.5, 6.75, 7.625, 6.875], "texture": "#0"},
				"down": {"uv": [7.5, 7.25, 7.625, 7.375], "texture": "#0"}
			}
		},
		{
			"name": "e4_8",
			"from": [8.25, 8.625, 7.95],
			"to": [8.375, 9.25, 8.175],
			"rotation": {"angle": 0, "axis": "y", "origin": [0, 0, 8]},
			"faces": {
				"north": {"uv": [8.375, 6.75, 8.25, 7.375], "texture": "#0"},
				"east": {"uv": [8.25, 6.75, 8.375, 7.375], "texture": "#0"},
				"south": {"uv": [8.25, 6.75, 8.375, 7.375], "texture": "#0"},
				"up": {"uv": [8.25, 6.75, 8.375, 6.875], "texture": "#0"},
				"down": {"uv": [8.25, 7.25, 8.375, 7.375], "texture": "#0"}
			}
		},
		{
			"name": "e4_9",
			"from": [7.375, 8.75, 7.95],
			"to": [7.5, 8.875, 8.175],
			"rotation": {"angle": 0, "axis": "y", "origin": [0, 0, 8]},
			"faces": {
				"north": {"uv": [7.5, 7.125, 7.375, 7.25], "texture": "#0"},
				"south": {"uv": [7.375, 7.125, 7.5, 7.25], "texture": "#0"},
				"west": {"uv": [7.375, 7.125, 7.5, 7.25], "texture": "#0"},
				"up": {"uv": [7.375, 7.125, 7.5, 7.25], "texture": "#0"},
				"down": {"uv": [7.375, 7.125, 7.5, 7.25], "texture": "#0"}
			}
		},
		{
			"name": "e4_10",
			"from": [8.375, 8.75, 7.95],
			"to": [8.5, 8.875, 8.175],
			"rotation": {"angle": 0, "axis": "y", "origin": [0, 0, 8]},
			"faces": {
				"north": {"uv": [8.5, 7.125, 8.375, 7.25], "texture": "#0"},
				"east": {"uv": [8.375, 7.125, 8.5, 7.25], "texture": "#0"},
				"south": {"uv": [8.375, 7.125, 8.5, 7.25], "texture": "#0"},
				"up": {"uv": [8.375, 7.125, 8.5, 7.25], "texture": "#0"},
				"down": {"uv": [8.375, 7.125, 8.5, 7.25], "texture": "#0"}
			}
		},
		{
			"name": "e4_11",
			"from": [7.5, 6.125, 7.95],
			"to": [7.625, 7.375, 8.175],
			"rotation": {"angle": 0, "axis": "y", "origin": [0, 0, 8]},
			"faces": {
				"north": {"uv": [7.625, 8.625, 7.5, 9.875], "texture": "#0"},
				"south": {"uv": [7.5, 8.625, 7.625, 9.875], "texture": "#0"},
				"west": {"uv": [7.5, 8.625, 7.625, 9.875], "texture": "#0"},
				"up": {"uv": [7.5, 8.625, 7.625, 8.75], "texture": "#0"}
			}
		},
		{
			"name": "e4_12",
			"from": [8.25, 6.125, 7.95],
			"to": [8.375, 7.375, 8.175],
			"rotation": {"angle": 0, "axis": "y", "origin": [0, 0, 8]},
			"faces": {
				"north": {"uv": [8.375, 8.625, 8.25, 9.875], "texture": "#0"},
				"east": {"uv": [8.25, 8.625, 8.375, 9.875], "texture": "#0"},
				"south": {"uv": [8.25, 8.625, 8.375, 9.875], "texture": "#0"},
				"up": {"uv": [8.25, 8.625, 8.375, 8.75], "texture": "#0"}
			}
		},
		{
			"name": "e4_13",
			"from": [7.375, 6.125, 7.95],
			"to": [7.5, 6.875, 8.175],
			"rotation": {"angle": 0, "axis": "y", "origin": [0, 0, 8]},
			"faces": {
				"north": {"uv": [7.5, 9.125, 7.375, 9.875], "texture": "#0"},
				"south": {"uv": [7.375, 9.125, 7.5, 9.875], "texture": "#0"},
				"west": {"uv": [7.375, 9.125, 7.5, 9.875], "texture": "#0"},
				"up": {"uv": [7.375, 9.125, 7.5, 9.25], "texture": "#0"}
			}
		},
		{
			"name": "e4_14",
			"from": [8.375, 6.125, 7.95],
			"to": [8.5, 6.875, 8.175],
			"rotation": {"angle": 0, "axis": "y", "origin": [0, 0, 8]},
			"faces": {
				"north": {"uv": [8.5, 9.125, 8.375, 9.875], "texture": "#0"},
				"east": {"uv": [8.375, 9.125, 8.5, 9.875], "texture": "#0"},
				"south": {"uv": [8.375, 9.125, 8.5, 9.875], "texture": "#0"},
				"up": {"uv": [8.375, 9.125, 8.5, 9.25], "texture": "#0"}
			}
		},
		{
			"name": "e4_15",
			"from": [7.125, 6.125, 7.95],
			"to": [7.375, 6.625, 8.175],
			"rotation": {"angle": 0, "axis": "y", "origin": [0, 0, 8]},
			"faces": {
				"north": {"uv": [7.375, 9.375, 7.125, 9.875], "texture": "#0"},
				"south": {"uv": [7.125, 9.375, 7.375, 9.875], "texture": "#0"}
			}
		},
		{
			"name": "e4_16",
			"from": [8.5, 6.125, 7.95],
			"to": [8.75, 6.625, 8.175],
			"rotation": {"angle": 0, "axis": "y", "origin": [0, 0, 8]},
			"faces": {
				"north": {"uv": [8.75, 9.375, 8.5, 9.875], "texture": "#0"},
				"south": {"uv": [8.5, 9.375, 8.75, 9.875], "texture": "#0"}
			}
		},
		{
			"name": "e4_17",
			"from": [7, 6.125, 7.95],
			"to": [7.125, 6.375, 8.175],
			"rotation": {"angle": 0, "axis": "y", "origin": [0, 0, 8]},
			"faces": {
				"north": {"uv": [7.125, 9.625, 7, 9.875], "texture": "#0"},
				"south": {"uv": [7, 9.625, 7.125, 9.875], "texture": "#0"},
				"west": {"uv": [7, 9.625, 7.125, 9.875], "texture": "#0"}
			}
		},
		{
			"name": "e4_18",
			"from": [8.75, 6.125, 7.95],
			"to": [8.875, 6.375, 8.175],
			"rotation": {"angle": 0, "axis": "y", "origin": [0, 0, 8]},
			"faces": {
				"north": {"uv": [8.875, 9.625, 8.75, 9.875], "texture": "#0"},
				"east": {"uv": [8.75, 9.625, 8.875, 9.875], "texture": "#0"},
				"south": {"uv": [8.75, 9.625, 8.875, 9.875], "texture": "#0"}
			}
		},
		{
			"name": "e4_19",
			"from": [7.25, 6, 7.95],
			"to": [7.375, 6.125, 8.175],
			"rotation": {"angle": 0, "axis": "y", "origin": [0, 0, 8]},
			"faces": {
				"north": {"uv": [7.375, 9.875, 7.25, 10], "texture": "#0"},
				"south": {"uv": [7.25, 9.875, 7.375, 10], "texture": "#0"}
			}
		},
		{
			"name": "e4_20",
			"from": [8.5, 6, 7.95],
			"to": [8.625, 6.125, 8.175],
			"rotation": {"angle": 0, "axis": "y", "origin": [0, 0, 8]},
			"faces": {
				"north": {"uv": [8.625, 9.875, 8.5, 10], "texture": "#0"},
				"south": {"uv": [8.5, 9.875, 8.625, 10], "texture": "#0"}
			}
		},
		{
			"name": "e4_21",
			"from": [7.875, 4.875, 8],
			"to": [8, 5.25, 8.125],
			"rotation": {"angle": 0, "axis": "y", "origin": [0, 0, 8]},
			"faces": {
				"north": {"uv": [8, 10.75, 7.875, 11.125], "texture": "#0"},
				"south": {"uv": [7.875, 10.75, 8, 11.125], "texture": "#0"}
			}
		},
		{
			"name": "e1_0",
			"from": [7.875, 6.25, 7.9],
			"to": [8, 12.125, 8.225],
			"rotation": {"angle": 0, "axis": "y", "origin": [0, 0, 8]},
			"faces": {
				"north": {"uv": [8, 3.875, 7.875, 9.75], "texture": "#0"},
				"east": {"uv": [7.875, 3.875, 8, 9.75], "texture": "#0"},
				"south": {"uv": [7.875, 3.875, 8, 9.75], "texture": "#0"},
				"west": {"uv": [7.875, 3.875, 8, 9.75], "texture": "#0"},
				"up": {"uv": [7.875, 3.875, 8, 4], "texture": "#0"}
			}
		},
		{
			"name": "e1_1",
			"from": [7.75, 6.25, 7.9],
			"to": [7.875, 11.375, 8.225],
			"rotation": {"angle": 0, "axis": "y", "origin": [0, 0, 8]},
			"faces": {
				"north": {"uv": [7.875, 4.625, 7.75, 9.75], "texture": "#0"},
				"south": {"uv": [7.75, 4.625, 7.875, 9.75], "texture": "#0"},
				"west": {"uv": [7.75, 4.625, 7.875, 9.75], "texture": "#0"},
				"up": {"uv": [7.75, 4.625, 7.875, 4.75], "texture": "#0"}
			}
		},
		{
			"name": "e1_2",
			"from": [8, 6.25, 7.9],
			"to": [8.125, 11.375, 8.225],
			"rotation": {"angle": 0, "axis": "y", "origin": [0, 0, 8]},
			"faces": {
				"north": {"uv": [8.125, 4.625, 8, 9.75], "texture": "#0"},
				"east": {"uv": [8, 4.625, 8.125, 9.75], "texture": "#0"},
				"south": {"uv": [8, 4.625, 8.125, 9.75], "texture": "#0"},
				"up": {"uv": [8, 4.625, 8.125, 4.75], "texture": "#0"}
			}
		},
		{
			"name": "e1_3",
			"from": [7.625, 8.625, 7.9],
			"to": [7.75, 9.125, 8.225],
			"rotation": {"angle": 0, "axis": "y", "origin": [0, 0, 8]},
			"faces": {
				"north": {"uv": [7.75, 6.875, 7.625, 7.375], "texture": "#0"},
				"south": {"uv": [7.625, 6.875, 7.75, 7.375], "texture": "#0"},
				"west": {"uv": [7.625, 6.875, 7.75, 7.375], "texture": "#0"},
				"up": {"uv": [7.625, 6.875, 7.75, 7], "texture": "#0"},
				"down": {"uv": [7.625, 7.25, 7.75, 7.375], "texture": "#0"}
			}
		},
		{
			"name": "e1_4",
			"from": [8.125, 8.625, 7.9],
			"to": [8.25, 9.125, 8.225],
			"rotation": {"angle": 0, "axis": "y", "origin": [0, 0, 8]},
			"faces": {
				"north": {"uv": [8.25, 6.875, 8.125, 7.375], "texture": "#0"},
				"east": {"uv": [8.125, 6.875, 8.25, 7.375], "texture": "#0"},
				"south": {"uv": [8.125, 6.875, 8.25, 7.375], "texture": "#0"},
				"up": {"uv": [8.125, 6.875, 8.25, 7], "texture": "#0"},
				"down": {"uv": [8.125, 7.25, 8.25, 7.375], "texture": "#0"}
			}
		},
		{
			"name": "e1_5",
			"from": [7.5, 8.75, 7.9],
			"to": [7.625, 8.875, 8.225],
			"rotation": {"angle": 0, "axis": "y", "origin": [0, 0, 8]},
			"faces": {
				"north": {"uv": [7.625, 7.125, 7.5, 7.25], "texture": "#0"},
				"south": {"uv": [7.5, 7.125, 7.625, 7.25], "texture": "#0"},
				"west": {"uv": [7.5, 7.125, 7.625, 7.25], "texture": "#0"},
				"up": {"uv": [7.5, 7.125, 7.625, 7.25], "texture": "#0"},
				"down": {"uv": [7.5, 7.125, 7.625, 7.25], "texture": "#0"}
			}
		},
		{
			"name": "e1_6",
			"from": [8.25, 8.75, 7.9],
			"to": [8.375, 8.875, 8.225],
			"rotation": {"angle": 0, "axis": "y", "origin": [0, 0, 8]},
			"faces": {
				"north": {"uv": [8.375, 7.125, 8.25, 7.25], "texture": "#0"},
				"east": {"uv": [8.25, 7.125, 8.375, 7.25], "texture": "#0"},
				"south": {"uv": [8.25, 7.125, 8.375, 7.25], "texture": "#0"},
				"up": {"uv": [8.25, 7.125, 8.375, 7.25], "texture": "#0"},
				"down": {"uv": [8.25, 7.125, 8.375, 7.25], "texture": "#0"}
			}
		},
		{
			"name": "e1_7",
			"from": [6.25, 6.125, 7.85],
			"to": [6.5, 6.375, 8.275],
			"rotation": {"angle": 0, "axis": "y", "origin": [0, 0, 8]},
			"faces": {
				"north": {"uv": [6.5, 9.625, 6.25, 9.875], "texture": "#0"},
				"east": {"uv": [6.375, 9.625, 6.5, 9.875], "texture": "#0"},
				"south": {"uv": [6.25, 9.625, 6.5, 9.875], "texture": "#0"},
				"west": {"uv": [6.25, 9.625, 6.375, 9.875], "texture": "#0"},
				"up": {"uv": [6.25, 9.625, 6.5, 9.75], "texture": "#0"},
				"down": {"uv": [6.25, 9.75, 6.5, 9.875], "texture": "#0"}
			}
		},
		{
			"name": "e1_8",
			"from": [9.375, 6.125, 7.85],
			"to": [9.625, 6.375, 8.275],
			"rotation": {"angle": 0, "axis": "y", "origin": [0, 0, 8]},
			"faces": {
				"north": {"uv": [9.625, 9.625, 9.375, 9.875], "texture": "#0"},
				"east": {"uv": [9.5, 9.625, 9.625, 9.875], "texture": "#0"},
				"south": {"uv": [9.375, 9.625, 9.625, 9.875], "texture": "#0"},
				"west": {"uv": [9.375, 9.625, 9.5, 9.875], "texture": "#0"},
				"up": {"uv": [9.375, 9.625, 9.625, 9.75], "texture": "#0"},
				"down": {"uv": [9.375, 9.75, 9.625, 9.875], "texture": "#0"}
			}
		},
		{
			"name": "e1_9",
			"from": [6.125, 6, 7.85],
			"to": [6.25, 6.25, 8.275],
			"rotation": {"angle": 0, "axis": "y", "origin": [0, 0, 8]},
			"faces": {
				"north": {"uv": [6.25, 9.75, 6.125, 10], "texture": "#0"},
				"east": {"uv": [6.125, 9.75, 6.25, 10], "texture": "#0"},
				"south": {"uv": [6.125, 9.75, 6.25, 10], "texture": "#0"},
				"west": {"uv": [6.125, 9.75, 6.25, 10], "texture": "#0"},
				"up": {"uv": [6.125, 9.75, 6.25, 9.875], "texture": "#0"},
				"down": {"uv": [6.125, 9.875, 6.25, 10], "texture": "#0"}
			}
		},
		{
			"name": "e1_10",
			"from": [6.5, 6, 7.85],
			"to": [6.625, 6.25, 8.275],
			"rotation": {"angle": 0, "axis": "y", "origin": [0, 0, 8]},
			"faces": {
				"north": {"uv": [6.625, 9.75, 6.5, 10], "texture": "#0"},
				"east": {"uv": [6.5, 9.75, 6.625, 10], "texture": "#0"},
				"south": {"uv": [6.5, 9.75, 6.625, 10], "texture": "#0"},
				"west": {"uv": [6.5, 9.75, 6.625, 10], "texture": "#0"},
				"up": {"uv": [6.5, 9.75, 6.625, 9.875], "texture": "#0"},
				"down": {"uv": [6.5, 9.875, 6.625, 10], "texture": "#0"}
			}
		},
		{
			"name": "e1_11",
			"from": [9.25, 5.875, 7.85],
			"to": [9.375, 6.25, 8.275],
			"rotation": {"angle": 0, "axis": "y", "origin": [0, 0, 8]},
			"faces": {
				"north": {"uv": [9.375, 9.75, 9.25, 10.125], "texture": "#0"},
				"east": {"uv": [9.25, 9.75, 9.375, 10.125], "texture": "#0"},
				"south": {"uv": [9.25, 9.75, 9.375, 10.125], "texture": "#0"},
				"west": {"uv": [9.25, 9.75, 9.375, 10.125], "texture": "#0"},
				"up": {"uv": [9.25, 9.75, 9.375, 9.875], "texture": "#0"},
				"down": {"uv": [9.25, 10, 9.375, 10.125], "texture": "#0"}
			}
		},
		{
			"name": "e1_12",
			"from": [9.625, 6, 7.85],
			"to": [9.75, 6.25, 8.275],
			"rotation": {"angle": 0, "axis": "y", "origin": [0, 0, 8]},
			"faces": {
				"north": {"uv": [9.75, 9.75, 9.625, 10], "texture": "#0"},
				"east": {"uv": [9.625, 9.75, 9.75, 10], "texture": "#0"},
				"south": {"uv": [9.625, 9.75, 9.75, 10], "texture": "#0"},
				"west": {"uv": [9.625, 9.75, 9.75, 10], "texture": "#0"},
				"up": {"uv": [9.625, 9.75, 9.75, 9.875], "texture": "#0"},
				"down": {"uv": [9.625, 9.875, 9.75, 10], "texture": "#0"}
			}
		},
		{
			"name": "e1_13",
			"from": [6.625, 5.875, 7.8],
			"to": [7.125, 6.125, 8.325],
			"rotation": {"angle": 0, "axis": "y", "origin": [0, 0, 8]},
			"faces": {
				"north": {"uv": [7.125, 9.875, 6.625, 10.125], "texture": "#0"},
				"east": {"uv": [7, 9.875, 7.125, 10.125], "texture": "#0"},
				"south": {"uv": [6.625, 9.875, 7.125, 10.125], "texture": "#0"},
				"west": {"uv": [6.625, 9.875, 6.75, 10.125], "texture": "#0"},
				"up": {"uv": [6.625, 9.875, 7.125, 10], "texture": "#0"},
				"down": {"uv": [6.625, 10, 7.125, 10.125], "texture": "#0"}
			}
		},
		{
			"name": "e1_14",
			"from": [7.125, 6, 7.8],
			"to": [7.25, 6.125, 8.325],
			"rotation": {"angle": 0, "axis": "y", "origin": [0, 0, 8]},
			"faces": {
				"north": {"uv": [7.25, 9.875, 7.125, 10], "texture": "#0"},
				"east": {"uv": [7.125, 9.875, 7.25, 10], "texture": "#0"},
				"south": {"uv": [7.125, 9.875, 7.25, 10], "texture": "#0"},
				"up": {"uv": [7.125, 9.875, 7.25, 10], "texture": "#0"},
				"down": {"uv": [7.125, 9.875, 7.25, 10], "texture": "#0"}
			}
		},
		{
			"name": "e1_15",
			"from": [8.625, 6, 7.8],
			"to": [9.25, 6.125, 8.325],
			"rotation": {"angle": 0, "axis": "y", "origin": [0, 0, 8]},
			"faces": {
				"north": {"uv": [9.25, 9.875, 8.625, 10], "texture": "#0"},
				"east": {"uv": [9.125, 9.875, 9.25, 10], "texture": "#0"},
				"south": {"uv": [8.625, 9.875, 9.25, 10], "texture": "#0"},
				"west": {"uv": [8.625, 9.875, 8.75, 10], "texture": "#0"},
				"up": {"uv": [8.625, 9.875, 9.25, 10], "texture": "#0"},
				"down": {"uv": [8.625, 9.875, 9.25, 10], "texture": "#0"}
			}
		},
		{
			"name": "e1_16",
			"from": [8.75, 5.75, 7.8],
			"to": [9, 6, 8.325],
			"rotation": {"angle": 0, "axis": "y", "origin": [0, 0, 8]},
			"faces": {
				"north": {"uv": [9, 10, 8.75, 10.25], "texture": "#0"},
				"east": {"uv": [8.875, 10, 9, 10.25], "texture": "#0"},
				"south": {"uv": [8.75, 10, 9, 10.25], "texture": "#0"},
				"west": {"uv": [8.75, 10, 8.875, 10.25], "texture": "#0"},
				"down": {"uv": [8.75, 10.125, 9, 10.25], "texture": "#0"}
			}
		},
		{
			"name": "e1_17",
			"from": [9, 5.875, 7.9],
			"to": [9.25, 6, 8.225],
			"rotation": {"angle": 0, "axis": "y", "origin": [0, 0, 8]},
			"faces": {
				"north": {"uv": [9.25, 10, 9, 10.125], "texture": "#0"},
				"south": {"uv": [9, 10, 9.25, 10.125], "texture": "#0"},
				"down": {"uv": [9, 10, 9.25, 10.125], "texture": "#0"}
			}
		},
		{
			"name": "e1_18",
			"from": [6.875, 5.75, 7.8],
			"to": [7.25, 5.875, 8.325],
			"rotation": {"angle": 0, "axis": "y", "origin": [0, 0, 8]},
			"faces": {
				"north": {"uv": [7.25, 10.125, 6.875, 10.25], "texture": "#0"},
				"east": {"uv": [7.125, 10.125, 7.25, 10.25], "texture": "#0"},
				"south": {"uv": [6.875, 10.125, 7.25, 10.25], "texture": "#0"},
				"west": {"uv": [6.875, 10.125, 7, 10.25], "texture": "#0"},
				"up": {"uv": [6.875, 10.125, 7.25, 10.25], "texture": "#0"},
				"down": {"uv": [6.875, 10.125, 7.25, 10.25], "texture": "#0"}
			}
		},
		{
			"name": "e1_19",
			"from": [8.625, 4.75, 7.8],
			"to": [8.75, 5.875, 8.325],
			"rotation": {"angle": 0, "axis": "y", "origin": [0, 0, 8]},
			"faces": {
				"north": {"uv": [8.75, 10.125, 8.625, 11.25], "texture": "#0"},
				"east": {"uv": [8.625, 10.125, 8.75, 11.25], "texture": "#0"},
				"south": {"uv": [8.625, 10.125, 8.75, 11.25], "texture": "#0"},
				"west": {"uv": [8.625, 10.125, 8.75, 11.25], "texture": "#0"},
				"up": {"uv": [8.625, 10.125, 8.75, 10.25], "texture": "#0"},
				"down": {"uv": [8.625, 11.125, 8.75, 11.25], "texture": "#0"}
			}
		},
		{
			"name": "e1_20",
			"from": [7, 5, 7.8],
			"to": [7.25, 5.75, 8.325],
			"rotation": {"angle": 0, "axis": "y", "origin": [0, 0, 8]},
			"faces": {
				"north": {"uv": [7.25, 10.25, 7, 11], "texture": "#0"},
				"east": {"uv": [7.125, 10.25, 7.25, 11], "texture": "#0"},
				"south": {"uv": [7, 10.25, 7.25, 11], "texture": "#0"},
				"west": {"uv": [7, 10.25, 7.125, 11], "texture": "#0"},
				"down": {"uv": [7, 10.875, 7.25, 11], "texture": "#0"}
			}
		},
		{
			"name": "e1_21",
			"from": [8.75, 5, 7.8],
			"to": [8.875, 5.75, 8.325],
			"rotation": {"angle": 0, "axis": "y", "origin": [0, 0, 8]},
			"faces": {
				"north": {"uv": [8.875, 10.25, 8.75, 11], "texture": "#0"},
				"east": {"uv": [8.75, 10.25, 8.875, 11], "texture": "#0"},
				"south": {"uv": [8.75, 10.25, 8.875, 11], "texture": "#0"},
				"down": {"uv": [8.75, 10.875, 8.875, 11], "texture": "#0"}
			}
		},
		{
			"name": "e1_22",
			"from": [7.25, 5.5, 7.9],
			"to": [7.375, 5.625, 8.225],
			"rotation": {"angle": 0, "axis": "y", "origin": [0, 0, 8]},
			"faces": {
				"north": {"uv": [7.375, 10.375, 7.25, 10.5], "texture": "#0"},
				"east": {"uv": [7.25, 10.375, 7.375, 10.5], "texture": "#0"},
				"south": {"uv": [7.25, 10.375, 7.375, 10.5], "texture": "#0"},
				"down": {"uv": [7.25, 10.375, 7.375, 10.5], "texture": "#0"}
			}
		},
		{
			"name": "e1_23",
			"from": [8.5, 5.5, 7.9],
			"to": [8.625, 5.625, 8.225],
			"rotation": {"angle": 0, "axis": "y", "origin": [0, 0, 8]},
			"faces": {
				"north": {"uv": [8.625, 10.375, 8.5, 10.5], "texture": "#0"},
				"south": {"uv": [8.5, 10.375, 8.625, 10.5], "texture": "#0"},
				"west": {"uv": [8.5, 10.375, 8.625, 10.5], "texture": "#0"},
				"down": {"uv": [8.5, 10.375, 8.625, 10.5], "texture": "#0"}
			}
		},
		{
			"name": "e1_24",
			"from": [7.25, 4.625, 7.8],
			"to": [7.375, 5.125, 8.325],
			"rotation": {"angle": 0, "axis": "y", "origin": [0, 0, 8]},
			"faces": {
				"north": {"uv": [7.375, 10.875, 7.25, 11.375], "texture": "#0"},
				"east": {"uv": [7.25, 10.875, 7.375, 11.375], "texture": "#0"},
				"south": {"uv": [7.25, 10.875, 7.375, 11.375], "texture": "#0"},
				"west": {"uv": [7.25, 10.875, 7.375, 11.375], "texture": "#0"},
				"up": {"uv": [7.25, 10.875, 7.375, 11], "texture": "#0"},
				"down": {"uv": [7.25, 11.25, 7.375, 11.375], "texture": "#0"}
			}
		},
		{
			"name": "e1_25",
			"from": [8.5, 4.625, 7.8],
			"to": [8.625, 5.125, 8.325],
			"rotation": {"angle": 0, "axis": "y", "origin": [0, 0, 8]},
			"faces": {
				"north": {"uv": [8.625, 10.875, 8.5, 11.375], "texture": "#0"},
				"east": {"uv": [8.5, 10.875, 8.625, 11.375], "texture": "#0"},
				"south": {"uv": [8.5, 10.875, 8.625, 11.375], "texture": "#0"},
				"west": {"uv": [8.5, 10.875, 8.625, 11.375], "texture": "#0"},
				"up": {"uv": [8.5, 10.875, 8.625, 11], "texture": "#0"},
				"down": {"uv": [8.5, 11.25, 8.625, 11.375], "texture": "#0"}
			}
		},
		{
			"name": "e1_26",
			"from": [7.125, 4.75, 7.8],
			"to": [7.25, 5, 8.325],
			"rotation": {"angle": 0, "axis": "y", "origin": [0, 0, 8]},
			"faces": {
				"north": {"uv": [7.25, 11, 7.125, 11.25], "texture": "#0"},
				"south": {"uv": [7.125, 11, 7.25, 11.25], "texture": "#0"},
				"west": {"uv": [7.125, 11, 7.25, 11.25], "texture": "#0"},
				"down": {"uv": [7.125, 11.125, 7.25, 11.25], "texture": "#0"}
			}
		},
		{
			"name": "e1_27",
			"from": [7.375, 4.5, 7.8],
			"to": [7.5, 5, 8.325],
			"rotation": {"angle": 0, "axis": "y", "origin": [0, 0, 8]},
			"faces": {
				"north": {"uv": [7.5, 11, 7.375, 11.5], "texture": "#0"},
				"east": {"uv": [7.375, 11, 7.5, 11.5], "texture": "#0"},
				"south": {"uv": [7.375, 11, 7.5, 11.5], "texture": "#0"},
				"west": {"uv": [7.375, 11, 7.5, 11.5], "texture": "#0"},
				"up": {"uv": [7.375, 11, 7.5, 11.125], "texture": "#0"},
				"down": {"uv": [7.375, 11.375, 7.5, 11.5], "texture": "#0"}
			}
		},
		{
			"name": "e1_28",
			"from": [8.375, 4.5, 7.8],
			"to": [8.5, 5, 8.325],
			"rotation": {"angle": 0, "axis": "y", "origin": [0, 0, 8]},
			"faces": {
				"north": {"uv": [8.5, 11, 8.375, 11.5], "texture": "#0"},
				"east": {"uv": [8.375, 11, 8.5, 11.5], "texture": "#0"},
				"south": {"uv": [8.375, 11, 8.5, 11.5], "texture": "#0"},
				"west": {"uv": [8.375, 11, 8.5, 11.5], "texture": "#0"},
				"up": {"uv": [8.375, 11, 8.5, 11.125], "texture": "#0"},
				"down": {"uv": [8.375, 11.375, 8.5, 11.5], "texture": "#0"}
			}
		},
		{
			"name": "e1_29",
			"from": [7.5, 4.5, 7.8],
			"to": [7.625, 4.875, 8.325],
			"rotation": {"angle": 0, "axis": "y", "origin": [0, 0, 8]},
			"faces": {
				"north": {"uv": [7.625, 11.125, 7.5, 11.5], "texture": "#0"},
				"east": {"uv": [7.5, 11.125, 7.625, 11.5], "texture": "#0"},
				"south": {"uv": [7.5, 11.125, 7.625, 11.5], "texture": "#0"},
				"up": {"uv": [7.5, 11.125, 7.625, 11.25], "texture": "#0"},
				"down": {"uv": [7.5, 11.375, 7.625, 11.5], "texture": "#0"}
			}
		},
		{
			"name": "e1_30",
			"from": [8.25, 4.5, 7.8],
			"to": [8.375, 4.875, 8.325],
			"rotation": {"angle": 0, "axis": "y", "origin": [0, 0, 8]},
			"faces": {
				"north": {"uv": [8.375, 11.125, 8.25, 11.5], "texture": "#0"},
				"south": {"uv": [8.25, 11.125, 8.375, 11.5], "texture": "#0"},
				"west": {"uv": [8.25, 11.125, 8.375, 11.5], "texture": "#0"},
				"up": {"uv": [8.25, 11.125, 8.375, 11.25], "texture": "#0"},
				"down": {"uv": [8.25, 11.375, 8.375, 11.5], "texture": "#0"}
			}
		},
		{
			"name": "e1_31",
			"from": [7.625, 4.375, 7.75],
			"to": [8.25, 4.75, 8.375],
			"rotation": {"angle": 0, "axis": "y", "origin": [0, 0, 8]},
			"faces": {
				"north": {"uv": [8.25, 11.25, 7.625, 11.625], "texture": "#0"},
				"east": {"uv": [8.125, 11.25, 8.25, 11.625], "texture": "#0"},
				"south": {"uv": [7.625, 11.25, 8.25, 11.625], "texture": "#0"},
				"west": {"uv": [7.625, 11.25, 7.75, 11.625], "texture": "#0"},
				"up": {"uv": [7.625, 11.25, 8.25, 11.375], "texture": "#0"},
				"down": {"uv": [7.625, 11.5, 8.25, 11.625], "texture": "#0"}
			}
		},
		{
			"name": "e1_32",
			"from": [7.625, 3, 7.8],
			"to": [8.25, 3.25, 8.325],
			"rotation": {"angle": 0, "axis": "y", "origin": [0, 0, 8]},
			"faces": {
				"north": {"uv": [8.25, 12.75, 7.625, 13], "texture": "#0"},
				"east": {"uv": [8.25, 12.75, 7.625, 13], "texture": "#0"},
				"south": {"uv": [7.625, 12.75, 8.25, 13], "texture": "#0"},
				"west": {"uv": [8.25, 12.75, 7.625, 13], "texture": "#0"},
				"up": {"uv": [7.625, 12.75, 8.25, 12.875], "texture": "#0"},
				"down": {"uv": [7.625, 12.875, 8.25, 13], "texture": "#0"}
			}
		},
		{
			"name": "e1_33",
			"from": [7.625, 1.5, 7.8],
			"to": [8.25, 1.75, 8.325],
			"rotation": {"angle": 0, "axis": "y", "origin": [0, 0, 8]},
			"faces": {
				"north": {"uv": [8.25, 14.25, 7.625, 14.5], "texture": "#0"},
				"east": {"uv": [8.25, 14.25, 7.625, 14.5], "texture": "#0"},
				"south": {"uv": [7.625, 14.25, 8.25, 14.5], "texture": "#0"},
				"west": {"uv": [8.25, 14.25, 7.625, 14.5], "texture": "#0"},
				"up": {"uv": [7.625, 14.25, 8.25, 14.375], "texture": "#0"},
				"down": {"uv": [7.625, 14.375, 8.25, 14.5], "texture": "#0"}
			}
		},
		{
			"name": "e1_34",
			"from": [7.625, 1.125, 7.8],
			"to": [8.25, 1.375, 8.325],
			"rotation": {"angle": 0, "axis": "y", "origin": [0, 0, 8]},
			"faces": {
				"north": {"uv": [8.25, 14.625, 7.625, 14.875], "texture": "#0"},
				"east": {"uv": [8.25, 14.25, 7.625, 14.5], "texture": "#0"},
				"south": {"uv": [7.625, 14.625, 8.25, 14.875], "texture": "#0"},
				"west": {"uv": [8.25, 14.25, 7.625, 14.5], "texture": "#0"},
				"up": {"uv": [7.625, 14.625, 8.25, 14.75], "texture": "#0"}
			}
		},
		{
			"name": "e1_35",
			"from": [7.625, 0.75, 7.8],
			"to": [8.25, 1, 8.325],
			"rotation": {"angle": 0, "axis": "y", "origin": [0, 0, 8]},
			"faces": {
				"north": {"uv": [8.25, 15, 7.625, 15.25], "texture": "#0"},
				"east": {"uv": [8.25, 14.25, 7.625, 14.5], "texture": "#0"},
				"south": {"uv": [7.625, 15, 8.25, 15.25], "texture": "#0"},
				"west": {"uv": [8.25, 14.25, 7.625, 14.5], "texture": "#0"},
				"down": {"uv": [7.625, 15.125, 8.25, 15.25], "texture": "#0"}
			}
		},
		{
			"name": "e2_0",
			"from": [7.375, 6.625, 7.9],
			"to": [7.75, 6.75, 8.225],
			"rotation": {"angle": 0, "axis": "y", "origin": [0, 0, 8]},
			"faces": {
				"north": {"uv": [7.75, 9.25, 7.375, 9.375], "texture": "#0"},
				"south": {"uv": [7.375, 9.25, 7.75, 9.375], "texture": "#0"},
				"west": {"uv": [7.375, 9.25, 7.5, 9.375], "texture": "#0"},
				"up": {"uv": [7.375, 9.25, 7.75, 9.375], "texture": "#0"},
				"down": {"uv": [7.375, 9.25, 7.75, 9.375], "texture": "#0"}
			}
		},
		{
			"name": "e2_1",
			"from": [8.125, 6.625, 7.9],
			"to": [8.5, 6.75, 8.225],
			"rotation": {"angle": 0, "axis": "y", "origin": [0, 0, 8]},
			"faces": {
				"north": {"uv": [8.5, 9.25, 8.125, 9.375], "texture": "#0"},
				"east": {"uv": [8.375, 9.25, 8.5, 9.375], "texture": "#0"},
				"south": {"uv": [8.125, 9.25, 8.5, 9.375], "texture": "#0"},
				"up": {"uv": [8.125, 9.25, 8.5, 9.375], "texture": "#0"},
				"down": {"uv": [8.125, 9.25, 8.5, 9.375], "texture": "#0"}
			}
		},
		{
			"name": "e2_2",
			"from": [7.125, 6.5, 7.9],
			"to": [7.375, 6.625, 8.225],
			"rotation": {"angle": 0, "axis": "y", "origin": [0, 0, 8]},
			"faces": {
				"north": {"uv": [7.375, 9.375, 7.125, 9.5], "texture": "#0"},
				"east": {"uv": [7.25, 9.375, 7.375, 9.5], "texture": "#0"},
				"south": {"uv": [7.125, 9.375, 7.375, 9.5], "texture": "#0"},
				"west": {"uv": [7.125, 9.375, 7.25, 9.5], "texture": "#0"},
				"up": {"uv": [7.125, 9.375, 7.375, 9.5], "texture": "#0"},
				"down": {"uv": [7.125, 9.375, 7.375, 9.5], "texture": "#0"}
			}
		},
		{
			"name": "e2_3",
			"from": [8.5, 6.5, 7.9],
			"to": [8.75, 6.625, 8.225],
			"rotation": {"angle": 0, "axis": "y", "origin": [0, 0, 8]},
			"faces": {
				"north": {"uv": [8.75, 9.375, 8.5, 9.5], "texture": "#0"},
				"east": {"uv": [8.625, 9.375, 8.75, 9.5], "texture": "#0"},
				"south": {"uv": [8.5, 9.375, 8.75, 9.5], "texture": "#0"},
				"west": {"uv": [8.5, 9.375, 8.625, 9.5], "texture": "#0"},
				"up": {"uv": [8.5, 9.375, 8.75, 9.5], "texture": "#0"},
				"down": {"uv": [8.5, 9.375, 8.75, 9.5], "texture": "#0"}
			}
		},
		{
			"name": "e2_4",
			"from": [7.125, 6.375, 7.9],
			"to": [7.25, 6.5, 8.225],
			"rotation": {"angle": 0, "axis": "y", "origin": [0, 0, 8]},
			"faces": {
				"north": {"uv": [7.25, 9.5, 7.125, 9.625], "texture": "#0"},
				"east": {"uv": [7.125, 9.5, 7.25, 9.625], "texture": "#0"},
				"south": {"uv": [7.125, 9.5, 7.25, 9.625], "texture": "#0"},
				"west": {"uv": [7.125, 9.5, 7.25, 9.625], "texture": "#0"},
				"down": {"uv": [7.125, 9.5, 7.25, 9.625], "texture": "#0"}
			}
		},
		{
			"name": "e2_5",
			"from": [8.625, 6.375, 7.9],
			"to": [8.75, 6.5, 8.225],
			"rotation": {"angle": 0, "axis": "y", "origin": [0, 0, 8]},
			"faces": {
				"north": {"uv": [8.75, 9.5, 8.625, 9.625], "texture": "#0"},
				"east": {"uv": [8.625, 9.5, 8.75, 9.625], "texture": "#0"},
				"south": {"uv": [8.625, 9.5, 8.75, 9.625], "texture": "#0"},
				"west": {"uv": [8.625, 9.5, 8.75, 9.625], "texture": "#0"},
				"down": {"uv": [8.625, 9.5, 8.75, 9.625], "texture": "#0"}
			}
		},
		{
			"name": "e2_6",
			"from": [7, 6.25, 7.9],
			"to": [7.125, 6.375, 8.225],
			"rotation": {"angle": 0, "axis": "y", "origin": [0, 0, 8]},
			"faces": {
				"north": {"uv": [7.125, 9.625, 7, 9.75], "texture": "#0"},
				"east": {"uv": [7, 9.625, 7.125, 9.75], "texture": "#0"},
				"south": {"uv": [7, 9.625, 7.125, 9.75], "texture": "#0"},
				"west": {"uv": [7, 9.625, 7.125, 9.75], "texture": "#0"},
				"up": {"uv": [7, 9.625, 7.125, 9.75], "texture": "#0"},
				"down": {"uv": [7, 9.625, 7.125, 9.75], "texture": "#0"}
			}
		},
		{
			"name": "e2_7",
			"from": [8.75, 6.25, 7.9],
			"to": [8.875, 6.375, 8.225],
			"rotation": {"angle": 0, "axis": "y", "origin": [0, 0, 8]},
			"faces": {
				"north": {"uv": [8.875, 9.625, 8.75, 9.75], "texture": "#0"},
				"east": {"uv": [8.75, 9.625, 8.875, 9.75], "texture": "#0"},
				"south": {"uv": [8.75, 9.625, 8.875, 9.75], "texture": "#0"},
				"west": {"uv": [8.75, 9.625, 8.875, 9.75], "texture": "#0"},
				"up": {"uv": [8.75, 9.625, 8.875, 9.75], "texture": "#0"},
				"down": {"uv": [8.75, 9.625, 8.875, 9.75], "texture": "#0"}
			}
		},
		{
			"name": "e2_8",
			"from": [6.5, 5.75, 7.95],
			"to": [6.625, 6, 8.175],
			"rotation": {"angle": 0, "axis": "y", "origin": [0, 0, 8]},
			"faces": {
				"north": {"uv": [6.625, 10, 6.5, 10.25], "texture": "#0"},
				"south": {"uv": [6.5, 10, 6.625, 10.25], "texture": "#0"},
				"west": {"uv": [6.5, 10, 6.625, 10.25], "texture": "#0"},
				"down": {"uv": [6.5, 10.125, 6.625, 10.25], "texture": "#0"}
			}
		},
		{
			"name": "e2_9",
			"from": [7.75, 5.5, 7.95],
			"to": [8.125, 6, 8.175],
			"rotation": {"angle": 0, "axis": "y", "origin": [0, 0, 8]},
			"faces": {
				"north": {"uv": [8.125, 10, 7.75, 10.5], "texture": "#0"},
				"south": {"uv": [7.75, 10, 8.125, 10.5], "texture": "#0"}
			}
		},
		{
			"name": "e2_10",
			"from": [9.25, 5.75, 7.95],
			"to": [9.375, 6, 8.175],
			"rotation": {"angle": 0, "axis": "y", "origin": [0, 0, 8]},
			"faces": {
				"north": {"uv": [9.375, 10, 9.25, 10.25], "texture": "#0"},
				"east": {"uv": [9.25, 10, 9.375, 10.25], "texture": "#0"},
				"south": {"uv": [9.25, 10, 9.375, 10.25], "texture": "#0"},
				"down": {"uv": [9.25, 10.125, 9.375, 10.25], "texture": "#0"}
			}
		},
		{
			"name": "e2_11",
			"from": [6.625, 5.625, 7.95],
			"to": [6.875, 5.875, 8.175],
			"rotation": {"angle": 0, "axis": "y", "origin": [0, 0, 8]},
			"faces": {
				"north": {"uv": [6.875, 10.125, 6.625, 10.375], "texture": "#0"},
				"south": {"uv": [6.625, 10.125, 6.875, 10.375], "texture": "#0"},
				"west": {"uv": [6.625, 10.125, 6.75, 10.375], "texture": "#0"},
				"down": {"uv": [6.625, 10.25, 6.875, 10.375], "texture": "#0"}
			}
		},
		{
			"name": "e2_12",
			"from": [7.625, 4.75, 7.95],
			"to": [7.75, 5.875, 8.175],
			"rotation": {"angle": 0, "axis": "y", "origin": [0, 0, 8]},
			"faces": {
				"north": {"uv": [7.75, 10.125, 7.625, 11.25], "texture": "#0"},
				"south": {"uv": [7.625, 10.125, 7.75, 11.25], "texture": "#0"}
			}
		},
		{
			"name": "e2_13",
			"from": [8.125, 4.75, 7.95],
			"to": [8.25, 5.875, 8.175],
			"rotation": {"angle": 0, "axis": "y", "origin": [0, 0, 8]},
			"faces": {
				"north": {"uv": [8.25, 10.125, 8.125, 11.25], "texture": "#0"},
				"south": {"uv": [8.125, 10.125, 8.25, 11.25], "texture": "#0"}
			}
		},
		{
			"name": "e2_14",
			"from": [9, 5.625, 7.95],
			"to": [9.25, 5.875, 8.175],
			"rotation": {"angle": 0, "axis": "y", "origin": [0, 0, 8]},
			"faces": {
				"north": {"uv": [9.25, 10.125, 9, 10.375], "texture": "#0"},
				"east": {"uv": [9.125, 10.125, 9.25, 10.375], "texture": "#0"},
				"south": {"uv": [9, 10.125, 9.25, 10.375], "texture": "#0"},
				"down": {"uv": [9, 10.25, 9.25, 10.375], "texture": "#0"}
			}
		},
		{
			"name": "e2_15",
			"from": [6.875, 5.125, 7.95],
			"to": [7, 5.75, 8.175],
			"rotation": {"angle": 0, "axis": "y", "origin": [0, 0, 8]},
			"faces": {
				"north": {"uv": [7, 10.25, 6.875, 10.875], "texture": "#0"},
				"south": {"uv": [6.875, 10.25, 7, 10.875], "texture": "#0"},
				"west": {"uv": [6.875, 10.25, 7, 10.875], "texture": "#0"},
				"down": {"uv": [6.875, 10.75, 7, 10.875], "texture": "#0"}
			}
		},
		{
			"name": "e2_16",
			"from": [7.5, 4.875, 7.95],
			"to": [7.625, 5.75, 8.175],
			"rotation": {"angle": 0, "axis": "y", "origin": [0, 0, 8]},
			"faces": {
				"north": {"uv": [7.625, 10.25, 7.5, 11.125], "texture": "#0"},
				"south": {"uv": [7.5, 10.25, 7.625, 11.125], "texture": "#0"}
			}
		},
		{
			"name": "e2_17",
			"from": [8.25, 4.875, 7.95],
			"to": [8.375, 5.75, 8.175],
			"rotation": {"angle": 0, "axis": "y", "origin": [0, 0, 8]},
			"faces": {
				"north": {"uv": [8.375, 10.25, 8.25, 11.125], "texture": "#0"},
				"south": {"uv": [8.25, 10.25, 8.375, 11.125], "texture": "#0"}
			}
		},
		{
			"name": "e2_18",
			"from": [8.875, 5.125, 7.95],
			"to": [9, 5.75, 8.175],
			"rotation": {"angle": 0, "axis": "y", "origin": [0, 0, 8]},
			"faces": {
				"north": {"uv": [9, 10.25, 8.875, 10.875], "texture": "#0"},
				"east": {"uv": [8.875, 10.25, 9, 10.875], "texture": "#0"},
				"south": {"uv": [8.875, 10.25, 9, 10.875], "texture": "#0"},
				"down": {"uv": [8.875, 10.75, 9, 10.875], "texture": "#0"}
			}
		},
		{
			"name": "e2_19",
			"from": [6.75, 5.5, 7.95],
			"to": [6.875, 5.625, 8.175],
			"rotation": {"angle": 0, "axis": "y", "origin": [0, 0, 8]},
			"faces": {
				"north": {"uv": [6.875, 10.375, 6.75, 10.5], "texture": "#0"},
				"south": {"uv": [6.75, 10.375, 6.875, 10.5], "texture": "#0"},
				"west": {"uv": [6.75, 10.375, 6.875, 10.5], "texture": "#0"},
				"down": {"uv": [6.75, 10.375, 6.875, 10.5], "texture": "#0"}
			}
		},
		{
			"name": "e2_20",
			"from": [7.375, 5, 7.95],
			"to": [7.5, 5.625, 8.175],
			"rotation": {"angle": 0, "axis": "y", "origin": [0, 0, 8]},
			"faces": {
				"north": {"uv": [7.5, 10.375, 7.375, 11], "texture": "#0"},
				"south": {"uv": [7.375, 10.375, 7.5, 11], "texture": "#0"}
			}
		},
		{
			"name": "e2_21",
			"from": [8.375, 5, 7.95],
			"to": [8.5, 5.625, 8.175],
			"rotation": {"angle": 0, "axis": "y", "origin": [0, 0, 8]},
			"faces": {
				"north": {"uv": [8.5, 10.375, 8.375, 11], "texture": "#0"},
				"south": {"uv": [8.375, 10.375, 8.5, 11], "texture": "#0"}
			}
		},
		{
			"name": "e2_22",
			"from": [9, 5.5, 7.95],
			"to": [9.125, 5.625, 8.175],
			"rotation": {"angle": 0, "axis": "y", "origin": [0, 0, 8]},
			"faces": {
				"north": {"uv": [9.125, 10.375, 9, 10.5], "texture": "#0"},
				"east": {"uv": [9, 10.375, 9.125, 10.5], "texture": "#0"},
				"south": {"uv": [9, 10.375, 9.125, 10.5], "texture": "#0"},
				"down": {"uv": [9, 10.375, 9.125, 10.5], "texture": "#0"}
			}
		},
		{
			"name": "e2_23",
			"from": [7.25, 5.125, 7.95],
			"to": [7.375, 5.5, 8.175],
			"rotation": {"angle": 0, "axis": "y", "origin": [0, 0, 8]},
			"faces": {
				"north": {"uv": [7.375, 10.5, 7.25, 10.875], "texture": "#0"},
				"south": {"uv": [7.25, 10.5, 7.375, 10.875], "texture": "#0"}
			}
		},
		{
			"name": "e2_24",
			"from": [7.75, 5.375, 7.95],
			"to": [7.875, 5.5, 8.175],
			"rotation": {"angle": 0, "axis": "y", "origin": [0, 0, 8]},
			"faces": {
				"north": {"uv": [7.875, 10.5, 7.75, 10.625], "texture": "#0"},
				"south": {"uv": [7.75, 10.5, 7.875, 10.625], "texture": "#0"}
			}
		},
		{
			"name": "e2_25",
			"from": [8, 5.375, 7.95],
			"to": [8.125, 5.5, 8.175],
			"rotation": {"angle": 0, "axis": "y", "origin": [0, 0, 8]},
			"faces": {
				"north": {"uv": [8.125, 10.5, 8, 10.625], "texture": "#0"},
				"south": {"uv": [8, 10.5, 8.125, 10.625], "texture": "#0"}
			}
		},
		{
			"name": "e2_26",
			"from": [8.5, 5.125, 7.95],
			"to": [8.625, 5.5, 8.175],
			"rotation": {"angle": 0, "axis": "y", "origin": [0, 0, 8]},
			"faces": {
				"north": {"uv": [8.625, 10.5, 8.5, 10.875], "texture": "#0"},
				"south": {"uv": [8.5, 10.5, 8.625, 10.875], "texture": "#0"}
			}
		},
		{
			"name": "e2_27",
			"from": [7.75, 3.25, 7.9],
			"to": [8.125, 4.375, 8.225],
			"rotation": {"angle": 0, "axis": "y", "origin": [0, 0, 8]},
			"faces": {
				"north": {"uv": [8.125, 11.625, 7.75, 12.75], "texture": "#0"},
				"east": {"uv": [8, 11.625, 8.125, 12.75], "texture": "#0"},
				"south": {"uv": [7.75, 11.625, 8.125, 12.75], "texture": "#0"},
				"west": {"uv": [7.75, 11.625, 7.875, 12.75], "texture": "#0"}
			}
		},
		{
			"name": "e2_28",
			"from": [7.75, 1.75, 7.9],
			"to": [8.125, 3, 8.225],
			"rotation": {"angle": 0, "axis": "y", "origin": [0, 0, 8]},
			"faces": {
				"north": {"uv": [8.125, 13, 7.75, 14.25], "texture": "#0"},
				"east": {"uv": [8, 13, 8.125, 14.25], "texture": "#0"},
				"south": {"uv": [7.75, 13, 8.125, 14.25], "texture": "#0"},
				"west": {"uv": [7.75, 13, 7.875, 14.25], "texture": "#0"}
			}
		},
		{
			"name": "e2_29",
			"from": [7.75, 1.375, 7.9],
			"to": [8.125, 1.5, 8.225],
			"rotation": {"angle": 0, "axis": "y", "origin": [0, 0, 8]},
			"faces": {
				"north": {"uv": [8.125, 14.5, 7.75, 14.625], "texture": "#0"},
				"east": {"uv": [8, 14.5, 8.125, 14.625], "texture": "#0"},
				"south": {"uv": [7.75, 14.5, 8.125, 14.625], "texture": "#0"},
				"west": {"uv": [7.75, 14.5, 7.875, 14.625], "texture": "#0"}
			}
		},
		{
			"name": "e2_30",
			"from": [7.5, 1, 7.7],
			"to": [8.375, 1.125, 8.425],
			"rotation": {"angle": 0, "axis": "y", "origin": [0, 0, 8]},
			"faces": {
				"north": {"uv": [8.375, 14.875, 7.5, 15], "texture": "#0"},
				"east": {"uv": [8.25, 14.875, 8.375, 15], "texture": "#0"},
				"south": {"uv": [7.5, 14.875, 8.375, 15], "texture": "#0"},
				"west": {"uv": [7.5, 14.875, 7.625, 15], "texture": "#0"},
				"up": {"uv": [7.5, 14.875, 8.375, 15], "texture": "#0"},
				"down": {"uv": [7.5, 14.875, 8.375, 15], "texture": "#0"}
			}
		}
	],
	"gui_light": "front",
	"display": {
		"thirdperson_righthand": {
			"rotation": [0, 90, 0],
			"translation": [-0.25, 12.25, 1.25],
			"scale": [3.15, 3.15, 3]
		},
		"thirdperson_lefthand": {
			"rotation": [0, -90, 0],
			"translation": [-0.25, 12.25, 1.25],
			"scale": [3.15, 3.15, 3]
		},
		"firstperson_righthand": {
			"rotation": [8, 90, 0],
			"translation": [0, 7.5, 2],
			"scale": [1.7, 1.7, 1.7]
		},
		"firstperson_lefthand": {
			"rotation": [8, 90, 0],
			"translation": [0, 7.5, 2],
			"scale": [1.7, 1.7, 1.7]
		},
		"ground": {
			"translation": [0, 7, 0],
			"scale": [2, 2, 2]
		},
		"gui": {
			"rotation": [0, 0, -43],
			"translation": [0.75, 0.25, 0],
			"scale": [2, 2, 2]
		},
		"head": {
			"rotation": [0, 0, 144],
			"translation": [-1.25, -17, 3.75],
			"scale": [4, 4, 3.75]
		},
		"fixed": {
			"rotation": [0, 180, -42],
			"translation": [-3.5, 3.25, -0.75],
			"scale": [3.8, 3.8, 2.5]
		}
	},
	"groups": [
		{
			"name": "e3",
			"origin": [8, 8, 8],
			"color": 0,
			"children": [
				0,
				1,
				2,
				3,
				4,
				5,
				6,
				7,
				8,
				9,
				10,
				11,
				12,
				13,
				14,
				15,
				16,
				17,
				18,
				19,
				20,
				21,
				22,
				23,
				24,
				25,
				26,
				27,
				28,
				29,
				30,
				31,
				32,
				33,
				34,
				35,
				36,
				37,
				38,
				39,
				40,
				41,
				42,
				43,
				44,
				45,
				46,
				47,
				48,
				49,
				50,
				51,
				52,
				53,
				54,
				55,
				56,
				57,
				58,
				59,
				60,
				61
			]
		},
		{
			"name": "e4",
			"origin": [8, 8, 8],
			"color": 0,
			"children": [62, 63, 64, 65, 66, 67, 68, 69, 70, 71, 72, 73, 74, 75, 76, 77, 78, 79, 80, 81, 82, 83]
		},
		{
			"name": "e1",
			"origin": [8, 8, 8],
			"color": 0,
			"children": [84, 85, 86, 87, 88, 89, 90, 91, 92, 93, 94, 95, 96, 97, 98, 99, 100, 101, 102, 103, 104, 105, 106, 107, 108, 109, 110, 111, 112, 113, 114, 115, 116, 117, 118, 119]
		},
		{
			"name": "e2",
			"origin": [8, 8, 8],
			"color": 0,
			"children": [120, 121, 122, 123, 124, 125, 126, 127, 128, 129, 130, 131, 132, 133, 134, 135, 136, 137, 138, 139, 140, 141, 142, 143, 144, 145, 146, 147, 148, 149, 150]
		}
	]
}