{
	"credit": "Made with Blockbench",
	"textures": {
		"0": "simplyswords:item/hearthflame",
		"particle": "simplyswords:item/hearthflame"
	},
	"elements": [
		{
			"name": "hf1_4",
			"from": [6.175, 10.875, 7.5],
			"to": [6.425, 12.5, 8.525],
			"rotation": {"angle": 0, "axis": "y", "origin": [-0.2, -1, 7.9]},
			"faces": {
				"north": {"uv": [6.625, 2.5, 6.375, 4.125], "texture": "#0"},
				"east": {"uv": [6.5, 2.5, 6.625, 4.125], "texture": "#0"},
				"south": {"uv": [6.375, 2.5, 6.625, 4.125], "texture": "#0"},
				"west": {"uv": [11.375, 2.5, 10.25, 4.125], "texture": "#0"},
				"up": {"uv": [6.375, 2.5, 6.625, 2.625], "texture": "#0"},
				"down": {"uv": [6.375, 4, 6.625, 4.125], "texture": "#0"}
			}
		},
		{
			"name": "hf1_5",
			"from": [9.675, 10.875, 7.5],
			"to": [9.925, 12.5, 8.525],
			"rotation": {"angle": 0, "axis": "y", "origin": [-0.2, -1, 7.9]},
			"faces": {
				"north": {"uv": [10.125, 2.5, 9.875, 4.125], "texture": "#0"},
				"east": {"uv": [11.375, 2.5, 10.25, 4.125], "texture": "#0"},
				"south": {"uv": [9.875, 2.5, 10.125, 4.125], "texture": "#0"},
				"west": {"uv": [9.875, 2.5, 10, 4.125], "texture": "#0"},
				"up": {"uv": [9.875, 2.5, 10.125, 2.625], "texture": "#0"},
				"down": {"uv": [9.875, 4, 10.125, 4.125], "texture": "#0"}
			}
		},
		{
			"name": "hf1_7",
			"from": [6.925, 11, 7.55],
			"to": [7.425, 12.375, 8.475],
			"rotation": {"angle": 0, "axis": "y", "origin": [-0.2, -1, 7.9]},
			"faces": {
				"north": {"uv": [7.625, 2.625, 7.125, 4], "texture": "#0"},
				"east": {"uv": [7.5, 2.625, 7.625, 4], "texture": "#0"},
				"south": {"uv": [7.125, 2.625, 7.625, 4], "texture": "#0"},
				"up": {"uv": [7.125, 0.875, 7.625, 2], "texture": "#0"},
				"down": {"uv": [7.125, 3.875, 7.625, 4], "texture": "#0"}
			}
		},
		{
			"name": "hf1_8",
			"from": [7.425, 12.125, 7.55],
			"to": [9.175, 12.375, 8.475],
			"rotation": {"angle": 0, "axis": "y", "origin": [-0.2, -1, 7.9]},
			"faces": {
				"north": {"uv": [9.375, 2.625, 7.625, 2.875], "texture": "#0"},
				"south": {"uv": [7.625, 2.625, 9.375, 2.875], "texture": "#0"},
				"up": {"uv": [7.5, 0.875, 9.375, 2], "texture": "#0"},
				"down": {"uv": [7.625, 2.75, 9.375, 2.875], "texture": "#0"}
			}
		},
		{
			"name": "hf1_9",
			"from": [7.675, 11, 7.55],
			"to": [7.925, 12.125, 8.475],
			"rotation": {"angle": 0, "axis": "y", "origin": [-0.2, -1, 7.9]},
			"faces": {
				"north": {"uv": [8.125, 2.875, 7.875, 4], "texture": "#0"},
				"east": {"uv": [8, 2.875, 8.125, 4], "texture": "#0"},
				"south": {"uv": [7.875, 2.875, 8.125, 4], "texture": "#0"},
				"west": {"uv": [7.875, 2.875, 8, 4], "texture": "#0"},
				"down": {"uv": [7.875, 3.875, 8.125, 4], "texture": "#0"}
			}
		},
		{
			"name": "hf1_10",
			"from": [8.175, 11, 7.55],
			"to": [8.425, 12.125, 8.475],
			"rotation": {"angle": 0, "axis": "y", "origin": [-0.2, -1, 7.9]},
			"faces": {
				"north": {"uv": [8.625, 2.875, 8.375, 4], "texture": "#0"},
				"east": {"uv": [8.5, 2.875, 8.625, 4], "texture": "#0"},
				"south": {"uv": [8.375, 2.875, 8.625, 4], "texture": "#0"},
				"west": {"uv": [8.375, 2.875, 8.5, 4], "texture": "#0"},
				"down": {"uv": [8.375, 3.875, 8.625, 4], "texture": "#0"}
			}
		},
		{
			"name": "hf1_11",
			"from": [8.675, 11, 7.55],
			"to": [9.175, 12.125, 8.475],
			"rotation": {"angle": 0, "axis": "y", "origin": [-0.2, -1, 7.9]},
			"faces": {
				"north": {"uv": [9.375, 2.875, 8.875, 4], "texture": "#0"},
				"south": {"uv": [8.875, 2.875, 9.375, 4], "texture": "#0"},
				"west": {"uv": [8.875, 2.875, 9, 4], "texture": "#0"},
				"down": {"uv": [8.875, 3.875, 9.375, 4], "texture": "#0"}
			}
		},
		{
			"name": "hf1_12",
			"from": [7.425, 11, 7.55],
			"to": [7.675, 11.25, 8.475],
			"rotation": {"angle": 0, "axis": "y", "origin": [-0.2, -1, 7.9]},
			"faces": {
				"north": {"uv": [7.875, 3.75, 7.625, 4], "texture": "#0"},
				"south": {"uv": [7.625, 3.75, 7.875, 4], "texture": "#0"},
				"up": {"uv": [7.625, 3.75, 7.875, 3.875], "texture": "#0"},
				"down": {"uv": [7.625, 3.875, 7.875, 4], "texture": "#0"}
			}
		},
		{
			"name": "hf1_13",
			"from": [7.925, 11, 7.55],
			"to": [8.175, 11.25, 8.475],
			"rotation": {"angle": 0, "axis": "y", "origin": [-0.2, -1, 7.9]},
			"faces": {
				"north": {"uv": [8.375, 3.75, 8.125, 4], "texture": "#0"},
				"south": {"uv": [8.125, 3.75, 8.375, 4], "texture": "#0"},
				"up": {"uv": [8.125, 3.75, 8.375, 3.875], "texture": "#0"},
				"down": {"uv": [8.125, 3.875, 8.375, 4], "texture": "#0"}
			}
		},
		{
			"name": "hf1_14",
			"from": [8.425, 11, 7.55],
			"to": [8.675, 11.25, 8.475],
			"rotation": {"angle": 0, "axis": "y", "origin": [-0.2, -1, 7.9]},
			"faces": {
				"north": {"uv": [8.875, 3.75, 8.625, 4], "texture": "#0"},
				"south": {"uv": [8.625, 3.75, 8.875, 4], "texture": "#0"},
				"up": {"uv": [8.625, 3.75, 8.875, 3.875], "texture": "#0"},
				"down": {"uv": [8.625, 3.875, 8.875, 4], "texture": "#0"}
			}
		},
		{
			"name": "hf1_15",
			"from": [7.8, 10.625, 7.8],
			"to": [8.3, 10.75, 8.225],
			"rotation": {"angle": 0, "axis": "y", "origin": [-0.2, -1, 7.9]},
			"faces": {
				"north": {"uv": [8.5, 4.25, 8, 4.375], "texture": "#0"},
				"east": {"uv": [8.375, 4.25, 8.5, 4.375], "texture": "#0"},
				"south": {"uv": [8, 4.25, 8.5, 4.375], "texture": "#0"},
				"west": {"uv": [8, 4.25, 8.125, 4.375], "texture": "#0"}
			}
		},
		{
			"name": "hf1_16",
			"from": [7.8, 9.25, 7.8],
			"to": [8.3, 10.375, 8.225],
			"rotation": {"angle": 0, "axis": "y", "origin": [-0.2, -1, 7.9]},
			"faces": {
				"north": {"uv": [8.5, 4.625, 8, 5.75], "texture": "#0"},
				"east": {"uv": [8.375, 4.625, 8.5, 5.75], "texture": "#0"},
				"south": {"uv": [8, 4.625, 8.5, 5.75], "texture": "#0"},
				"west": {"uv": [8, 4.625, 8.125, 5.75], "texture": "#0"}
			}
		},
		{
			"name": "hf1_17",
			"from": [7.8, 4.25, 7.8],
			"to": [8.3, 9, 8.225],
			"rotation": {"angle": 0, "axis": "y", "origin": [-0.2, -1, 7.9]},
			"faces": {
				"north": {"uv": [8.5, 6, 8, 10.75], "texture": "#0"},
				"east": {"uv": [8.375, 6, 8.5, 10.75], "texture": "#0"},
				"south": {"uv": [8, 6, 8.5, 10.75], "texture": "#0"},
				"west": {"uv": [8, 6, 8.125, 10.75], "texture": "#0"}
			}
		},
		{
			"name": "hf1_18",
			"from": [7.8, 1.875, 7.8],
			"to": [8.3, 4, 8.225],
			"rotation": {"angle": 0, "axis": "y", "origin": [-0.2, -1, 7.9]},
			"faces": {
				"north": {"uv": [8.5, 11, 8, 13.125], "texture": "#0"},
				"east": {"uv": [8.375, 11, 8.5, 13.125], "texture": "#0"},
				"south": {"uv": [8, 11, 8.5, 13.125], "texture": "#0"},
				"west": {"uv": [8, 11, 8.125, 13.125], "texture": "#0"},
				"down": {"uv": [8, 13, 8.5, 13.125], "texture": "#0"}
			}
		},
		{
			"name": "hf1_19",
			"from": [7.925, 1.625, 7.75],
			"to": [8.175, 1.875, 8.275],
			"rotation": {"angle": 0, "axis": "y", "origin": [-0.2, -1, 8]},
			"faces": {
				"north": {"uv": [8.375, 13.125, 8.125, 13.375], "texture": "#0"},
				"east": {"uv": [8.25, 13.125, 8.375, 13.375], "texture": "#0"},
				"south": {"uv": [8.125, 13.125, 8.375, 13.375], "texture": "#0"},
				"west": {"uv": [8.125, 13.125, 8.25, 13.375], "texture": "#0"},
				"up": {"uv": [8.125, 13.125, 8.375, 13.25], "texture": "#0"},
				"down": {"uv": [8.125, 13.25, 8.375, 13.375], "texture": "#0"}
			}
		},
		{
			"name": "hf1_20",
			"from": [7.425, 1.625, 7.75],
			"to": [7.925, 1.75, 8.275],
			"rotation": {"angle": 0, "axis": "y", "origin": [-0.2, -1, 8]},
			"faces": {
				"north": {"uv": [8.125, 13.25, 7.625, 13.375], "texture": "#0"},
				"south": {"uv": [7.625, 13.25, 8.125, 13.375], "texture": "#0"},
				"west": {"uv": [7.625, 13.25, 7.75, 13.375], "texture": "#0"},
				"up": {"uv": [7.625, 13.25, 8.125, 13.375], "texture": "#0"},
				"down": {"uv": [7.625, 13.25, 8.125, 13.375], "texture": "#0"}
			}
		},
		{
			"name": "hf1_21",
			"from": [8.175, 1.625, 7.75],
			"to": [8.675, 1.75, 8.275],
			"rotation": {"angle": 0, "axis": "y", "origin": [-0.2, -1, 8]},
			"faces": {
				"north": {"uv": [8.875, 13.25, 8.375, 13.375], "texture": "#0"},
				"east": {"uv": [8.75, 13.25, 8.875, 13.375], "texture": "#0"},
				"south": {"uv": [8.375, 13.25, 8.875, 13.375], "texture": "#0"},
				"up": {"uv": [8.375, 13.25, 8.875, 13.375], "texture": "#0"},
				"down": {"uv": [8.375, 13.25, 8.875, 13.375], "texture": "#0"}
			}
		},
		{
			"name": "hf1_22",
			"from": [7.675, 1.125, 7.85],
			"to": [8.425, 1.375, 8.175],
			"rotation": {"angle": 0, "axis": "y", "origin": [-0.2, -1, 8]},
			"faces": {
				"north": {"uv": [8.625, 13.625, 7.875, 13.875], "texture": "#0"},
				"east": {"uv": [8.5, 13.625, 8.625, 13.875], "texture": "#0"},
				"south": {"uv": [7.875, 13.625, 8.625, 13.875], "texture": "#0"},
				"west": {"uv": [7.875, 13.625, 8, 13.875], "texture": "#0"},
				"down": {"uv": [7.875, 13.75, 8.625, 13.875], "texture": "#0"}
			}
		},
		{
			"name": "hf1_23",
			"from": [7.925, 0.625, 7.95],
			"to": [8.175, 0.875, 8.075],
			"rotation": {"angle": 0, "axis": "y", "origin": [-0.2, -1, 8]},
			"faces": {
				"north": {"uv": [8.375, 14.125, 8.125, 14.375], "texture": "#0"},
				"east": {"uv": [8.25, 14.125, 8.375, 14.375], "texture": "#0"},
				"south": {"uv": [8.125, 14.125, 8.375, 14.375], "texture": "#0"},
				"west": {"uv": [8.125, 14.125, 8.25, 14.375], "texture": "#0"},
				"down": {"uv": [8.125, 14.25, 8.375, 14.375], "texture": "#0"}
			}
		},
		{
			"name": "hf3_2",
			"from": [6.55, 10.875, 7.5],
			"to": [6.925, 12.5, 8.525],
			"rotation": {"angle": 0, "axis": "y", "origin": [-0.2, -1, 7.9]},
			"faces": {
				"north": {"uv": [7.125, 2.5, 6.75, 4.125], "texture": "#0"},
				"east": {"uv": [7, 2.5, 7.125, 4.125], "texture": "#0"},
				"south": {"uv": [6.75, 2.5, 7.125, 4.125], "texture": "#0"},
				"west": {"uv": [6.75, 2.5, 6.875, 4.125], "texture": "#0"},
				"up": {"uv": [6.75, 1.125, 7.125, 2.125], "texture": "#0"},
				"down": {"uv": [6.75, 1.125, 7.125, 2.125], "texture": "#0"}
			}
		},
		{
			"name": "hf3_3",
			"from": [9.175, 10.875, 7.5],
			"to": [9.55, 12.5, 8.525],
			"rotation": {"angle": 0, "axis": "y", "origin": [-0.2, -1, 7.9]},
			"faces": {
				"north": {"uv": [9.75, 2.5, 9.375, 4.125], "texture": "#0"},
				"east": {"uv": [9.625, 2.5, 9.75, 4.125], "texture": "#0"},
				"south": {"uv": [9.375, 2.5, 9.75, 4.125], "texture": "#0"},
				"west": {"uv": [9.375, 2.5, 9.5, 4.125], "texture": "#0"},
				"up": {"uv": [9.375, 1.125, 9.75, 2.125], "texture": "#0"},
				"down": {"uv": [9.375, 1.125, 9.75, 2.125], "texture": "#0"}
			}
		},
		{
			"name": "hf2_3",
			"from": [7.8, 12.5, 7.8],
			"to": [8.3, 12.625, 8.225],
			"rotation": {"angle": 0, "axis": "y", "origin": [-0.2, -1, 7.9]},
			"faces": {
				"north": {"uv": [8.5, 2.375, 8, 2.5], "texture": "#0"},
				"east": {"uv": [8.375, 2.375, 8.5, 2.5], "texture": "#0"},
				"south": {"uv": [8, 2.375, 8.5, 2.5], "texture": "#0"},
				"west": {"uv": [8, 2.375, 8.125, 2.5], "texture": "#0"},
				"up": {"uv": [8, 2.375, 8.5, 2.5], "texture": "#0"}
			}
		},
		{
			"name": "hf2_4",
			"from": [6.425, 11, 7.6],
			"to": [6.55, 12.375, 8.425],
			"rotation": {"angle": 0, "axis": "y", "origin": [-0.2, -1, 7.9]},
			"faces": {
				"north": {"uv": [6.75, 2.625, 6.625, 4], "texture": "#0"},
				"south": {"uv": [6.625, 2.625, 6.75, 4], "texture": "#0"},
				"up": {"uv": [6.625, 2.625, 6.75, 2.75], "texture": "#0"},
				"down": {"uv": [6.625, 3.875, 6.75, 4], "texture": "#0"}
			}
		},
		{
			"name": "hf2_5",
			"from": [9.55, 11, 7.6],
			"to": [9.675, 12.375, 8.425],
			"rotation": {"angle": 0, "axis": "y", "origin": [-0.2, -1, 7.9]},
			"faces": {
				"north": {"uv": [9.875, 2.625, 9.75, 4], "texture": "#0"},
				"south": {"uv": [9.75, 2.625, 9.875, 4], "texture": "#0"},
				"up": {"uv": [9.75, 2.625, 9.875, 2.75], "texture": "#0"},
				"down": {"uv": [9.75, 3.875, 9.875, 4], "texture": "#0"}
			}
		},
		{
			"name": "hf2_6",
			"from": [7.425, 11.25, 7.6],
			"to": [8.675, 12.125, 8.425],
			"rotation": {"angle": 0, "axis": "y", "origin": [-0.2, -1, 7.9]},
			"faces": {
				"north": {"uv": [8.875, 2.875, 7.625, 3.75], "texture": "#0"},
				"south": {"uv": [7.625, 2.875, 8.875, 3.75], "texture": "#0"}
			}
		},
		{
			"name": "hf2_7",
			"from": [7.55, 10.75, 7.7],
			"to": [8.55, 11, 8.325],
			"rotation": {"angle": 0, "axis": "y", "origin": [-0.2, -1, 7.9]},
			"faces": {
				"north": {"uv": [8.75, 4, 7.75, 4.25], "texture": "#0"},
				"east": {"uv": [8.625, 4, 8.75, 4.25], "texture": "#0"},
				"south": {"uv": [7.75, 4, 8.75, 4.25], "texture": "#0"},
				"west": {"uv": [7.75, 4, 7.875, 4.25], "texture": "#0"},
				"down": {"uv": [7.75, 4.125, 8.75, 4.25], "texture": "#0"}
			}
		},
		{
			"name": "hf2_8",
			"from": [7.675, 10.375, 7.7],
			"to": [8.425, 10.625, 8.325],
			"rotation": {"angle": 0, "axis": "y", "origin": [-0.2, -1, 7.9]},
			"faces": {
				"north": {"uv": [8.625, 4.375, 7.875, 4.625], "texture": "#0"},
				"east": {"uv": [8.5, 4.375, 8.625, 4.625], "texture": "#0"},
				"south": {"uv": [7.875, 4.375, 8.625, 4.625], "texture": "#0"},
				"west": {"uv": [7.875, 4.375, 8, 4.625], "texture": "#0"},
				"up": {"uv": [7.875, 4.375, 8.625, 4.5], "texture": "#0"},
				"down": {"uv": [7.875, 4.5, 8.625, 4.625], "texture": "#0"}
			}
		},
		{
			"name": "hf2_9",
			"from": [7.675, 9, 7.7],
			"to": [8.425, 9.25, 8.325],
			"rotation": {"angle": 0, "axis": "y", "origin": [-0.2, -1, 7.9]},
			"faces": {
				"north": {"uv": [8.625, 5.75, 7.875, 6], "texture": "#0"},
				"east": {"uv": [8.5, 5.75, 8.625, 6], "texture": "#0"},
				"south": {"uv": [7.875, 5.75, 8.625, 6], "texture": "#0"},
				"west": {"uv": [7.875, 5.75, 8, 6], "texture": "#0"},
				"up": {"uv": [7.875, 5.75, 8.625, 5.875], "texture": "#0"},
				"down": {"uv": [7.875, 5.875, 8.625, 6], "texture": "#0"}
			}
		},
		{
			"name": "hf2_10",
			"from": [7.675, 4, 7.7],
			"to": [8.425, 4.25, 8.325],
			"rotation": {"angle": 0, "axis": "y", "origin": [-0.2, -1, 7.9]},
			"faces": {
				"north": {"uv": [8.625, 10.75, 7.875, 11], "texture": "#0"},
				"east": {"uv": [8.5, 10.75, 8.625, 11], "texture": "#0"},
				"south": {"uv": [7.875, 10.75, 8.625, 11], "texture": "#0"},
				"west": {"uv": [7.875, 10.75, 8, 11], "texture": "#0"},
				"up": {"uv": [7.875, 10.75, 8.625, 10.875], "texture": "#0"},
				"down": {"uv": [7.875, 10.875, 8.625, 11], "texture": "#0"}
			}
		},
		{
			"name": "hf2_11",
			"from": [7.675, 1.75, 7.85],
			"to": [7.8, 2, 8.175],
			"rotation": {"angle": 0, "axis": "y", "origin": [-0.2, -1, 8]},
			"faces": {
				"north": {"uv": [8, 13, 7.875, 13.25], "texture": "#0"},
				"south": {"uv": [7.875, 13, 8, 13.25], "texture": "#0"},
				"west": {"uv": [7.875, 13, 8, 13.25], "texture": "#0"},
				"up": {"uv": [7.875, 13, 8, 13.125], "texture": "#0"}
			}
		},
		{
			"name": "hf2_12",
			"from": [8.3, 1.75, 7.85],
			"to": [8.425, 2, 8.175],
			"rotation": {"angle": 0, "axis": "y", "origin": [-0.2, -1, 8]},
			"faces": {
				"north": {"uv": [8.625, 13, 8.5, 13.25], "texture": "#0"},
				"east": {"uv": [8.5, 13, 8.625, 13.25], "texture": "#0"},
				"south": {"uv": [8.5, 13, 8.625, 13.25], "texture": "#0"},
				"up": {"uv": [8.5, 13, 8.625, 13.125], "texture": "#0"}
			}
		},
		{
			"name": "hf2_13",
			"from": [7.55, 1.75, 7.85],
			"to": [7.675, 1.875, 8.175],
			"rotation": {"angle": 0, "axis": "y", "origin": [-0.2, -1, 8]},
			"faces": {
				"north": {"uv": [7.875, 13.125, 7.75, 13.25], "texture": "#0"},
				"south": {"uv": [7.75, 13.125, 7.875, 13.25], "texture": "#0"},
				"west": {"uv": [7.75, 13.125, 7.875, 13.25], "texture": "#0"},
				"up": {"uv": [7.75, 13.125, 7.875, 13.25], "texture": "#0"}
			}
		},
		{
			"name": "hf2_14",
			"from": [7.8, 1.75, 7.85],
			"to": [7.925, 1.875, 8.175],
			"rotation": {"angle": 0, "axis": "y", "origin": [-0.2, -1, 8]},
			"faces": {
				"north": {"uv": [8.125, 13.125, 8, 13.25], "texture": "#0"},
				"south": {"uv": [8, 13.125, 8.125, 13.25], "texture": "#0"}
			}
		},
		{
			"name": "hf2_15",
			"from": [8.175, 1.75, 7.85],
			"to": [8.3, 1.875, 8.175],
			"rotation": {"angle": 0, "axis": "y", "origin": [-0.2, -1, 8]},
			"faces": {
				"north": {"uv": [8.5, 13.125, 8.375, 13.25], "texture": "#0"},
				"south": {"uv": [8.375, 13.125, 8.5, 13.25], "texture": "#0"}
			}
		},
		{
			"name": "hf2_16",
			"from": [8.425, 1.75, 7.85],
			"to": [8.55, 1.875, 8.175],
			"rotation": {"angle": 0, "axis": "y", "origin": [-0.2, -1, 8]},
			"faces": {
				"north": {"uv": [8.75, 13.125, 8.625, 13.25], "texture": "#0"},
				"east": {"uv": [8.625, 13.125, 8.75, 13.25], "texture": "#0"},
				"south": {"uv": [8.625, 13.125, 8.75, 13.25], "texture": "#0"},
				"up": {"uv": [8.625, 13.125, 8.75, 13.25], "texture": "#0"}
			}
		},
		{
			"name": "hf2_17",
			"from": [7.55, 1.375, 7.8],
			"to": [8.55, 1.625, 8.225],
			"rotation": {"angle": 0, "axis": "y", "origin": [-0.2, -1, 8]},
			"faces": {
				"north": {"uv": [8.75, 13.375, 7.75, 13.625], "texture": "#0"},
				"east": {"uv": [8.625, 13.375, 8.75, 13.625], "texture": "#0"},
				"south": {"uv": [7.75, 13.375, 8.75, 13.625], "texture": "#0"},
				"west": {"uv": [7.75, 13.375, 7.875, 13.625], "texture": "#0"},
				"down": {"uv": [7.75, 13.5, 8.75, 13.625], "texture": "#0"}
			}
		},
		{
			"name": "hf2_18",
			"from": [7.8, 0.875, 7.9],
			"to": [8.3, 1.125, 8.125],
			"rotation": {"angle": 0, "axis": "y", "origin": [-0.2, -1, 8]},
			"faces": {
				"north": {"uv": [8.5, 13.875, 8, 14.125], "texture": "#0"},
				"east": {"uv": [8.375, 13.875, 8.5, 14.125], "texture": "#0"},
				"south": {"uv": [8, 13.875, 8.5, 14.125], "texture": "#0"},
				"west": {"uv": [8, 13.875, 8.125, 14.125], "texture": "#0"},
				"down": {"uv": [8, 14, 8.5, 14.125], "texture": "#0"}
			}
		},
		{
			"name": "hf4_0",
			"from": [7.675, 12.375, 7.7],
			"to": [8.425, 12.5, 8.325],
			"rotation": {"angle": 0, "axis": "y", "origin": [-0.2, -1, 7.45]},
			"faces": {
				"north": {"uv": [8.625, 2.5, 7.875, 2.625], "texture": "#0"},
				"east": {"uv": [8.5, 2.5, 8.625, 2.625], "texture": "#0"},
				"south": {"uv": [7.875, 2.5, 8.625, 2.625], "texture": "#0"},
				"west": {"uv": [7.875, 2.5, 8, 2.625], "texture": "#0"},
				"up": {"uv": [7.875, 2.5, 8.625, 2.625], "texture": "#0"}
			}
		}
	],
	"gui_light": "front",
	"display": {
		"thirdperson_righthand": {
			"rotation": [0, 90, 0],
			"translation": [0, 3, 1.25],
			"scale": [3.15, 3.15, 3.15]
		},
		"thirdperson_lefthand": {
			"rotation": [0, 90, 0],
			"translation": [0, 3, 1.25],
			"scale": [3.15, 3.15, 3.15]
		},
		"firstperson_righthand": {
			"rotation": [8, -90, 0],
			"translation": [0, 5.25, 2],
			"scale": [1.9, 1.9, 2]
		},
		"firstperson_lefthand": {
			"rotation": [8, -90, 0],
			"translation": [0, 5.25, 2],
			"scale": [1.9, 1.9, 2]
		},
		"ground": {
			"translation": [0, 7, 0],
			"scale": [2, 2, 2]
		},
		"gui": {
			"rotation": [0, 0, -43],
			"translation": [2, 1.5, 0],
			"scale": [2.2, 2.2, 2]
		},
		"head": {
			"rotation": [0, 0, 144],
			"translation": [-1.25, -17.5, 3.75],
			"scale": [4, 4, 4]
		},
		"fixed": {
			"rotation": [0, 180, -42],
			"translation": [-3.5, 3.25, -0.75],
			"scale": [3.8, 3.8, 3.4]
		}
	},
	"groups": [
		{
			"name": "hf1",
			"origin": [8, 8, 8],
			"color": 0,
			"children": [0, 1, 2, 3, 4, 5, 6, 7, 8, 9, 10, 11, 12, 13, 14, 15, 16, 17, 18]
		},
		{
			"name": "hf3",
			"origin": [8, 8, 8],
			"color": 0,
			"children": [19, 20]
		},
		{
			"name": "hf2",
			"origin": [8, 8, 8],
			"color": 0,
			"children": [21, 22, 23, 24, 25, 26, 27, 28, 29, 30, 31, 32, 33, 34, 35, 36]
		},
		{
			"name": "hf4",
			"origin": [8, 8, 8],
			"color": 0,
			"children": [37]
		}
	]
}