{
	"credit": "Made with Blockbench",
	"textures": {
		"1": "simplyswords:item/magiscythe",
		"4": "simplyswords:item/ms5",
		"particle": "simplyswords:item/magiscythe"
	},
	"elements": [
		{
			"name": "ms1_0",
			"from": [9.275, 11, 8],
			"to": [9.4, 12.125, 8.125],
			"rotation": {"angle": 0, "axis": "y", "origin": [-0.6, -1, 8]},
			"faces": {
				"north": {"uv": [10, 2.875, 9.875, 4], "texture": "#1"},
				"east": {"uv": [9.875, 2.875, 10, 4], "texture": "#1"},
				"south": {"uv": [9.875, 2.875, 10, 4], "texture": "#1"},
				"west": {"uv": [9.875, 2.875, 10, 4], "texture": "#1"},
				"up": {"uv": [9.875, 2.875, 10, 3], "texture": "#1"},
				"down": {"uv": [9.875, 3.875, 10, 4], "texture": "#1"}
			}
		},
		{
			"name": "ms1_1",
			"from": [9.15, 11.5, 8],
			"to": [9.275, 12, 8.125],
			"rotation": {"angle": 0, "axis": "y", "origin": [-0.6, -1, 8]},
			"faces": {
				"north": {"uv": [9.875, 3, 9.75, 3.5], "texture": "#1"},
				"south": {"uv": [9.75, 3, 9.875, 3.5], "texture": "#1"},
				"west": {"uv": [9.75, 3, 9.875, 3.5], "texture": "#1"},
				"up": {"uv": [9.75, 3, 9.875, 3.125], "texture": "#1"}
			}
		},
		{
			"name": "ms1_2",
			"from": [9.4, 11.25, 8],
			"to": [9.525, 12, 8.125],
			"rotation": {"angle": 0, "axis": "y", "origin": [-0.6, -1, 8]},
			"faces": {
				"north": {"uv": [10.125, 3, 10, 3.75], "texture": "#1"},
				"east": {"uv": [10, 3, 10.125, 3.75], "texture": "#1"},
				"south": {"uv": [10, 3, 10.125, 3.75], "texture": "#1"},
				"up": {"uv": [10, 3, 10.125, 3.125], "texture": "#1"},
				"down": {"uv": [10, 3.625, 10.125, 3.75], "texture": "#1"}
			}
		},
		{
			"name": "ms1_3",
			"from": [9.025, 11.5, 8],
			"to": [9.15, 11.875, 8.125],
			"rotation": {"angle": 0, "axis": "y", "origin": [-0.6, -1, 8]},
			"faces": {
				"north": {"uv": [9.75, 3.125, 9.625, 3.5], "texture": "#1"},
				"south": {"uv": [9.625, 3.125, 9.75, 3.5], "texture": "#1"},
				"west": {"uv": [9.625, 3.125, 9.75, 3.5], "texture": "#1"},
				"up": {"uv": [9.625, 3.125, 9.75, 3.25], "texture": "#1"}
			}
		},
		{
			"name": "ms1_4",
			"from": [8.775, 11.5, 8],
			"to": [9.025, 11.75, 8.125],
			"rotation": {"angle": 0, "axis": "y", "origin": [-0.6, -1, 8]},
			"faces": {
				"north": {"uv": [9.625, 3.25, 9.375, 3.5], "texture": "#1"},
				"south": {"uv": [9.375, 3.25, 9.625, 3.5], "texture": "#1"},
				"west": {"uv": [9.375, 3.25, 9.5, 3.5], "texture": "#1"},
				"up": {"uv": [9.375, 3.25, 9.625, 3.375], "texture": "#1"}
			}
		},
		{
			"name": "ms1_5",
			"from": [6.9, 11.25, 7.95],
			"to": [7.15, 11.625, 8.175],
			"rotation": {"angle": 0, "axis": "y", "origin": [-0.6, -1, 8]},
			"faces": {
				"north": {"uv": [7.75, 3.375, 7.5, 3.75], "texture": "#1"},
				"south": {"uv": [7.5, 3.375, 7.75, 3.75], "texture": "#1"},
				"west": {"uv": [7.5, 3.375, 7.625, 3.75], "texture": "#1"},
				"up": {"uv": [7.5, 3.375, 7.75, 3.5], "texture": "#1"}
			}
		},
		{
			"name": "ms1_6",
			"from": [7.15, 11.5, 7.95],
			"to": [7.275, 11.625, 8.175],
			"rotation": {"angle": 0, "axis": "y", "origin": [-0.6, -1, 8]},
			"faces": {
				"north": {"uv": [7.875, 3.375, 7.75, 3.5], "texture": "#1"},
				"south": {"uv": [7.75, 3.375, 7.875, 3.5], "texture": "#1"},
				"up": {"uv": [7.75, 3.375, 7.875, 3.5], "texture": "#1"}
			}
		},
		{
			"name": "ms1_7",
			"from": [8.4, 11.5, 8],
			"to": [8.775, 11.625, 8.125],
			"rotation": {"angle": 0, "axis": "y", "origin": [-0.6, -1, 8]},
			"faces": {
				"north": {"uv": [9.375, 3.375, 9, 3.5], "texture": "#1"},
				"south": {"uv": [9, 3.375, 9.375, 3.5], "texture": "#1"},
				"up": {"uv": [9, 3.375, 9.375, 3.5], "texture": "#1"}
			}
		},
		{
			"name": "ms1_8",
			"from": [6.525, 11.125, 7.95],
			"to": [6.9, 11.5, 8.175],
			"rotation": {"angle": 0, "axis": "y", "origin": [-0.6, -1, 8]},
			"faces": {
				"north": {"uv": [7.5, 3.5, 7.125, 3.875], "texture": "#1"},
				"south": {"uv": [7.125, 3.5, 7.5, 3.875], "texture": "#1"},
				"west": {"uv": [7.125, 3.5, 7.25, 3.875], "texture": "#1"},
				"up": {"uv": [7.125, 3.5, 7.5, 3.625], "texture": "#1"}
			}
		},
		{
			"name": "ms1_9",
			"from": [8.525, 11.375, 8],
			"to": [8.9, 11.5, 8.125],
			"rotation": {"angle": 0, "axis": "y", "origin": [-0.6, -1, 8]},
			"faces": {
				"north": {"uv": [9.5, 3.5, 9.125, 3.625], "texture": "#1"},
				"south": {"uv": [9.125, 3.5, 9.5, 3.625], "texture": "#1"}
			}
		},
		{
			"name": "ms1_10",
			"from": [5.775, 10.875, 7.95],
			"to": [6.4, 11.375, 8.175],
			"rotation": {"angle": 0, "axis": "y", "origin": [-0.6, -1, 8]},
			"faces": {
				"north": {"uv": [7, 3.625, 6.375, 4.125], "texture": "#1"},
				"south": {"uv": [6.375, 3.625, 7, 4.125], "texture": "#1"},
				"west": {"uv": [6.375, 3.625, 6.5, 4.125], "texture": "#1"},
				"up": {"uv": [6.375, 3.625, 7, 3.75], "texture": "#1"}
			}
		},
		{
			"name": "ms1_11",
			"from": [6.4, 11, 7.95],
			"to": [6.525, 11.375, 8.175],
			"rotation": {"angle": 0, "axis": "y", "origin": [-0.6, -1, 8]},
			"faces": {
				"north": {"uv": [7.125, 3.625, 7, 4], "texture": "#1"},
				"south": {"uv": [7, 3.625, 7.125, 4], "texture": "#1"},
				"up": {"uv": [7, 3.625, 7.125, 3.75], "texture": "#1"}
			}
		},
		{
			"name": "ms1_12",
			"from": [8.525, 11.25, 8],
			"to": [8.65, 11.375, 8.125],
			"rotation": {"angle": 0, "axis": "y", "origin": [-0.6, -1, 8]},
			"faces": {
				"north": {"uv": [9.25, 3.625, 9.125, 3.75], "texture": "#1"},
				"south": {"uv": [9.125, 3.625, 9.25, 3.75], "texture": "#1"}
			}
		},
		{
			"name": "ms1_13",
			"from": [9.025, 11, 8],
			"to": [9.275, 11.375, 8.125],
			"rotation": {"angle": 0, "axis": "y", "origin": [-0.6, -1, 8]},
			"faces": {
				"north": {"uv": [9.875, 3.625, 9.625, 4], "texture": "#1"},
				"south": {"uv": [9.625, 3.625, 9.875, 4], "texture": "#1"},
				"down": {"uv": [9.625, 3.875, 9.875, 4], "texture": "#1"}
			}
		},
		{
			"name": "ms1_14",
			"from": [5.4, 10.625, 7.95],
			"to": [5.775, 11.25, 8.175],
			"rotation": {"angle": 0, "axis": "y", "origin": [-0.6, -1, 8]},
			"faces": {
				"north": {"uv": [6.375, 3.75, 6, 4.375], "texture": "#1"},
				"east": {"uv": [6.25, 3.75, 6.375, 4.375], "texture": "#1"},
				"south": {"uv": [6, 3.75, 6.375, 4.375], "texture": "#1"},
				"west": {"uv": [6, 3.75, 6.125, 4.375], "texture": "#1"},
				"up": {"uv": [6, 3.75, 6.375, 3.875], "texture": "#1"},
				"down": {"uv": [6, 4.25, 6.375, 4.375], "texture": "#1"}
			}
		},
		{
			"name": "ms1_15",
			"from": [8.9, 10.75, 8],
			"to": [9.025, 11.25, 8.125],
			"rotation": {"angle": 0, "axis": "y", "origin": [-0.6, -1, 8]},
			"faces": {
				"north": {"uv": [9.625, 3.75, 9.5, 4.25], "texture": "#1"},
				"east": {"uv": [9.5, 3.75, 9.625, 4.25], "texture": "#1"},
				"south": {"uv": [9.5, 3.75, 9.625, 4.25], "texture": "#1"}
			}
		},
		{
			"name": "ms1_16",
			"from": [5.025, 10.5, 7.95],
			"to": [5.4, 11.125, 8.175],
			"rotation": {"angle": 0, "axis": "y", "origin": [-0.6, -1, 8]},
			"faces": {
				"north": {"uv": [6, 3.875, 5.625, 4.5], "texture": "#1"},
				"south": {"uv": [5.625, 3.875, 6, 4.5], "texture": "#1"},
				"west": {"uv": [5.625, 3.875, 5.75, 4.5], "texture": "#1"},
				"up": {"uv": [5.625, 3.875, 6, 4], "texture": "#1"},
				"down": {"uv": [5.625, 4.375, 6, 4.5], "texture": "#1"}
			}
		},
		{
			"name": "ms1_17",
			"from": [6.525, 11, 7.95],
			"to": [6.65, 11.125, 8.175],
			"rotation": {"angle": 0, "axis": "y", "origin": [-0.6, -1, 8]},
			"faces": {
				"north": {"uv": [7.25, 3.875, 7.125, 4], "texture": "#1"},
				"south": {"uv": [7.125, 3.875, 7.25, 4], "texture": "#1"}
			}
		},
		{
			"name": "ms1_18",
			"from": [8.775, 10.75, 8],
			"to": [8.9, 11.125, 8.125],
			"rotation": {"angle": 0, "axis": "y", "origin": [-0.6, -1, 8]},
			"faces": {
				"north": {"uv": [9.5, 3.875, 9.375, 4.25], "texture": "#1"},
				"south": {"uv": [9.375, 3.875, 9.5, 4.25], "texture": "#1"}
			}
		},
		{
			"name": "ms1_19",
			"from": [4.775, 10.375, 7.95],
			"to": [5.025, 11, 8.175],
			"rotation": {"angle": 0, "axis": "y", "origin": [-0.6, -1, 8]},
			"faces": {
				"north": {"uv": [5.625, 4, 5.375, 4.625], "texture": "#1"},
				"east": {"uv": [5.5, 4, 5.625, 4.625], "texture": "#1"},
				"south": {"uv": [5.375, 4, 5.625, 4.625], "texture": "#1"},
				"west": {"uv": [5.375, 4, 5.5, 4.625], "texture": "#1"},
				"up": {"uv": [5.375, 4, 5.625, 4.125], "texture": "#1"},
				"down": {"uv": [5.375, 4.5, 5.625, 4.625], "texture": "#1"}
			}
		},
		{
			"name": "ms1_20",
			"from": [8.65, 10.875, 8],
			"to": [8.775, 11, 8.125],
			"rotation": {"angle": 0, "axis": "y", "origin": [-0.6, -1, 8]},
			"faces": {
				"north": {"uv": [9.375, 4, 9.25, 4.125], "texture": "#1"},
				"south": {"uv": [9.25, 4, 9.375, 4.125], "texture": "#1"}
			}
		},
		{
			"name": "ms1_21",
			"from": [4.525, 10.25, 7.95],
			"to": [4.775, 10.875, 8.175],
			"rotation": {"angle": 0, "axis": "y", "origin": [-0.6, -1, 8]},
			"faces": {
				"north": {"uv": [5.375, 4.125, 5.125, 4.75], "texture": "#1"},
				"east": {"uv": [5.25, 4.125, 5.375, 4.75], "texture": "#1"},
				"south": {"uv": [5.125, 4.125, 5.375, 4.75], "texture": "#1"},
				"west": {"uv": [5.125, 4.125, 5.25, 4.75], "texture": "#1"},
				"up": {"uv": [5.125, 4.125, 5.375, 4.25], "texture": "#1"},
				"down": {"uv": [5.125, 4.625, 5.375, 4.75], "texture": "#1"}
			}
		},
		{
			"name": "ms1_22",
			"from": [5.775, 10.75, 7.95],
			"to": [6.275, 10.875, 8.175],
			"rotation": {"angle": 0, "axis": "y", "origin": [-0.6, -1, 8]},
			"faces": {
				"north": {"uv": [6.875, 4.125, 6.375, 4.25], "texture": "#1"},
				"south": {"uv": [6.375, 4.125, 6.875, 4.25], "texture": "#1"},
				"down": {"uv": [6.375, 4.125, 6.875, 4.25], "texture": "#1"}
			}
		},
		{
			"name": "ms1_23",
			"from": [9.025, 10.625, 8],
			"to": [9.4, 10.875, 8.125],
			"rotation": {"angle": 0, "axis": "y", "origin": [-0.6, -1, 8]},
			"faces": {
				"north": {"uv": [10, 4.125, 9.625, 4.375], "texture": "#1"},
				"east": {"uv": [9.875, 4.125, 10, 4.375], "texture": "#1"},
				"south": {"uv": [9.625, 4.125, 10, 4.375], "texture": "#1"},
				"up": {"uv": [9.625, 4.125, 10, 4.25], "texture": "#1"}
			}
		},
		{
			"name": "ms1_24",
			"from": [4.275, 10.25, 7.95],
			"to": [4.525, 10.75, 8.175],
			"rotation": {"angle": 0, "axis": "y", "origin": [-0.6, -1, 8]},
			"faces": {
				"north": {"uv": [5.125, 4.25, 4.875, 4.75], "texture": "#1"},
				"south": {"uv": [4.875, 4.25, 5.125, 4.75], "texture": "#1"},
				"west": {"uv": [4.875, 4.25, 5, 4.75], "texture": "#1"},
				"up": {"uv": [4.875, 4.25, 5.125, 4.375], "texture": "#1"},
				"down": {"uv": [4.875, 4.625, 5.125, 4.75], "texture": "#1"}
			}
		},
		{
			"name": "ms1_25",
			"from": [8.275, 10.625, 8],
			"to": [8.525, 10.75, 8.125],
			"rotation": {"angle": 0, "axis": "y", "origin": [-0.6, -1, 8]},
			"faces": {
				"north": {"uv": [9.125, 4.25, 8.875, 4.375], "texture": "#1"},
				"south": {"uv": [8.875, 4.25, 9.125, 4.375], "texture": "#1"},
				"down": {"uv": [8.875, 4.25, 9.125, 4.375], "texture": "#1"}
			}
		},
		{
			"name": "ms1_26",
			"from": [4.025, 10.125, 7.95],
			"to": [4.275, 10.625, 8.175],
			"rotation": {"angle": 0, "axis": "y", "origin": [-0.6, -1, 8]},
			"faces": {
				"north": {"uv": [4.875, 4.375, 4.625, 4.875], "texture": "#1"},
				"south": {"uv": [4.625, 4.375, 4.875, 4.875], "texture": "#1"},
				"west": {"uv": [4.625, 4.375, 4.75, 4.875], "texture": "#1"},
				"up": {"uv": [4.625, 4.375, 4.875, 4.5], "texture": "#1"},
				"down": {"uv": [4.625, 4.75, 4.875, 4.875], "texture": "#1"}
			}
		},
		{
			"name": "ms1_27",
			"from": [5.4, 10.5, 7.95],
			"to": [5.65, 10.625, 8.175],
			"rotation": {"angle": 0, "axis": "y", "origin": [-0.6, -1, 8]},
			"faces": {
				"north": {"uv": [6.25, 4.375, 6, 4.5], "texture": "#1"},
				"east": {"uv": [6.125, 4.375, 6.25, 4.5], "texture": "#1"},
				"south": {"uv": [6, 4.375, 6.25, 4.5], "texture": "#1"},
				"down": {"uv": [6, 4.375, 6.25, 4.5], "texture": "#1"}
			}
		},
		{
			"name": "ms1_28",
			"from": [8.4, 10.5, 8],
			"to": [8.775, 10.625, 8.125],
			"rotation": {"angle": 0, "axis": "y", "origin": [-0.6, -1, 8]},
			"faces": {
				"north": {"uv": [9.375, 4.375, 9, 4.5], "texture": "#1"},
				"south": {"uv": [9, 4.375, 9.375, 4.5], "texture": "#1"},
				"west": {"uv": [9, 4.375, 9.125, 4.5], "texture": "#1"},
				"down": {"uv": [9, 4.375, 9.375, 4.5], "texture": "#1"}
			}
		},
		{
			"name": "ms1_29",
			"from": [9.15, 10.375, 8],
			"to": [9.4, 10.625, 8.125],
			"rotation": {"angle": 0, "axis": "y", "origin": [-0.6, -1, 8]},
			"faces": {
				"north": {"uv": [10, 4.375, 9.75, 4.625], "texture": "#1"},
				"east": {"uv": [9.875, 4.375, 10, 4.625], "texture": "#1"},
				"south": {"uv": [9.75, 4.375, 10, 4.625], "texture": "#1"},
				"down": {"uv": [9.75, 4.5, 10, 4.625], "texture": "#1"}
			}
		},
		{
			"name": "ms1_30",
			"from": [3.9, 10, 7.95],
			"to": [4.025, 10.5, 8.175],
			"rotation": {"angle": 0, "axis": "y", "origin": [-0.6, -1, 8]},
			"faces": {
				"north": {"uv": [4.625, 4.5, 4.5, 5], "texture": "#1"},
				"south": {"uv": [4.5, 4.5, 4.625, 5], "texture": "#1"},
				"west": {"uv": [4.5, 4.5, 4.625, 5], "texture": "#1"},
				"up": {"uv": [4.5, 4.5, 4.625, 4.625], "texture": "#1"},
				"down": {"uv": [4.5, 4.875, 4.625, 5], "texture": "#1"}
			}
		},
		{
			"name": "ms1_31",
			"from": [7.65, 2.375, 7.9],
			"to": [8.025, 10.5, 8.225],
			"rotation": {"angle": 0, "axis": "y", "origin": [-0.6, -1, 8]},
			"faces": {
				"north": {"uv": [8.625, 4.5, 8.25, 12.625], "texture": "#1"},
				"east": {"uv": [8.5, 4.5, 8.625, 12.625], "texture": "#1"},
				"south": {"uv": [8.25, 4.5, 8.625, 12.625], "texture": "#1"},
				"west": {"uv": [8.25, 4.5, 8.375, 12.625], "texture": "#1"}
			}
		},
		{
			"name": "ms1_32",
			"from": [8.525, 10.375, 8],
			"to": [9.025, 10.5, 8.125],
			"rotation": {"angle": 0, "axis": "y", "origin": [-0.6, -1, 8]},
			"faces": {
				"north": {"uv": [9.625, 4.5, 9.125, 4.625], "texture": "#1"},
				"south": {"uv": [9.125, 4.5, 9.625, 4.625], "texture": "#1"},
				"west": {"uv": [9.125, 4.5, 9.25, 4.625], "texture": "#1"},
				"down": {"uv": [9.125, 4.5, 9.625, 4.625], "texture": "#1"}
			}
		},
		{
			"name": "ms1_33",
			"from": [3.775, 9.875, 7.95],
			"to": [3.9, 10.375, 8.175],
			"rotation": {"angle": 0, "axis": "y", "origin": [-0.6, -1, 8]},
			"faces": {
				"north": {"uv": [4.5, 4.625, 4.375, 5.125], "texture": "#1"},
				"east": {"uv": [4.375, 4.625, 4.5, 5.125], "texture": "#1"},
				"south": {"uv": [4.375, 4.625, 4.5, 5.125], "texture": "#1"},
				"west": {"uv": [4.375, 4.625, 4.5, 5.125], "texture": "#1"},
				"up": {"uv": [4.375, 4.625, 4.5, 4.75], "texture": "#1"},
				"down": {"uv": [4.375, 5, 4.5, 5.125], "texture": "#1"}
			}
		},
		{
			"name": "ms1_34",
			"from": [8.775, 10.25, 8],
			"to": [9.275, 10.375, 8.125],
			"rotation": {"angle": 0, "axis": "y", "origin": [-0.6, -1, 8]},
			"faces": {
				"north": {"uv": [9.875, 4.625, 9.375, 4.75], "texture": "#1"},
				"east": {"uv": [9.75, 4.625, 9.875, 4.75], "texture": "#1"},
				"south": {"uv": [9.375, 4.625, 9.875, 4.75], "texture": "#1"},
				"west": {"uv": [9.375, 4.625, 9.5, 4.75], "texture": "#1"},
				"down": {"uv": [9.375, 4.625, 9.875, 4.75], "texture": "#1"}
			}
		},
		{
			"name": "ms1_35",
			"from": [3.65, 9.75, 7.95],
			"to": [3.775, 10.25, 8.175],
			"rotation": {"angle": 0, "axis": "y", "origin": [-0.6, -1, 8]},
			"faces": {
				"north": {"uv": [4.375, 4.75, 4.25, 5.25], "texture": "#1"},
				"east": {"uv": [4.25, 4.75, 4.375, 5.25], "texture": "#1"},
				"south": {"uv": [4.25, 4.75, 4.375, 5.25], "texture": "#1"},
				"west": {"uv": [4.25, 4.75, 4.375, 5.25], "texture": "#1"},
				"up": {"uv": [4.25, 4.75, 4.375, 4.875], "texture": "#1"},
				"down": {"uv": [4.25, 5.125, 4.375, 5.25], "texture": "#1"}
			}
		},
		{
			"name": "ms1_36",
			"from": [4.275, 10.125, 7.95],
			"to": [4.4, 10.25, 8.175],
			"rotation": {"angle": 0, "axis": "y", "origin": [-0.6, -1, 8]},
			"faces": {
				"north": {"uv": [5, 4.75, 4.875, 4.875], "texture": "#1"},
				"east": {"uv": [4.875, 4.75, 5, 4.875], "texture": "#1"},
				"south": {"uv": [4.875, 4.75, 5, 4.875], "texture": "#1"},
				"down": {"uv": [4.875, 4.75, 5, 4.875], "texture": "#1"}
			}
		},
		{
			"name": "ms1_37",
			"from": [9.025, 10.125, 8],
			"to": [9.275, 10.25, 8.125],
			"rotation": {"angle": 0, "axis": "y", "origin": [-0.6, -1, 8]},
			"faces": {
				"north": {"uv": [9.875, 4.75, 9.625, 4.875], "texture": "#1"},
				"east": {"uv": [9.75, 4.75, 9.875, 4.875], "texture": "#1"},
				"south": {"uv": [9.625, 4.75, 9.875, 4.875], "texture": "#1"},
				"west": {"uv": [9.625, 4.75, 9.75, 4.875], "texture": "#1"},
				"down": {"uv": [9.625, 4.75, 9.875, 4.875], "texture": "#1"}
			}
		},
		{
			"name": "ms1_38",
			"from": [3.525, 9.625, 7.95],
			"to": [3.65, 10.125, 8.175],
			"rotation": {"angle": 0, "axis": "y", "origin": [-0.6, -1, 8]},
			"faces": {
				"north": {"uv": [4.25, 4.875, 4.125, 5.375], "texture": "#1"},
				"east": {"uv": [4.125, 4.875, 4.25, 5.375], "texture": "#1"},
				"south": {"uv": [4.125, 4.875, 4.25, 5.375], "texture": "#1"},
				"west": {"uv": [4.125, 4.875, 4.25, 5.375], "texture": "#1"},
				"up": {"uv": [4.125, 4.875, 4.25, 5], "texture": "#1"},
				"down": {"uv": [4.125, 5.25, 4.25, 5.375], "texture": "#1"}
			}
		},
		{
			"name": "ms1_39",
			"from": [4.025, 10, 7.95],
			"to": [4.15, 10.125, 8.175],
			"rotation": {"angle": 0, "axis": "y", "origin": [-0.6, -1, 8]},
			"faces": {
				"north": {"uv": [4.75, 4.875, 4.625, 5], "texture": "#1"},
				"east": {"uv": [4.625, 4.875, 4.75, 5], "texture": "#1"},
				"south": {"uv": [4.625, 4.875, 4.75, 5], "texture": "#1"},
				"down": {"uv": [4.625, 4.875, 4.75, 5], "texture": "#1"}
			}
		},
		{
			"name": "ms1_40",
			"from": [3.4, 9.5, 7.95],
			"to": [3.525, 10, 8.175],
			"rotation": {"angle": 0, "axis": "y", "origin": [-0.6, -1, 8]},
			"faces": {
				"north": {"uv": [4.125, 5, 4, 5.5], "texture": "#1"},
				"east": {"uv": [4, 5, 4.125, 5.5], "texture": "#1"},
				"south": {"uv": [4, 5, 4.125, 5.5], "texture": "#1"},
				"west": {"uv": [4, 5, 4.125, 5.5], "texture": "#1"},
				"up": {"uv": [4, 5, 4.125, 5.125], "texture": "#1"},
				"down": {"uv": [4, 5.375, 4.125, 5.5], "texture": "#1"}
			}
		},
		{
			"name": "ms1_41",
			"from": [3.275, 9.25, 7.95],
			"to": [3.4, 9.75, 8.175],
			"rotation": {"angle": 0, "axis": "y", "origin": [-0.6, -1, 8]},
			"faces": {
				"north": {"uv": [4, 5.25, 3.875, 5.75], "texture": "#1"},
				"east": {"uv": [3.875, 5.25, 4, 5.75], "texture": "#1"},
				"south": {"uv": [3.875, 5.25, 4, 5.75], "texture": "#1"},
				"west": {"uv": [3.875, 5.25, 4, 5.75], "texture": "#1"},
				"up": {"uv": [3.875, 5.25, 4, 5.375], "texture": "#1"},
				"down": {"uv": [3.875, 5.625, 4, 5.75], "texture": "#1"}
			}
		},
		{
			"name": "ms1_42",
			"from": [3.15, 9, 7.95],
			"to": [3.275, 9.375, 8.175],
			"rotation": {"angle": 0, "axis": "y", "origin": [-0.6, -1, 8]},
			"faces": {
				"north": {"uv": [3.875, 5.625, 3.75, 6], "texture": "#1"},
				"east": {"uv": [3.75, 5.625, 3.875, 6], "texture": "#1"},
				"south": {"uv": [3.75, 5.625, 3.875, 6], "texture": "#1"},
				"west": {"uv": [3.75, 5.625, 3.875, 6], "texture": "#1"},
				"up": {"uv": [3.75, 5.625, 3.875, 5.75], "texture": "#1"},
				"down": {"uv": [3.75, 5.875, 3.875, 6], "texture": "#1"}
			}
		},
		{
			"name": "ms2_0",
			"from": [6.65, 10.375, 8],
			"to": [7.15, 10.875, 8.125],
			"rotation": {"angle": 0, "axis": "y", "origin": [-0.6, -1, 8]},
			"faces": {
				"north": {"uv": [7.75, 4.125, 7.25, 4.625], "texture": "#1"},
				"east": {"uv": [7.625, 4.125, 7.75, 4.625], "texture": "#1"},
				"south": {"uv": [7.25, 4.125, 7.75, 4.625], "texture": "#1"},
				"down": {"uv": [7.25, 4.5, 7.75, 4.625], "texture": "#1"}
			}
		},
		{
			"name": "ms2_1",
			"from": [7.15, 10.5, 8],
			"to": [7.275, 10.875, 8.125],
			"rotation": {"angle": 0, "axis": "y", "origin": [-0.6, -1, 8]},
			"faces": {
				"north": {"uv": [7.875, 4.125, 7.75, 4.5], "texture": "#1"},
				"south": {"uv": [7.75, 4.125, 7.875, 4.5], "texture": "#1"},
				"down": {"uv": [7.75, 4.375, 7.875, 4.5], "texture": "#1"}
			}
		},
		{
			"name": "ms2_2",
			"from": [5.775, 10.25, 8],
			"to": [6.525, 10.75, 8.125],
			"rotation": {"angle": 0, "axis": "y", "origin": [-0.6, -1, 8]},
			"faces": {
				"north": {"uv": [7.125, 4.25, 6.375, 4.75], "texture": "#1"},
				"east": {"uv": [7, 4.25, 7.125, 4.75], "texture": "#1"},
				"south": {"uv": [6.375, 4.25, 7.125, 4.75], "texture": "#1"},
				"down": {"uv": [6.375, 4.625, 7.125, 4.75], "texture": "#1"}
			}
		},
		{
			"name": "ms2_3",
			"from": [6.525, 10.375, 8],
			"to": [6.65, 10.75, 8.125],
			"rotation": {"angle": 0, "axis": "y", "origin": [-0.6, -1, 8]},
			"faces": {
				"north": {"uv": [7.25, 4.25, 7.125, 4.625], "texture": "#1"},
				"south": {"uv": [7.125, 4.25, 7.25, 4.625], "texture": "#1"},
				"down": {"uv": [7.125, 4.5, 7.25, 4.625], "texture": "#1"}
			}
		},
		{
			"name": "ms2_4",
			"from": [7.275, 10.5, 8],
			"to": [7.4, 10.75, 8.125],
			"rotation": {"angle": 0, "axis": "y", "origin": [-0.6, -1, 8]},
			"faces": {
				"north": {"uv": [8, 4.25, 7.875, 4.5], "texture": "#1"},
				"south": {"uv": [7.875, 4.25, 8, 4.5], "texture": "#1"},
				"down": {"uv": [7.875, 4.375, 8, 4.5], "texture": "#1"}
			}
		},
		{
			"name": "ms2_5",
			"from": [5.65, 10.25, 8],
			"to": [5.775, 10.625, 8.125],
			"rotation": {"angle": 0, "axis": "y", "origin": [-0.6, -1, 8]},
			"faces": {
				"north": {"uv": [6.375, 4.375, 6.25, 4.75], "texture": "#1"},
				"south": {"uv": [6.25, 4.375, 6.375, 4.75], "texture": "#1"},
				"down": {"uv": [6.25, 4.625, 6.375, 4.75], "texture": "#1"}
			}
		},
		{
			"name": "ms2_6",
			"from": [7.4, 10.5, 8],
			"to": [7.525, 10.625, 8.125],
			"rotation": {"angle": 0, "axis": "y", "origin": [-0.6, -1, 8]},
			"faces": {
				"north": {"uv": [8.125, 4.375, 8, 4.5], "texture": "#1"},
				"south": {"uv": [8, 4.375, 8.125, 4.5], "texture": "#1"},
				"down": {"uv": [8, 4.375, 8.125, 4.5], "texture": "#1"}
			}
		},
		{
			"name": "ms2_7",
			"from": [5.025, 10.125, 8],
			"to": [5.65, 10.5, 8.125],
			"rotation": {"angle": 0, "axis": "y", "origin": [-0.6, -1, 8]},
			"faces": {
				"north": {"uv": [6.25, 4.5, 5.625, 4.875], "texture": "#1"},
				"east": {"uv": [6.125, 4.5, 6.25, 4.875], "texture": "#1"},
				"south": {"uv": [5.625, 4.5, 6.25, 4.875], "texture": "#1"},
				"down": {"uv": [5.625, 4.75, 6.25, 4.875], "texture": "#1"}
			}
		},
		{
			"name": "ms2_8",
			"from": [4.775, 10, 8],
			"to": [5.025, 10.375, 8.125],
			"rotation": {"angle": 0, "axis": "y", "origin": [-0.6, -1, 8]},
			"faces": {
				"north": {"uv": [5.625, 4.625, 5.375, 5], "texture": "#1"},
				"south": {"uv": [5.375, 4.625, 5.625, 5], "texture": "#1"},
				"down": {"uv": [5.375, 4.875, 5.625, 5], "texture": "#1"}
			}
		},
		{
			"name": "ms2_9",
			"from": [4.4, 9.875, 8],
			"to": [4.775, 10.25, 8.125],
			"rotation": {"angle": 0, "axis": "y", "origin": [-0.6, -1, 8]},
			"faces": {
				"north": {"uv": [5.375, 4.75, 5, 5.125], "texture": "#1"},
				"east": {"uv": [5.25, 4.75, 5.375, 5.125], "texture": "#1"},
				"south": {"uv": [5, 4.75, 5.375, 5.125], "texture": "#1"},
				"down": {"uv": [5, 5, 5.375, 5.125], "texture": "#1"}
			}
		},
		{
			"name": "ms2_10",
			"from": [4.15, 9.75, 8],
			"to": [4.4, 10.125, 8.125],
			"rotation": {"angle": 0, "axis": "y", "origin": [-0.6, -1, 8]},
			"faces": {
				"north": {"uv": [5, 4.875, 4.75, 5.25], "texture": "#1"},
				"east": {"uv": [4.875, 4.875, 5, 5.25], "texture": "#1"},
				"south": {"uv": [4.75, 4.875, 5, 5.25], "texture": "#1"},
				"down": {"uv": [4.75, 5.125, 5, 5.25], "texture": "#1"}
			}
		},
		{
			"name": "ms2_11",
			"from": [5.025, 10, 8],
			"to": [5.15, 10.125, 8.125],
			"rotation": {"angle": 0, "axis": "y", "origin": [-0.6, -1, 8]},
			"faces": {
				"north": {"uv": [5.75, 4.875, 5.625, 5], "texture": "#1"},
				"east": {"uv": [5.625, 4.875, 5.75, 5], "texture": "#1"},
				"south": {"uv": [5.625, 4.875, 5.75, 5], "texture": "#1"},
				"down": {"uv": [5.625, 4.875, 5.75, 5], "texture": "#1"}
			}
		},
		{
			"name": "ms2_12",
			"from": [3.9, 9.625, 8],
			"to": [4.15, 10, 8.125],
			"rotation": {"angle": 0, "axis": "y", "origin": [-0.6, -1, 8]},
			"faces": {
				"north": {"uv": [4.75, 5, 4.5, 5.375], "texture": "#1"},
				"east": {"uv": [4.625, 5, 4.75, 5.375], "texture": "#1"},
				"south": {"uv": [4.5, 5, 4.75, 5.375], "texture": "#1"},
				"down": {"uv": [4.5, 5.25, 4.75, 5.375], "texture": "#1"}
			}
		},
		{
			"name": "ms2_13",
			"from": [3.775, 9.5, 8],
			"to": [3.9, 9.875, 8.125],
			"rotation": {"angle": 0, "axis": "y", "origin": [-0.6, -1, 8]},
			"faces": {
				"north": {"uv": [4.5, 5.125, 4.375, 5.5], "texture": "#1"},
				"east": {"uv": [4.375, 5.125, 4.5, 5.5], "texture": "#1"},
				"south": {"uv": [4.375, 5.125, 4.5, 5.5], "texture": "#1"},
				"down": {"uv": [4.375, 5.375, 4.5, 5.5], "texture": "#1"}
			}
		},
		{
			"name": "ms2_14",
			"from": [3.65, 9.375, 8],
			"to": [3.775, 9.75, 8.125],
			"rotation": {"angle": 0, "axis": "y", "origin": [-0.6, -1, 8]},
			"faces": {
				"north": {"uv": [4.375, 5.25, 4.25, 5.625], "texture": "#1"},
				"east": {"uv": [4.25, 5.25, 4.375, 5.625], "texture": "#1"},
				"south": {"uv": [4.25, 5.25, 4.375, 5.625], "texture": "#1"},
				"down": {"uv": [4.25, 5.5, 4.375, 5.625], "texture": "#1"}
			}
		},
		{
			"name": "ms2_15",
			"from": [3.525, 9.25, 8],
			"to": [3.65, 9.625, 8.125],
			"rotation": {"angle": 0, "axis": "y", "origin": [-0.6, -1, 8]},
			"faces": {
				"north": {"uv": [4.25, 5.375, 4.125, 5.75], "texture": "#1"},
				"east": {"uv": [4.125, 5.375, 4.25, 5.75], "texture": "#1"},
				"south": {"uv": [4.125, 5.375, 4.25, 5.75], "texture": "#1"},
				"down": {"uv": [4.125, 5.625, 4.25, 5.75], "texture": "#1"}
			}
		},
		{
			"name": "ms2_16",
			"from": [3.4, 9.125, 8],
			"to": [3.525, 9.5, 8.125],
			"rotation": {"angle": 0, "axis": "y", "origin": [-0.6, -1, 8]},
			"faces": {
				"north": {"uv": [4.125, 5.5, 4, 5.875], "texture": "#1"},
				"east": {"uv": [4, 5.5, 4.125, 5.875], "texture": "#1"},
				"south": {"uv": [4, 5.5, 4.125, 5.875], "texture": "#1"},
				"down": {"uv": [4, 5.75, 4.125, 5.875], "texture": "#1"}
			}
		},
		{
			"name": "ms2_17",
			"from": [3.275, 8.875, 8],
			"to": [3.4, 9.25, 8.125],
			"rotation": {"angle": 0, "axis": "y", "origin": [-0.6, -1, 8]},
			"faces": {
				"north": {"uv": [4, 5.75, 3.875, 6.125], "texture": "#1"},
				"east": {"uv": [3.875, 5.75, 4, 6.125], "texture": "#1"},
				"south": {"uv": [3.875, 5.75, 4, 6.125], "texture": "#1"},
				"down": {"uv": [3.875, 6, 4, 6.125], "texture": "#1"}
			}
		},
		{
			"name": "ms2_18",
			"from": [3.15, 8.625, 8],
			"to": [3.275, 9, 8.125],
			"rotation": {"angle": 0, "axis": "y", "origin": [-0.6, -1, 8]},
			"faces": {
				"north": {"uv": [3.875, 6, 3.75, 6.375], "texture": "#1"},
				"east": {"uv": [3.75, 6, 3.875, 6.375], "texture": "#1"},
				"south": {"uv": [3.75, 6, 3.875, 6.375], "texture": "#1"},
				"west": {"uv": [3.75, 6, 3.875, 6.375], "texture": "#1"},
				"down": {"uv": [3.75, 6.25, 3.875, 6.375], "texture": "#1"}
			}
		},
		{
			"name": "ms2_19",
			"from": [7.65, 2.125, 7.8],
			"to": [8.025, 2.375, 8.325],
			"rotation": {"angle": 0, "axis": "y", "origin": [-0.6, -1, 8]},
			"faces": {
				"north": {"uv": [8.625, 12.625, 8.25, 12.875], "texture": "#1"},
				"east": {"uv": [8.5, 12.625, 8.625, 12.875], "texture": "#1"},
				"south": {"uv": [8.25, 12.625, 8.625, 12.875], "texture": "#1"},
				"west": {"uv": [8.25, 12.625, 8.375, 12.875], "texture": "#1"},
				"up": {"uv": [8.25, 12.625, 8.625, 12.75], "texture": "#1"},
				"down": {"uv": [8.25, 12.75, 8.625, 12.875], "texture": "#1"}
			}
		},
		{
			"name": "ms2_20",
			"from": [7.525, 1.625, 7.8],
			"to": [7.65, 2.25, 8.325],
			"rotation": {"angle": 0, "axis": "y", "origin": [-0.6, -1, 8]},
			"faces": {
				"north": {"uv": [8.25, 12.75, 8.125, 13.375], "texture": "#1"},
				"east": {"uv": [8.125, 12.75, 8.25, 13.375], "texture": "#1"},
				"south": {"uv": [8.125, 12.75, 8.25, 13.375], "texture": "#1"},
				"west": {"uv": [8.125, 12.75, 8.25, 13.375], "texture": "#1"},
				"up": {"uv": [8.125, 12.75, 8.25, 12.875], "texture": "#1"},
				"down": {"uv": [8.125, 13.25, 8.25, 13.375], "texture": "#1"}
			}
		},
		{
			"name": "ms2_21",
			"from": [8.025, 1.625, 7.8],
			"to": [8.15, 2.25, 8.325],
			"rotation": {"angle": 0, "axis": "y", "origin": [-0.6, -1, 8]},
			"faces": {
				"north": {"uv": [8.75, 12.75, 8.625, 13.375], "texture": "#1"},
				"east": {"uv": [8.625, 12.75, 8.75, 13.375], "texture": "#1"},
				"south": {"uv": [8.625, 12.75, 8.75, 13.375], "texture": "#1"},
				"west": {"uv": [8.625, 12.75, 8.75, 13.375], "texture": "#1"},
				"up": {"uv": [8.625, 12.75, 8.75, 12.875], "texture": "#1"},
				"down": {"uv": [8.625, 13.25, 8.75, 13.375], "texture": "#1"}
			}
		},
		{
			"name": "ms2_22",
			"from": [7.4, 1.75, 7.8],
			"to": [7.525, 2.125, 8.325],
			"rotation": {"angle": 0, "axis": "y", "origin": [-0.6, -1, 8]},
			"faces": {
				"north": {"uv": [8.125, 12.875, 8, 13.25], "texture": "#1"},
				"south": {"uv": [8, 12.875, 8.125, 13.25], "texture": "#1"},
				"west": {"uv": [8, 12.875, 8.125, 13.25], "texture": "#1"},
				"up": {"uv": [8, 12.875, 8.125, 13], "texture": "#1"},
				"down": {"uv": [8, 13.125, 8.125, 13.25], "texture": "#1"}
			}
		},
		{
			"name": "ms2_23",
			"from": [7.65, 2, 7.8],
			"to": [7.775, 2.125, 8.325],
			"rotation": {"angle": 0, "axis": "y", "origin": [-0.6, -1, 8]},
			"faces": {
				"north": {"uv": [8.375, 12.875, 8.25, 13], "texture": "#1"},
				"east": {"uv": [8.25, 12.875, 8.375, 13], "texture": "#1"},
				"south": {"uv": [8.25, 12.875, 8.375, 13], "texture": "#1"},
				"down": {"uv": [8.25, 12.875, 8.375, 13], "texture": "#1"}
			}
		},
		{
			"name": "ms2_24",
			"from": [7.9, 2, 7.8],
			"to": [8.025, 2.125, 8.325],
			"rotation": {"angle": 0, "axis": "y", "origin": [-0.6, -1, 8]},
			"faces": {
				"north": {"uv": [8.625, 12.875, 8.5, 13], "texture": "#1"},
				"south": {"uv": [8.5, 12.875, 8.625, 13], "texture": "#1"},
				"west": {"uv": [8.5, 12.875, 8.625, 13], "texture": "#1"},
				"down": {"uv": [8.5, 12.875, 8.625, 13], "texture": "#1"}
			}
		},
		{
			"name": "ms2_25",
			"from": [8.15, 1.75, 7.8],
			"to": [8.275, 2.125, 8.325],
			"rotation": {"angle": 0, "axis": "y", "origin": [-0.6, -1, 8]},
			"faces": {
				"north": {"uv": [8.875, 12.875, 8.75, 13.25], "texture": "#1"},
				"east": {"uv": [8.75, 12.875, 8.875, 13.25], "texture": "#1"},
				"south": {"uv": [8.75, 12.875, 8.875, 13.25], "texture": "#1"},
				"up": {"uv": [8.75, 12.875, 8.875, 13], "texture": "#1"},
				"down": {"uv": [8.75, 13.125, 8.875, 13.25], "texture": "#1"}
			}
		},
		{
			"name": "ms2_26",
			"from": [7.275, 1.875, 7.8],
			"to": [7.4, 2, 8.325],
			"rotation": {"angle": 0, "axis": "y", "origin": [-0.6, -1, 8]},
			"faces": {
				"north": {"uv": [8, 13, 7.875, 13.125], "texture": "#1"},
				"south": {"uv": [7.875, 13, 8, 13.125], "texture": "#1"},
				"west": {"uv": [7.875, 13, 8, 13.125], "texture": "#1"},
				"up": {"uv": [7.875, 13, 8, 13.125], "texture": "#1"},
				"down": {"uv": [7.875, 13, 8, 13.125], "texture": "#1"}
			}
		},
		{
			"name": "ms2_27",
			"from": [8.275, 1.875, 7.8],
			"to": [8.4, 2, 8.325],
			"rotation": {"angle": 0, "axis": "y", "origin": [-0.6, -1, 8]},
			"faces": {
				"north": {"uv": [9, 13, 8.875, 13.125], "texture": "#1"},
				"east": {"uv": [8.875, 13, 9, 13.125], "texture": "#1"},
				"south": {"uv": [8.875, 13, 9, 13.125], "texture": "#1"},
				"up": {"uv": [8.875, 13, 9, 13.125], "texture": "#1"},
				"down": {"uv": [8.875, 13, 9, 13.125], "texture": "#1"}
			}
		},
		{
			"name": "ms2_28",
			"from": [7.65, 1.375, 7.8],
			"to": [7.775, 1.875, 8.325],
			"rotation": {"angle": 0, "axis": "y", "origin": [-0.6, -1, 8]},
			"faces": {
				"north": {"uv": [8.375, 13.125, 8.25, 13.625], "texture": "#1"},
				"east": {"uv": [8.25, 13.125, 8.375, 13.625], "texture": "#1"},
				"south": {"uv": [8.25, 13.125, 8.375, 13.625], "texture": "#1"},
				"west": {"uv": [8.25, 13.125, 8.375, 13.625], "texture": "#1"},
				"up": {"uv": [8.25, 13.125, 8.375, 13.25], "texture": "#1"},
				"down": {"uv": [8.25, 13.5, 8.375, 13.625], "texture": "#1"}
			}
		},
		{
			"name": "ms2_29",
			"from": [7.9, 1.375, 7.8],
			"to": [8.025, 1.875, 8.325],
			"rotation": {"angle": 0, "axis": "y", "origin": [-0.6, -1, 8]},
			"faces": {
				"north": {"uv": [8.625, 13.125, 8.5, 13.625], "texture": "#1"},
				"east": {"uv": [8.5, 13.125, 8.625, 13.625], "texture": "#1"},
				"south": {"uv": [8.5, 13.125, 8.625, 13.625], "texture": "#1"},
				"west": {"uv": [8.5, 13.125, 8.625, 13.625], "texture": "#1"},
				"up": {"uv": [8.5, 13.125, 8.625, 13.25], "texture": "#1"},
				"down": {"uv": [8.5, 13.5, 8.625, 13.625], "texture": "#1"}
			}
		},
		{
			"name": "ms2_30",
			"from": [7.775, 1.125, 7.8],
			"to": [7.9, 1.75, 8.325],
			"rotation": {"angle": 0, "axis": "y", "origin": [-0.6, -1, 8]},
			"faces": {
				"north": {"uv": [8.5, 13.25, 8.375, 13.875], "texture": "#1"},
				"east": {"uv": [8.375, 13.25, 8.5, 13.875], "texture": "#1"},
				"south": {"uv": [8.375, 13.25, 8.5, 13.875], "texture": "#1"},
				"west": {"uv": [8.375, 13.25, 8.5, 13.875], "texture": "#1"},
				"up": {"uv": [8.375, 13.25, 8.5, 13.375], "texture": "#1"},
				"down": {"uv": [8.375, 13.75, 8.5, 13.875], "texture": "#1"}
			}
		},
		{
			"name": "ms4_0",
			"from": [7.525, 11.625, 7.9],
			"to": [8.15, 11.875, 8.225],
			"rotation": {"angle": 0, "axis": "y", "origin": [-0.6, -1, 8]},
			"faces": {
				"north": {"uv": [8.75, 3.125, 8.125, 3.375], "texture": "#1"},
				"east": {"uv": [8.625, 3.125, 8.75, 3.375], "texture": "#1"},
				"south": {"uv": [8.125, 3.125, 8.75, 3.375], "texture": "#1"},
				"west": {"uv": [8.125, 3.125, 8.25, 3.375], "texture": "#1"},
				"up": {"uv": [8.125, 3.125, 8.75, 3.25], "texture": "#1"}
			}
		},
		{
			"name": "ms4_1",
			"from": [7.4, 11.5, 7.9],
			"to": [7.525, 11.75, 8.225],
			"rotation": {"angle": 0, "axis": "y", "origin": [-0.6, -1, 8]},
			"faces": {
				"north": {"uv": [8.125, 3.25, 8, 3.5], "texture": "#1"},
				"south": {"uv": [8, 3.25, 8.125, 3.5], "texture": "#1"},
				"west": {"uv": [8, 3.25, 8.125, 3.5], "texture": "#1"},
				"up": {"uv": [8, 3.25, 8.125, 3.375], "texture": "#1"}
			}
		},
		{
			"name": "ms4_2",
			"from": [8.15, 11.5, 7.9],
			"to": [8.275, 11.75, 8.225],
			"rotation": {"angle": 0, "axis": "y", "origin": [-0.6, -1, 8]},
			"faces": {
				"north": {"uv": [8.875, 3.25, 8.75, 3.5], "texture": "#1"},
				"east": {"uv": [8.75, 3.25, 8.875, 3.5], "texture": "#1"},
				"south": {"uv": [8.75, 3.25, 8.875, 3.5], "texture": "#1"},
				"up": {"uv": [8.75, 3.25, 8.875, 3.375], "texture": "#1"}
			}
		},
		{
			"name": "ms4_3",
			"from": [7.65, 11.5, 7.9],
			"to": [8.025, 11.625, 8.225],
			"rotation": {"angle": 0, "axis": "y", "origin": [-0.6, -1, 8]},
			"faces": {
				"north": {"uv": [8.625, 3.375, 8.25, 3.5], "texture": "#1"},
				"south": {"uv": [8.25, 3.375, 8.625, 3.5], "texture": "#1"},
				"down": {"uv": [8.25, 3.375, 8.625, 3.5], "texture": "#1"}
			}
		},
		{
			"name": "ms4_4",
			"from": [7.15, 11.375, 7.9],
			"to": [7.4, 11.5, 8.225],
			"rotation": {"angle": 0, "axis": "y", "origin": [-0.6, -1, 8]},
			"faces": {
				"north": {"uv": [8, 3.5, 7.75, 3.625], "texture": "#1"},
				"south": {"uv": [7.75, 3.5, 8, 3.625], "texture": "#1"},
				"west": {"uv": [7.75, 3.5, 7.875, 3.625], "texture": "#1"},
				"up": {"uv": [7.75, 3.5, 8, 3.625], "texture": "#1"}
			}
		},
		{
			"name": "ms4_5",
			"from": [7.525, 11.375, 7.9],
			"to": [7.775, 11.5, 8.225],
			"rotation": {"angle": 0, "axis": "y", "origin": [-0.6, -1, 8]},
			"faces": {
				"north": {"uv": [8.375, 3.5, 8.125, 3.625], "texture": "#1"},
				"east": {"uv": [8.25, 3.5, 8.375, 3.625], "texture": "#1"},
				"south": {"uv": [8.125, 3.5, 8.375, 3.625], "texture": "#1"},
				"down": {"uv": [8.125, 3.5, 8.375, 3.625], "texture": "#1"}
			}
		},
		{
			"name": "ms4_6",
			"from": [7.9, 11.375, 7.9],
			"to": [8.15, 11.5, 8.225],
			"rotation": {"angle": 0, "axis": "y", "origin": [-0.6, -1, 8]},
			"faces": {
				"north": {"uv": [8.75, 3.5, 8.5, 3.625], "texture": "#1"},
				"south": {"uv": [8.5, 3.5, 8.75, 3.625], "texture": "#1"},
				"west": {"uv": [8.5, 3.5, 8.625, 3.625], "texture": "#1"},
				"down": {"uv": [8.5, 3.5, 8.75, 3.625], "texture": "#1"}
			}
		},
		{
			"name": "ms4_7",
			"from": [8.275, 11.375, 7.9],
			"to": [8.525, 11.5, 8.225],
			"rotation": {"angle": 0, "axis": "y", "origin": [-0.6, -1, 8]},
			"faces": {
				"north": {"uv": [9.125, 3.5, 8.875, 3.625], "texture": "#1"},
				"east": {"uv": [9, 3.5, 9.125, 3.625], "texture": "#1"},
				"south": {"uv": [8.875, 3.5, 9.125, 3.625], "texture": "#1"},
				"up": {"uv": [8.875, 3.5, 9.125, 3.625], "texture": "#1"}
			}
		},
		{
			"name": "ms4_8",
			"from": [8.9, 11.375, 7.95],
			"to": [9.275, 11.5, 8.175],
			"rotation": {"angle": 0, "axis": "y", "origin": [-0.6, -1, 8]},
			"faces": {
				"north": {"uv": [9.875, 3.5, 9.5, 3.625], "texture": "#1"},
				"east": {"uv": [9.75, 3.5, 9.875, 3.625], "texture": "#1"},
				"south": {"uv": [9.5, 3.5, 9.875, 3.625], "texture": "#1"},
				"west": {"uv": [9.5, 3.5, 9.625, 3.625], "texture": "#1"},
				"up": {"uv": [9.5, 3.5, 9.875, 3.625], "texture": "#1"},
				"down": {"uv": [9.5, 3.5, 9.875, 3.625], "texture": "#1"}
			}
		},
		{
			"name": "ms4_9",
			"from": [7.15, 11.25, 7.9],
			"to": [7.275, 11.375, 8.225],
			"rotation": {"angle": 0, "axis": "y", "origin": [-0.6, -1, 8]},
			"faces": {
				"north": {"uv": [7.875, 3.625, 7.75, 3.75], "texture": "#1"},
				"south": {"uv": [7.75, 3.625, 7.875, 3.75], "texture": "#1"},
				"west": {"uv": [7.75, 3.625, 7.875, 3.75], "texture": "#1"}
			}
		},
		{
			"name": "ms4_10",
			"from": [7.4, 11.25, 7.9],
			"to": [7.65, 11.375, 8.225],
			"rotation": {"angle": 0, "axis": "y", "origin": [-0.6, -1, 8]},
			"faces": {
				"north": {"uv": [8.25, 3.625, 8, 3.75], "texture": "#1"},
				"east": {"uv": [8.125, 3.625, 8.25, 3.75], "texture": "#1"},
				"south": {"uv": [8, 3.625, 8.25, 3.75], "texture": "#1"},
				"down": {"uv": [8, 3.625, 8.25, 3.75], "texture": "#1"}
			}
		},
		{
			"name": "ms4_11",
			"from": [8.025, 11.25, 7.9],
			"to": [8.275, 11.375, 8.225],
			"rotation": {"angle": 0, "axis": "y", "origin": [-0.6, -1, 8]},
			"faces": {
				"north": {"uv": [8.875, 3.625, 8.625, 3.75], "texture": "#1"},
				"south": {"uv": [8.625, 3.625, 8.875, 3.75], "texture": "#1"},
				"west": {"uv": [8.625, 3.625, 8.75, 3.75], "texture": "#1"},
				"down": {"uv": [8.625, 3.625, 8.875, 3.75], "texture": "#1"}
			}
		},
		{
			"name": "ms4_12",
			"from": [8.4, 11.25, 7.9],
			"to": [8.525, 11.375, 8.225],
			"rotation": {"angle": 0, "axis": "y", "origin": [-0.6, -1, 8]},
			"faces": {
				"north": {"uv": [9.125, 3.625, 9, 3.75], "texture": "#1"},
				"east": {"uv": [9, 3.625, 9.125, 3.75], "texture": "#1"},
				"south": {"uv": [9, 3.625, 9.125, 3.75], "texture": "#1"}
			}
		},
		{
			"name": "ms4_13",
			"from": [8.9, 11.25, 7.9],
			"to": [9.025, 11.375, 8.225],
			"rotation": {"angle": 0, "axis": "y", "origin": [-0.6, -1, 8.1]},
			"faces": {
				"north": {"uv": [9.625, 3.625, 9.5, 3.75], "texture": "#1"},
				"east": {"uv": [9.5, 3.625, 9.625, 3.75], "texture": "#1"},
				"south": {"uv": [9.5, 3.625, 9.625, 3.75], "texture": "#1"},
				"up": {"uv": [9.5, 3.625, 9.625, 3.75], "texture": "#1"},
				"down": {"uv": [9.5, 3.625, 9.625, 3.75], "texture": "#1"}
			}
		},
		{
			"name": "ms4_14",
			"from": [7.275, 11.125, 7.9],
			"to": [7.525, 11.25, 8.225],
			"rotation": {"angle": 0, "axis": "y", "origin": [-0.6, -1, 8]},
			"faces": {
				"north": {"uv": [8.125, 3.75, 7.875, 3.875], "texture": "#1"},
				"east": {"uv": [8, 3.75, 8.125, 3.875], "texture": "#1"},
				"south": {"uv": [7.875, 3.75, 8.125, 3.875], "texture": "#1"}
			}
		},
		{
			"name": "ms4_15",
			"from": [8.15, 11.125, 7.9],
			"to": [8.4, 11.25, 8.225],
			"rotation": {"angle": 0, "axis": "y", "origin": [-0.6, -1, 8]},
			"faces": {
				"north": {"uv": [9, 3.75, 8.75, 3.875], "texture": "#1"},
				"south": {"uv": [8.75, 3.75, 9, 3.875], "texture": "#1"},
				"west": {"uv": [8.75, 3.75, 8.875, 3.875], "texture": "#1"}
			}
		},
		{
			"name": "ms4_16",
			"from": [8.775, 11.125, 7.9],
			"to": [8.9, 11.25, 8.225],
			"rotation": {"angle": 0, "axis": "y", "origin": [-0.6, -1, 8.1]},
			"faces": {
				"north": {"uv": [9.5, 3.75, 9.375, 3.875], "texture": "#1"},
				"east": {"uv": [9.375, 3.75, 9.5, 3.875], "texture": "#1"},
				"south": {"uv": [9.375, 3.75, 9.5, 3.875], "texture": "#1"},
				"down": {"uv": [9.375, 3.75, 9.5, 3.875], "texture": "#1"}
			}
		},
		{
			"name": "ms4_17",
			"from": [7.4, 11, 7.9],
			"to": [7.65, 11.125, 8.225],
			"rotation": {"angle": 0, "axis": "y", "origin": [-0.6, -1, 8]},
			"faces": {
				"north": {"uv": [8.25, 3.875, 8, 4], "texture": "#1"},
				"east": {"uv": [8.125, 3.875, 8.25, 4], "texture": "#1"},
				"south": {"uv": [8, 3.875, 8.25, 4], "texture": "#1"},
				"up": {"uv": [8, 3.875, 8.25, 4], "texture": "#1"}
			}
		},
		{
			"name": "ms4_18",
			"from": [8.025, 11, 7.9],
			"to": [8.275, 11.125, 8.225],
			"rotation": {"angle": 0, "axis": "y", "origin": [-0.6, -1, 8]},
			"faces": {
				"north": {"uv": [8.875, 3.875, 8.625, 4], "texture": "#1"},
				"south": {"uv": [8.625, 3.875, 8.875, 4], "texture": "#1"},
				"west": {"uv": [8.625, 3.875, 8.75, 4], "texture": "#1"},
				"up": {"uv": [8.625, 3.875, 8.875, 4], "texture": "#1"}
			}
		},
		{
			"name": "ms4_19",
			"from": [8.65, 11, 7.9],
			"to": [8.775, 11.125, 8.225],
			"rotation": {"angle": 0, "axis": "y", "origin": [-0.6, -1, 8.1]},
			"faces": {
				"north": {"uv": [9.375, 3.875, 9.25, 4], "texture": "#1"},
				"east": {"uv": [9.25, 3.875, 9.375, 4], "texture": "#1"},
				"south": {"uv": [9.25, 3.875, 9.375, 4], "texture": "#1"},
				"down": {"uv": [9.25, 3.875, 9.375, 4], "texture": "#1"}
			}
		},
		{
			"name": "ms4_20",
			"from": [7.525, 10.875, 7.9],
			"to": [7.775, 11, 8.225],
			"rotation": {"angle": 0, "axis": "y", "origin": [-0.6, -1, 8]},
			"faces": {
				"north": {"uv": [8.375, 4, 8.125, 4.125], "texture": "#1"},
				"east": {"uv": [8.25, 4, 8.375, 4.125], "texture": "#1"},
				"south": {"uv": [8.125, 4, 8.375, 4.125], "texture": "#1"},
				"up": {"uv": [8.125, 4, 8.375, 4.125], "texture": "#1"}
			}
		},
		{
			"name": "ms4_21",
			"from": [7.9, 10.875, 7.9],
			"to": [8.15, 11, 8.225],
			"rotation": {"angle": 0, "axis": "y", "origin": [-0.6, -1, 8]},
			"faces": {
				"north": {"uv": [8.75, 4, 8.5, 4.125], "texture": "#1"},
				"south": {"uv": [8.5, 4, 8.75, 4.125], "texture": "#1"},
				"west": {"uv": [8.5, 4, 8.625, 4.125], "texture": "#1"},
				"up": {"uv": [8.5, 4, 8.75, 4.125], "texture": "#1"}
			}
		},
		{
			"name": "ms4_22",
			"from": [8.525, 10.625, 7.9],
			"to": [8.65, 11, 8.225],
			"rotation": {"angle": 0, "axis": "y", "origin": [-0.6, -1, 8.1]},
			"faces": {
				"north": {"uv": [9.25, 4, 9.125, 4.375], "texture": "#1"},
				"east": {"uv": [9.125, 4, 9.25, 4.375], "texture": "#1"},
				"south": {"uv": [9.125, 4, 9.25, 4.375], "texture": "#1"},
				"west": {"uv": [9.125, 4, 9.25, 4.375], "texture": "#1"},
				"down": {"uv": [9.125, 4.25, 9.25, 4.375], "texture": "#1"}
			}
		},
		{
			"name": "ms4_23",
			"from": [7.65, 10.75, 7.9],
			"to": [8.025, 10.875, 8.225],
			"rotation": {"angle": 0, "axis": "y", "origin": [-0.6, -1, 8]},
			"faces": {
				"north": {"uv": [8.625, 4.125, 8.25, 4.25], "texture": "#1"},
				"south": {"uv": [8.25, 4.125, 8.625, 4.25], "texture": "#1"},
				"up": {"uv": [8.25, 4.125, 8.625, 4.25], "texture": "#1"}
			}
		},
		{
			"name": "ms4_24",
			"from": [8.4, 10.75, 7.9],
			"to": [8.525, 10.875, 8.225],
			"rotation": {"angle": 0, "axis": "y", "origin": [-0.6, -1, 8.1]},
			"faces": {
				"north": {"uv": [9.125, 4.125, 9, 4.25], "texture": "#1"},
				"south": {"uv": [9, 4.125, 9.125, 4.25], "texture": "#1"},
				"down": {"uv": [9, 4.125, 9.125, 4.25], "texture": "#1"}
			}
		},
		{
			"name": "ms4_25",
			"from": [8.65, 10.625, 7.9],
			"to": [8.775, 10.875, 8.225],
			"rotation": {"angle": 0, "axis": "y", "origin": [-0.6, -1, 8.1]},
			"faces": {
				"north": {"uv": [9.375, 4.125, 9.25, 4.375], "texture": "#1"},
				"east": {"uv": [9.25, 4.125, 9.375, 4.375], "texture": "#1"},
				"south": {"uv": [9.25, 4.125, 9.375, 4.375], "texture": "#1"},
				"up": {"uv": [9.25, 4.125, 9.375, 4.25], "texture": "#1"},
				"down": {"uv": [9.25, 4.25, 9.375, 4.375], "texture": "#1"}
			}
		},
		{
			"name": "ms4_26",
			"from": [8.775, 10.5, 7.95],
			"to": [9.025, 10.75, 8.175],
			"rotation": {"angle": 0, "axis": "y", "origin": [-0.6, -1, 8]},
			"faces": {
				"north": {"uv": [9.625, 4.25, 9.375, 4.5], "texture": "#1"},
				"east": {"uv": [9.5, 4.25, 9.625, 4.5], "texture": "#1"},
				"south": {"uv": [9.375, 4.25, 9.625, 4.5], "texture": "#1"},
				"west": {"uv": [9.375, 4.25, 9.5, 4.5], "texture": "#1"},
				"up": {"uv": [9.375, 4.25, 9.625, 4.375], "texture": "#1"},
				"down": {"uv": [9.375, 4.375, 9.625, 4.5], "texture": "#1"}
			}
		},
		{
			"name": "ms4_27",
			"from": [9.025, 10.375, 7.95],
			"to": [9.15, 10.625, 8.175],
			"rotation": {"angle": 0, "axis": "y", "origin": [-0.6, -1, 8]},
			"faces": {
				"north": {"uv": [9.75, 4.375, 9.625, 4.625], "texture": "#1"},
				"east": {"uv": [9.625, 4.375, 9.75, 4.625], "texture": "#1"},
				"south": {"uv": [9.625, 4.375, 9.75, 4.625], "texture": "#1"},
				"west": {"uv": [9.625, 4.375, 9.75, 4.625], "texture": "#1"},
				"up": {"uv": [9.625, 4.375, 9.75, 4.5], "texture": "#1"},
				"down": {"uv": [9.625, 4.5, 9.75, 4.625], "texture": "#1"}
			}
		},
		{
			"name": "ms3_0",
			"from": [7.275, 11.5, 7.8],
			"to": [7.4, 11.625, 8.325],
			"rotation": {"angle": 0, "axis": "y", "origin": [-0.6, -1, 8]},
			"faces": {
				"north": {"uv": [8, 3.375, 7.875, 3.5], "texture": "#1"},
				"east": {"uv": [7.875, 3.375, 8, 3.5], "texture": "#1"},
				"south": {"uv": [7.875, 3.375, 8, 3.5], "texture": "#1"},
				"west": {"uv": [7.875, 3.375, 8, 3.5], "texture": "#1"},
				"up": {"uv": [7.875, 3.375, 8, 3.5], "texture": "#1"},
				"down": {"uv": [7.875, 3.375, 8, 3.5], "texture": "#1"}
			}
		},
		{
			"name": "ms3_1",
			"from": [7.525, 11.5, 7.8],
			"to": [7.65, 11.625, 8.325],
			"rotation": {"angle": 0, "axis": "y", "origin": [-0.6, -1, 8]},
			"faces": {
				"north": {"uv": [8.25, 3.375, 8.125, 3.5], "texture": "#1"},
				"east": {"uv": [8.125, 3.375, 8.25, 3.5], "texture": "#1"},
				"south": {"uv": [8.125, 3.375, 8.25, 3.5], "texture": "#1"},
				"west": {"uv": [8.125, 3.375, 8.25, 3.5], "texture": "#1"},
				"up": {"uv": [8.125, 3.375, 8.25, 3.5], "texture": "#1"},
				"down": {"uv": [8.125, 3.375, 8.25, 3.5], "texture": "#1"}
			}
		},
		{
			"name": "ms3_2",
			"from": [8.025, 11.5, 7.8],
			"to": [8.15, 11.625, 8.325],
			"rotation": {"angle": 0, "axis": "y", "origin": [-0.6, -1, 8]},
			"faces": {
				"north": {"uv": [8.75, 3.375, 8.625, 3.5], "texture": "#1"},
				"east": {"uv": [8.625, 3.375, 8.75, 3.5], "texture": "#1"},
				"south": {"uv": [8.625, 3.375, 8.75, 3.5], "texture": "#1"},
				"west": {"uv": [8.625, 3.375, 8.75, 3.5], "texture": "#1"},
				"up": {"uv": [8.625, 3.375, 8.75, 3.5], "texture": "#1"},
				"down": {"uv": [8.625, 3.375, 8.75, 3.5], "texture": "#1"}
			}
		},
		{
			"name": "ms3_3",
			"from": [8.275, 11.5, 7.8],
			"to": [8.4, 11.625, 8.325],
			"rotation": {"angle": 0, "axis": "y", "origin": [-0.6, -1, 8]},
			"faces": {
				"north": {"uv": [9, 3.375, 8.875, 3.5], "texture": "#1"},
				"east": {"uv": [8.875, 3.375, 9, 3.5], "texture": "#1"},
				"south": {"uv": [8.875, 3.375, 9, 3.5], "texture": "#1"},
				"west": {"uv": [8.875, 3.375, 9, 3.5], "texture": "#1"},
				"up": {"uv": [8.875, 3.375, 9, 3.5], "texture": "#1"},
				"down": {"uv": [8.875, 3.375, 9, 3.5], "texture": "#1"}
			}
		},
		{
			"name": "ms3_4",
			"from": [7.4, 11.375, 7.8],
			"to": [7.525, 11.5, 8.325],
			"rotation": {"angle": 0, "axis": "y", "origin": [-0.6, -1, 8]},
			"faces": {
				"north": {"uv": [8.125, 3.5, 8, 3.625], "texture": "#1"},
				"east": {"uv": [8, 3.5, 8.125, 3.625], "texture": "#1"},
				"south": {"uv": [8, 3.5, 8.125, 3.625], "texture": "#1"},
				"west": {"uv": [8, 3.5, 8.125, 3.625], "texture": "#1"},
				"up": {"uv": [8, 3.5, 8.125, 3.625], "texture": "#1"},
				"down": {"uv": [8, 3.5, 8.125, 3.625], "texture": "#1"}
			}
		},
		{
			"name": "ms3_5",
			"from": [7.775, 10.875, 8],
			"to": [7.9, 11.5, 8.125],
			"rotation": {"angle": 0, "axis": "y", "origin": [-0.6, -1, 8]},
			"faces": {
				"north": {"uv": [8.5, 3.5, 8.375, 4.125], "texture": "#1"},
				"south": {"uv": [8.375, 3.5, 8.5, 4.125], "texture": "#1"}
			}
		},
		{
			"name": "ms3_6",
			"from": [8.15, 11.375, 7.8],
			"to": [8.275, 11.5, 8.325],
			"rotation": {"angle": 0, "axis": "y", "origin": [-0.6, -1, 8]},
			"faces": {
				"north": {"uv": [8.875, 3.5, 8.75, 3.625], "texture": "#1"},
				"east": {"uv": [8.75, 3.5, 8.875, 3.625], "texture": "#1"},
				"south": {"uv": [8.75, 3.5, 8.875, 3.625], "texture": "#1"},
				"west": {"uv": [8.75, 3.5, 8.875, 3.625], "texture": "#1"},
				"up": {"uv": [8.75, 3.5, 8.875, 3.625], "texture": "#1"},
				"down": {"uv": [8.75, 3.5, 8.875, 3.625], "texture": "#1"}
			}
		},
		{
			"name": "ms3_7",
			"from": [7.275, 11.25, 7.8],
			"to": [7.4, 11.375, 8.325],
			"rotation": {"angle": 0, "axis": "y", "origin": [-0.6, -1, 8]},
			"faces": {
				"north": {"uv": [8, 3.625, 7.875, 3.75], "texture": "#1"},
				"east": {"uv": [7.875, 3.625, 8, 3.75], "texture": "#1"},
				"south": {"uv": [7.875, 3.625, 8, 3.75], "texture": "#1"},
				"west": {"uv": [7.875, 3.625, 8, 3.75], "texture": "#1"},
				"up": {"uv": [7.875, 3.625, 8, 3.75], "texture": "#1"},
				"down": {"uv": [7.875, 3.625, 8, 3.75], "texture": "#1"}
			}
		},
		{
			"name": "ms3_8",
			"from": [7.65, 11, 8],
			"to": [7.775, 11.375, 8.125],
			"rotation": {"angle": 0, "axis": "y", "origin": [-0.6, -1, 8]},
			"faces": {
				"north": {"uv": [8.375, 3.625, 8.25, 4], "texture": "#1"},
				"south": {"uv": [8.25, 3.625, 8.375, 4], "texture": "#1"}
			}
		},
		{
			"name": "ms3_9",
			"from": [7.9, 11, 8],
			"to": [8.025, 11.375, 8.125],
			"rotation": {"angle": 0, "axis": "y", "origin": [-0.6, -1, 8]},
			"faces": {
				"north": {"uv": [8.625, 3.625, 8.5, 4], "texture": "#1"},
				"south": {"uv": [8.5, 3.625, 8.625, 4], "texture": "#1"}
			}
		},
		{
			"name": "ms3_10",
			"from": [8.275, 11.25, 7.8],
			"to": [8.4, 11.375, 8.325],
			"rotation": {"angle": 0, "axis": "y", "origin": [-0.6, -1, 8]},
			"faces": {
				"north": {"uv": [9, 3.625, 8.875, 3.75], "texture": "#1"},
				"east": {"uv": [8.875, 3.625, 9, 3.75], "texture": "#1"},
				"south": {"uv": [8.875, 3.625, 9, 3.75], "texture": "#1"},
				"west": {"uv": [8.875, 3.625, 9, 3.75], "texture": "#1"},
				"up": {"uv": [8.875, 3.625, 9, 3.75], "texture": "#1"},
				"down": {"uv": [8.875, 3.625, 9, 3.75], "texture": "#1"}
			}
		},
		{
			"name": "ms3_11",
			"from": [8.65, 11.25, 7.8],
			"to": [8.9, 11.375, 8.325],
			"rotation": {"angle": 0, "axis": "y", "origin": [-0.6, -1, 8]},
			"faces": {
				"north": {"uv": [9.5, 3.625, 9.25, 3.75], "texture": "#1"},
				"east": {"uv": [9.375, 3.625, 9.5, 3.75], "texture": "#1"},
				"south": {"uv": [9.25, 3.625, 9.5, 3.75], "texture": "#1"},
				"west": {"uv": [9.25, 3.625, 9.375, 3.75], "texture": "#1"},
				"up": {"uv": [9.25, 3.625, 9.5, 3.75], "texture": "#1"},
				"down": {"uv": [9.25, 3.625, 9.5, 3.75], "texture": "#1"}
			}
		},
		{
			"name": "ms3_12",
			"from": [6.9, 10.875, 7.8],
			"to": [7.275, 11.25, 8.325],
			"rotation": {"angle": 0, "axis": "y", "origin": [-0.6, -1, 8]},
			"faces": {
				"north": {"uv": [7.875, 3.75, 7.5, 4.125], "texture": "#1"},
				"east": {"uv": [7.75, 3.75, 7.875, 4.125], "texture": "#1"},
				"south": {"uv": [7.5, 3.75, 7.875, 4.125], "texture": "#1"},
				"west": {"uv": [7.5, 3.75, 7.625, 4.125], "texture": "#1"},
				"up": {"uv": [7.5, 3.75, 7.875, 3.875], "texture": "#1"},
				"down": {"uv": [7.5, 4, 7.875, 4.125], "texture": "#1"}
			}
		},
		{
			"name": "ms3_13",
			"from": [7.525, 11.125, 8],
			"to": [7.65, 11.25, 8.125],
			"rotation": {"angle": 0, "axis": "y", "origin": [-0.6, -1, 8]},
			"faces": {
				"north": {"uv": [8.25, 3.75, 8.125, 3.875], "texture": "#1"},
				"south": {"uv": [8.125, 3.75, 8.25, 3.875], "texture": "#1"}
			}
		},
		{
			"name": "ms3_14",
			"from": [8.025, 11.125, 8],
			"to": [8.15, 11.25, 8.125],
			"rotation": {"angle": 0, "axis": "y", "origin": [-0.6, -1, 8]},
			"faces": {
				"north": {"uv": [8.75, 3.75, 8.625, 3.875], "texture": "#1"},
				"south": {"uv": [8.625, 3.75, 8.75, 3.875], "texture": "#1"}
			}
		},
		{
			"name": "ms3_15",
			"from": [8.4, 11, 7.8],
			"to": [8.65, 11.25, 8.325],
			"rotation": {"angle": 0, "axis": "y", "origin": [-0.6, -1, 8]},
			"faces": {
				"north": {"uv": [9.25, 3.75, 9, 4], "texture": "#1"},
				"east": {"uv": [9.125, 3.75, 9.25, 4], "texture": "#1"},
				"south": {"uv": [9, 3.75, 9.25, 4], "texture": "#1"},
				"west": {"uv": [9, 3.75, 9.125, 4], "texture": "#1"},
				"up": {"uv": [9, 3.75, 9.25, 3.875], "texture": "#1"},
				"down": {"uv": [9, 3.875, 9.25, 4], "texture": "#1"}
			}
		},
		{
			"name": "ms3_16",
			"from": [8.65, 11.125, 7.8],
			"to": [8.775, 11.25, 8.325],
			"rotation": {"angle": 0, "axis": "y", "origin": [-0.6, -1, 8]},
			"faces": {
				"north": {"uv": [9.375, 3.75, 9.25, 3.875], "texture": "#1"},
				"east": {"uv": [9.25, 3.75, 9.375, 3.875], "texture": "#1"},
				"south": {"uv": [9.25, 3.75, 9.375, 3.875], "texture": "#1"},
				"down": {"uv": [9.25, 3.75, 9.375, 3.875], "texture": "#1"}
			}
		},
		{
			"name": "ms3_17",
			"from": [6.65, 10.875, 7.85],
			"to": [6.9, 11.125, 8.275],
			"rotation": {"angle": 0, "axis": "y", "origin": [-0.6, -1, 8]},
			"faces": {
				"north": {"uv": [7.5, 3.875, 7.25, 4.125], "texture": "#1"},
				"south": {"uv": [7.25, 3.875, 7.5, 4.125], "texture": "#1"},
				"west": {"uv": [7.25, 3.875, 7.375, 4.125], "texture": "#1"},
				"up": {"uv": [7.25, 3.875, 7.5, 4], "texture": "#1"},
				"down": {"uv": [7.25, 4, 7.5, 4.125], "texture": "#1"}
			}
		},
		{
			"name": "ms3_18",
			"from": [7.275, 10.75, 7.8],
			"to": [7.4, 11.125, 8.325],
			"rotation": {"angle": 0, "axis": "y", "origin": [-0.6, -1, 8]},
			"faces": {
				"north": {"uv": [8, 3.875, 7.875, 4.25], "texture": "#1"},
				"east": {"uv": [7.875, 3.875, 8, 4.25], "texture": "#1"},
				"south": {"uv": [7.875, 3.875, 8, 4.25], "texture": "#1"},
				"west": {"uv": [7.875, 3.875, 8, 4.25], "texture": "#1"},
				"up": {"uv": [7.875, 3.875, 8, 4], "texture": "#1"},
				"down": {"uv": [7.875, 4.125, 8, 4.25], "texture": "#1"}
			}
		},
		{
			"name": "ms3_19",
			"from": [8.275, 10.75, 7.8],
			"to": [8.4, 11.125, 8.325],
			"rotation": {"angle": 0, "axis": "y", "origin": [-0.6, -1, 8]},
			"faces": {
				"north": {"uv": [9, 3.875, 8.875, 4.25], "texture": "#1"},
				"east": {"uv": [8.875, 3.875, 9, 4.25], "texture": "#1"},
				"south": {"uv": [8.875, 3.875, 9, 4.25], "texture": "#1"},
				"west": {"uv": [8.875, 3.875, 9, 4.25], "texture": "#1"},
				"up": {"uv": [8.875, 3.875, 9, 4], "texture": "#1"},
				"down": {"uv": [8.875, 4.125, 9, 4.25], "texture": "#1"}
			}
		},
		{
			"name": "ms3_20",
			"from": [6.4, 10.75, 7.85],
			"to": [6.65, 11, 8.275],
			"rotation": {"angle": 0, "axis": "y", "origin": [-0.6, -1, 8]},
			"faces": {
				"north": {"uv": [7.25, 4, 7, 4.25], "texture": "#1"},
				"east": {"uv": [7.125, 4, 7.25, 4.25], "texture": "#1"},
				"south": {"uv": [7, 4, 7.25, 4.25], "texture": "#1"},
				"west": {"uv": [7, 4, 7.125, 4.25], "texture": "#1"},
				"up": {"uv": [7, 4, 7.25, 4.125], "texture": "#1"},
				"down": {"uv": [7, 4.125, 7.25, 4.25], "texture": "#1"}
			}
		},
		{
			"name": "ms3_21",
			"from": [7.4, 10.625, 7.8],
			"to": [7.525, 11, 8.325],
			"rotation": {"angle": 0, "axis": "y", "origin": [-0.6, -1, 8]},
			"faces": {
				"north": {"uv": [8.125, 4, 8, 4.375], "texture": "#1"},
				"east": {"uv": [8, 4, 8.125, 4.375], "texture": "#1"},
				"south": {"uv": [8, 4, 8.125, 4.375], "texture": "#1"},
				"west": {"uv": [8, 4, 8.125, 4.375], "texture": "#1"},
				"up": {"uv": [8, 4, 8.125, 4.125], "texture": "#1"},
				"down": {"uv": [8, 4.25, 8.125, 4.375], "texture": "#1"}
			}
		},
		{
			"name": "ms3_22",
			"from": [8.15, 10.625, 7.8],
			"to": [8.275, 11, 8.325],
			"rotation": {"angle": 0, "axis": "y", "origin": [-0.6, -1, 8]},
			"faces": {
				"north": {"uv": [8.875, 4, 8.75, 4.375], "texture": "#1"},
				"east": {"uv": [8.75, 4, 8.875, 4.375], "texture": "#1"},
				"south": {"uv": [8.75, 4, 8.875, 4.375], "texture": "#1"},
				"west": {"uv": [8.75, 4, 8.875, 4.375], "texture": "#1"},
				"up": {"uv": [8.75, 4, 8.875, 4.125], "texture": "#1"},
				"down": {"uv": [8.75, 4.25, 8.875, 4.375], "texture": "#1"}
			}
		},
		{
			"name": "ms3_23",
			"from": [8.4, 10.875, 7.8],
			"to": [8.525, 11, 8.325],
			"rotation": {"angle": 0, "axis": "y", "origin": [-0.6, -1, 8]},
			"faces": {
				"north": {"uv": [9.125, 4, 9, 4.125], "texture": "#1"},
				"east": {"uv": [9, 4, 9.125, 4.125], "texture": "#1"},
				"south": {"uv": [9, 4, 9.125, 4.125], "texture": "#1"},
				"down": {"uv": [9, 4, 9.125, 4.125], "texture": "#1"}
			}
		},
		{
			"name": "ms3_24",
			"from": [6.275, 10.75, 7.85],
			"to": [6.4, 10.875, 8.275],
			"rotation": {"angle": 0, "axis": "y", "origin": [-0.6, -1, 8]},
			"faces": {
				"north": {"uv": [7, 4.125, 6.875, 4.25], "texture": "#1"},
				"south": {"uv": [6.875, 4.125, 7, 4.25], "texture": "#1"},
				"west": {"uv": [6.875, 4.125, 7, 4.25], "texture": "#1"},
				"up": {"uv": [6.875, 4.125, 7, 4.25], "texture": "#1"},
				"down": {"uv": [6.875, 4.125, 7, 4.25], "texture": "#1"}
			}
		},
		{
			"name": "ms3_25",
			"from": [7.525, 10.5, 7.8],
			"to": [7.65, 10.875, 8.325],
			"rotation": {"angle": 0, "axis": "y", "origin": [-0.6, -1, 8]},
			"faces": {
				"north": {"uv": [8.25, 4.125, 8.125, 4.5], "texture": "#1"},
				"east": {"uv": [8.125, 4.125, 8.25, 4.5], "texture": "#1"},
				"south": {"uv": [8.125, 4.125, 8.25, 4.5], "texture": "#1"},
				"west": {"uv": [8.125, 4.125, 8.25, 4.5], "texture": "#1"},
				"up": {"uv": [8.125, 4.125, 8.25, 4.25], "texture": "#1"},
				"down": {"uv": [8.125, 4.375, 8.25, 4.5], "texture": "#1"}
			}
		},
		{
			"name": "ms3_26",
			"from": [8.025, 10.5, 7.8],
			"to": [8.15, 10.875, 8.325],
			"rotation": {"angle": 0, "axis": "y", "origin": [-0.6, -1, 8]},
			"faces": {
				"north": {"uv": [8.75, 4.125, 8.625, 4.5], "texture": "#1"},
				"east": {"uv": [8.625, 4.125, 8.75, 4.5], "texture": "#1"},
				"south": {"uv": [8.625, 4.125, 8.75, 4.5], "texture": "#1"},
				"west": {"uv": [8.625, 4.125, 8.75, 4.5], "texture": "#1"},
				"up": {"uv": [8.625, 4.125, 8.75, 4.25], "texture": "#1"},
				"down": {"uv": [8.625, 4.375, 8.75, 4.5], "texture": "#1"}
			}
		},
		{
			"name": "ms3_27",
			"from": [7.65, 10.5, 7.8],
			"to": [8.025, 10.75, 8.325],
			"rotation": {"angle": 0, "axis": "y", "origin": [-0.6, -1, 8]},
			"faces": {
				"north": {"uv": [8.625, 4.25, 8.25, 4.5], "texture": "#1"},
				"south": {"uv": [8.25, 4.25, 8.625, 4.5], "texture": "#1"},
				"up": {"uv": [8.25, 4.25, 8.625, 4.375], "texture": "#1"},
				"down": {"uv": [8.25, 4.375, 8.625, 4.5], "texture": "#1"}
			}
		},
		{
			"name": "ms5_0",
			"from": [7.6499, 10.375, 8],
			"to": [8.0269, 10.5, 8.325],
			"rotation": {"angle": 0, "axis": "y", "origin": [-0.6, -2, 8.1]},
			"faces": {
				"north": {"uv": [8.625, 3.5, 8.25, 3.625], "texture": "#4"},
				"east": {"uv": [8.5, 3.5, 8.625, 3.625], "texture": "#4"},
				"south": {"uv": [8.25, 3.5, 8.625, 3.625], "texture": "#4"},
				"west": {"uv": [8.25, 3.5, 8.375, 3.625], "texture": "#4"},
				"down": {"uv": [8.25, 3.5, 8.625, 3.625], "texture": "#4"}
			}
		},
		{
			"name": "ms5_1",
			"from": [7.525, 10.25, 8.1],
			"to": [7.9, 10.375, 8.325],
			"rotation": {"angle": 0, "axis": "y", "origin": [-0.6, -1.75, 8.1]},
			"faces": {
				"north": {"uv": [8.5, 3.875, 8.125, 4], "texture": "#4"},
				"east": {"uv": [8.375, 3.875, 8.5, 4], "texture": "#4"},
				"south": {"uv": [8.125, 3.875, 8.5, 4], "texture": "#4"},
				"west": {"uv": [8.125, 3.875, 8.25, 4], "texture": "#4"},
				"up": {"uv": [8.125, 3.875, 8.5, 4], "texture": "#4"},
				"down": {"uv": [8.125, 3.875, 8.5, 4], "texture": "#4"}
			}
		},
		{
			"name": "ms5_2",
			"from": [7.4, 10.125, 8.05],
			"to": [7.775, 10.25, 8.275],
			"rotation": {"angle": 0, "axis": "y", "origin": [-0.6, -1.5, 8.1]},
			"faces": {
				"north": {"uv": [8.375, 4.25, 8, 4.375], "texture": "#4"},
				"east": {"uv": [8.25, 4.25, 8.375, 4.375], "texture": "#4"},
				"south": {"uv": [8, 4.25, 8.375, 4.375], "texture": "#4"},
				"west": {"uv": [8, 4.25, 8.125, 4.375], "texture": "#4"},
				"up": {"uv": [8, 4.25, 8.375, 4.375], "texture": "#4"},
				"down": {"uv": [8, 4.25, 8.375, 4.375], "texture": "#4"}
			}
		},
		{
			"name": "ms5_3",
			"from": [7.275, 10, 8],
			"to": [7.65, 10.125, 8.225],
			"rotation": {"angle": 0, "axis": "y", "origin": [-0.6, -1.25, 8]},
			"faces": {
				"north": {"uv": [8.25, 4.625, 7.875, 4.75], "texture": "#4"},
				"south": {"uv": [7.875, 4.625, 8.25, 4.75], "texture": "#4"},
				"west": {"uv": [7.875, 4.625, 8, 4.75], "texture": "#4"},
				"up": {"uv": [7.875, 4.625, 8.25, 4.75], "texture": "#4"},
				"down": {"uv": [7.875, 4.625, 8.25, 4.75], "texture": "#4"}
			}
		},
		{
			"name": "ms5_4",
			"from": [7.4, 9.875, 7.89],
			"to": [7.775, 10, 8.115],
			"rotation": {"angle": 0, "axis": "y", "origin": [-0.6, -1, 7.9]},
			"faces": {
				"north": {"uv": [8.375, 5, 8, 5.125], "texture": "#4"},
				"east": {"uv": [8.25, 5, 8.375, 5.125], "texture": "#4"},
				"south": {"uv": [8, 5, 8.375, 5.125], "texture": "#4"},
				"west": {"uv": [8, 5, 8.125, 5.125], "texture": "#4"},
				"up": {"uv": [8, 5, 8.375, 5.125], "texture": "#4"},
				"down": {"uv": [8, 5, 8.375, 5.125], "texture": "#4"}
			}
		},
		{
			"name": "ms5_5",
			"from": [7.525, 9.75, 7.85],
			"to": [7.9, 9.875, 8.075],
			"rotation": {"angle": 0, "axis": "y", "origin": [-0.6, -0.75, 7.85]},
			"faces": {
				"north": {"uv": [8.5, 5.375, 8.125, 5.5], "texture": "#4"},
				"east": {"uv": [8.375, 5.375, 8.5, 5.5], "texture": "#4"},
				"south": {"uv": [8.125, 5.375, 8.5, 5.5], "texture": "#4"},
				"west": {"uv": [8.125, 5.375, 8.25, 5.5], "texture": "#4"},
				"up": {"uv": [8.125, 5.375, 8.5, 5.5], "texture": "#4"},
				"down": {"uv": [8.125, 5.375, 8.5, 5.5], "texture": "#4"}
			}
		},
		{
			"name": "ms5_6",
			"from": [7.649, 9.625, 7.85],
			"to": [8.024, 9.75, 8.075],
			"rotation": {"angle": 0, "axis": "y", "origin": [-0.6, -0.5, 7.85]},
			"faces": {
				"north": {"uv": [8.625, 5.75, 8.25, 5.875], "texture": "#4"},
				"east": {"uv": [8.5, 5.75, 8.625, 5.875], "texture": "#4"},
				"south": {"uv": [8.25, 5.75, 8.625, 5.875], "texture": "#4"},
				"west": {"uv": [8.25, 5.75, 8.375, 5.875], "texture": "#4"},
				"up": {"uv": [8.25, 5.75, 8.625, 5.875], "texture": "#4"},
				"down": {"uv": [8.25, 5.75, 8.625, 5.875], "texture": "#4"}
			}
		},
		{
			"name": "ms5_7",
			"from": [7.775, 9.5, 7.8],
			"to": [8.15, 9.625, 8.025],
			"rotation": {"angle": 0, "axis": "y", "origin": [-0.6, -0.25, 7.8]},
			"faces": {
				"north": {"uv": [8.75, 6.125, 8.375, 6.25], "texture": "#4"},
				"east": {"uv": [8.625, 6.125, 8.75, 6.25], "texture": "#4"},
				"south": {"uv": [8.375, 6.125, 8.75, 6.25], "texture": "#4"},
				"west": {"uv": [8.375, 6.125, 8.5, 6.25], "texture": "#4"},
				"up": {"uv": [8.375, 6.125, 8.75, 6.25], "texture": "#4"},
				"down": {"uv": [8.375, 6.125, 8.75, 6.25], "texture": "#4"}
			}
		},
		{
			"name": "ms5_8",
			"from": [7.9, 9.375, 7.8],
			"to": [8.275, 9.5, 8.025],
			"rotation": {"angle": 0, "axis": "y", "origin": [-0.6, 0, 7.8]},
			"faces": {
				"north": {"uv": [8.875, 6.5, 8.5, 6.625], "texture": "#4"},
				"east": {"uv": [8.75, 6.5, 8.875, 6.625], "texture": "#4"},
				"south": {"uv": [8.5, 6.5, 8.875, 6.625], "texture": "#4"},
				"west": {"uv": [8.5, 6.5, 8.625, 6.625], "texture": "#4"},
				"up": {"uv": [8.5, 6.5, 8.875, 6.625], "texture": "#4"},
				"down": {"uv": [8.5, 6.5, 8.875, 6.625], "texture": "#4"}
			}
		},
		{
			"name": "ms5_9",
			"from": [8.025, 9.25, 7.9],
			"to": [8.4, 9.375, 8.125],
			"rotation": {"angle": 0, "axis": "y", "origin": [-0.6, 0.25, 7.9]},
			"faces": {
				"north": {"uv": [9, 6.875, 8.625, 7], "texture": "#4"},
				"east": {"uv": [8.875, 6.875, 9, 7], "texture": "#4"},
				"south": {"uv": [8.625, 6.875, 9, 7], "texture": "#4"},
				"up": {"uv": [8.625, 6.875, 9, 7], "texture": "#4"},
				"down": {"uv": [8.625, 6.875, 9, 7], "texture": "#4"}
			}
		},
		{
			"name": "ms5_10",
			"from": [7.9, 9.125, 8.01],
			"to": [8.275, 9.25, 8.235],
			"rotation": {"angle": 0, "axis": "y", "origin": [-0.6, 0.5, 8]},
			"faces": {
				"north": {"uv": [8.875, 7.25, 8.5, 7.375], "texture": "#4"},
				"east": {"uv": [8.75, 7.25, 8.875, 7.375], "texture": "#4"},
				"south": {"uv": [8.5, 7.25, 8.875, 7.375], "texture": "#4"},
				"west": {"uv": [8.5, 7.25, 8.625, 7.375], "texture": "#4"},
				"up": {"uv": [8.5, 7.25, 8.875, 7.375], "texture": "#4"},
				"down": {"uv": [8.5, 7.25, 8.875, 7.375], "texture": "#4"}
			}
		},
		{
			"name": "ms5_11",
			"from": [7.775, 9, 8.1],
			"to": [8.15, 9.125, 8.325],
			"rotation": {"angle": 0, "axis": "y", "origin": [-0.6, 0.75, 8.1]},
			"faces": {
				"north": {"uv": [8.75, 7.625, 8.375, 7.75], "texture": "#4"},
				"east": {"uv": [8.625, 7.625, 8.75, 7.75], "texture": "#4"},
				"south": {"uv": [8.375, 7.625, 8.75, 7.75], "texture": "#4"},
				"west": {"uv": [8.375, 7.625, 8.5, 7.75], "texture": "#4"},
				"up": {"uv": [8.375, 7.625, 8.75, 7.75], "texture": "#4"},
				"down": {"uv": [8.375, 7.625, 8.75, 7.75], "texture": "#4"}
			}
		},
		{
			"name": "ms5_12",
			"from": [7.65, 8.875, 8.1],
			"to": [8.026, 9, 8.325],
			"rotation": {"angle": 0, "axis": "y", "origin": [-0.6, 1, 8.1]},
			"faces": {
				"north": {"uv": [8.625, 8, 8.25, 8.125], "texture": "#4"},
				"east": {"uv": [8.5, 8, 8.625, 8.125], "texture": "#4"},
				"south": {"uv": [8.25, 8, 8.625, 8.125], "texture": "#4"},
				"west": {"uv": [8.25, 8, 8.375, 8.125], "texture": "#4"},
				"up": {"uv": [8.25, 8, 8.625, 8.125], "texture": "#4"},
				"down": {"uv": [8.25, 8, 8.625, 8.125], "texture": "#4"}
			}
		},
		{
			"name": "ms5_13",
			"from": [7.775, 8.75, 8.1],
			"to": [8.026, 8.875, 8.325],
			"rotation": {"angle": 0, "axis": "y", "origin": [-0.6, 1, 8.1]},
			"faces": {
				"north": {"uv": [8.625, 8.125, 8.375, 8.25], "texture": "#4"},
				"east": {"uv": [8.5, 8.125, 8.625, 8.25], "texture": "#4"},
				"south": {"uv": [8.375, 8.125, 8.625, 8.25], "texture": "#4"},
				"west": {"uv": [8.375, 8.125, 8.5, 8.25], "texture": "#4"},
				"down": {"uv": [8.375, 8.125, 8.625, 8.25], "texture": "#4"}
			}
		},
		{
			"name": "ms5_14",
			"from": [7.775, 8.375, 8.1],
			"to": [7.9, 8.75, 8.325],
			"rotation": {"angle": 0, "axis": "y", "origin": [-0.6, 1, 8.1]},
			"faces": {
				"east": {"uv": [8.375, 8.25, 8.5, 8.625], "texture": "#4"},
				"south": {"uv": [8.375, 8.25, 8.5, 8.625], "texture": "#4"},
				"west": {"uv": [8.375, 8.25, 8.5, 8.625], "texture": "#4"},
				"down": {"uv": [8.375, 8.5, 8.5, 8.625], "texture": "#4"}
			}
		},
		{
			"name": "ms5_15",
			"from": [7.525, 3.625, 7.95],
			"to": [7.65, 3.875, 8.175],
			"rotation": {"angle": 0, "axis": "y", "origin": [-0.6, -1, 7.9]},
			"faces": {
				"north": {"uv": [8.25, 11.125, 8.125, 11.375], "texture": "#4"},
				"south": {"uv": [8.125, 11.125, 8.25, 11.375], "texture": "#4"},
				"west": {"uv": [8.125, 11.125, 8.25, 11.375], "texture": "#4"},
				"up": {"uv": [8.125, 11.125, 8.25, 11.25], "texture": "#4"}
			}
		},
		{
			"name": "ms5_16",
			"from": [7.4, 3.625, 7.95],
			"to": [7.525, 3.75, 8.175],
			"rotation": {"angle": 0, "axis": "y", "origin": [-0.6, -1, 7.9]},
			"faces": {
				"north": {"uv": [8.125, 11.25, 8, 11.375], "texture": "#4"},
				"south": {"uv": [8, 11.25, 8.125, 11.375], "texture": "#4"},
				"west": {"uv": [8, 11.25, 8.125, 11.375], "texture": "#4"},
				"up": {"uv": [8, 11.25, 8.125, 11.375], "texture": "#4"}
			}
		},
		{
			"name": "ms5_17",
			"from": [7.4, 3.5, 7.95],
			"to": [7.775, 3.625, 8.175],
			"rotation": {"angle": 0, "axis": "y", "origin": [-0.6, -0.75, 7.9]},
			"faces": {
				"north": {"uv": [8.375, 11.625, 8, 11.75], "texture": "#4"},
				"south": {"uv": [8, 11.625, 8.375, 11.75], "texture": "#4"},
				"west": {"uv": [8, 11.625, 8.125, 11.75], "texture": "#4"},
				"down": {"uv": [8, 11.625, 8.375, 11.75], "texture": "#4"}
			}
		},
		{
			"name": "ms5_18",
			"from": [7.525, 3.375, 7.85],
			"to": [7.9, 3.5, 8.075],
			"rotation": {"angle": 0, "axis": "y", "origin": [-0.6, -0.5, 7.9]},
			"faces": {
				"north": {"uv": [8.5, 12, 8.125, 12.125], "texture": "#4"},
				"east": {"uv": [8.375, 12, 8.5, 12.125], "texture": "#4"},
				"south": {"uv": [8.125, 12, 8.5, 12.125], "texture": "#4"},
				"west": {"uv": [8.125, 12, 8.25, 12.125], "texture": "#4"},
				"up": {"uv": [8.125, 12, 8.5, 12.125], "texture": "#4"},
				"down": {"uv": [8.125, 12, 8.5, 12.125], "texture": "#4"}
			}
		},
		{
			"name": "ms5_19",
			"from": [7.6499, 3.25, 7.8],
			"to": [8.0249, 3.375, 8.025],
			"rotation": {"angle": 0, "axis": "y", "origin": [-0.6, -0.25, 7.8]},
			"faces": {
				"north": {"uv": [8.625, 12.375, 8.25, 12.5], "texture": "#4"},
				"east": {"uv": [8.5, 12.375, 8.625, 12.5], "texture": "#4"},
				"south": {"uv": [8.25, 12.375, 8.625, 12.5], "texture": "#4"},
				"west": {"uv": [8.25, 12.375, 8.375, 12.5], "texture": "#4"},
				"up": {"uv": [8.25, 12.375, 8.625, 12.5], "texture": "#4"},
				"down": {"uv": [8.25, 12.375, 8.625, 12.5], "texture": "#4"}
			}
		},
		{
			"name": "ms5_20",
			"from": [7.775, 3.125, 7.8],
			"to": [8.15, 3.25, 8.025],
			"rotation": {"angle": 0, "axis": "y", "origin": [-0.6, 0, 7.8]},
			"faces": {
				"north": {"uv": [8.75, 12.75, 8.375, 12.875], "texture": "#4"},
				"east": {"uv": [8.625, 12.75, 8.75, 12.875], "texture": "#4"},
				"south": {"uv": [8.375, 12.75, 8.75, 12.875], "texture": "#4"},
				"west": {"uv": [8.375, 12.75, 8.5, 12.875], "texture": "#4"},
				"up": {"uv": [8.375, 12.75, 8.75, 12.875], "texture": "#4"},
				"down": {"uv": [8.375, 12.75, 8.75, 12.875], "texture": "#4"}
			}
		},
		{
			"name": "ms5_21",
			"from": [7.9, 3, 7.8],
			"to": [8.275, 3.125, 8.025],
			"rotation": {"angle": 0, "axis": "y", "origin": [-0.6, 0.25, 7.8]},
			"faces": {
				"north": {"uv": [8.875, 13.125, 8.5, 13.25], "texture": "#4"},
				"east": {"uv": [8.75, 13.125, 8.875, 13.25], "texture": "#4"},
				"south": {"uv": [8.5, 13.125, 8.875, 13.25], "texture": "#4"},
				"west": {"uv": [8.5, 13.125, 8.625, 13.25], "texture": "#4"},
				"up": {"uv": [8.5, 13.125, 8.875, 13.25], "texture": "#4"},
				"down": {"uv": [8.5, 13.125, 8.875, 13.25], "texture": "#4"}
			}
		},
		{
			"name": "ms5_22",
			"from": [8.025, 2.875, 7.9],
			"to": [8.4, 3, 8.125],
			"rotation": {"angle": 0, "axis": "y", "origin": [-0.6, 0.5, 7.9]},
			"faces": {
				"north": {"uv": [9, 13.5, 8.625, 13.625], "texture": "#4"},
				"east": {"uv": [8.875, 13.5, 9, 13.625], "texture": "#4"},
				"south": {"uv": [8.625, 13.5, 9, 13.625], "texture": "#4"},
				"up": {"uv": [8.625, 13.5, 9, 13.625], "texture": "#4"},
				"down": {"uv": [8.625, 13.5, 9, 13.625], "texture": "#4"}
			}
		},
		{
			"name": "ms5_23",
			"from": [8.15, 2.75, 7.95],
			"to": [8.525, 2.875, 8.175],
			"rotation": {"angle": 0, "axis": "y", "origin": [-0.6, 0.75, 7.9]},
			"faces": {
				"north": {"uv": [9.125, 13.875, 8.75, 14], "texture": "#4"},
				"east": {"uv": [9, 13.875, 9.125, 14], "texture": "#4"},
				"south": {"uv": [8.75, 13.875, 9.125, 14], "texture": "#4"},
				"west": {"uv": [8.75, 13.875, 8.875, 14], "texture": "#4"},
				"up": {"uv": [8.75, 13.875, 9.125, 14], "texture": "#4"},
				"down": {"uv": [8.75, 13.875, 9.125, 14], "texture": "#4"}
			}
		},
		{
			"name": "ms5_24",
			"from": [8.025, 2.625, 8],
			"to": [8.4, 2.75, 8.225],
			"rotation": {"angle": 0, "axis": "y", "origin": [-0.6, 1, 8]},
			"faces": {
				"north": {"uv": [9, 14.25, 8.625, 14.375], "texture": "#4"},
				"east": {"uv": [8.875, 14.25, 9, 14.375], "texture": "#4"},
				"south": {"uv": [8.625, 14.25, 9, 14.375], "texture": "#4"},
				"up": {"uv": [8.625, 14.25, 9, 14.375], "texture": "#4"},
				"down": {"uv": [8.625, 14.25, 9, 14.375], "texture": "#4"}
			}
		},
		{
			"name": "ms5_25",
			"from": [7.9, 2.5, 8.02],
			"to": [8.275, 2.625, 8.245],
			"rotation": {"angle": 0, "axis": "y", "origin": [-0.6, 1.25, 8]},
			"faces": {
				"north": {"uv": [8.875, 14.625, 8.5, 14.75], "texture": "#4"},
				"east": {"uv": [8.75, 14.625, 8.875, 14.75], "texture": "#4"},
				"south": {"uv": [8.5, 14.625, 8.875, 14.75], "texture": "#4"},
				"west": {"uv": [8.5, 14.625, 8.625, 14.75], "texture": "#4"},
				"up": {"uv": [8.5, 14.625, 8.875, 14.75], "texture": "#4"},
				"down": {"uv": [8.5, 14.625, 8.875, 14.75], "texture": "#4"}
			}
		},
		{
			"name": "ms5_26",
			"from": [7.775, 2.375, 8.05],
			"to": [8.15, 2.5, 8.275],
			"rotation": {"angle": 0, "axis": "y", "origin": [-0.6, 1.5, 8.1]},
			"faces": {
				"north": {"uv": [8.75, 15, 8.375, 15.125], "texture": "#4"},
				"east": {"uv": [8.625, 15, 8.75, 15.125], "texture": "#4"},
				"south": {"uv": [8.375, 15, 8.75, 15.125], "texture": "#4"},
				"west": {"uv": [8.375, 15, 8.5, 15.125], "texture": "#4"},
				"up": {"uv": [8.375, 15, 8.75, 15.125], "texture": "#4"},
				"down": {"uv": [8.375, 15, 8.75, 15.125], "texture": "#4"}
			}
		}
	],
	"gui_light": "front",
	"display": {
		"thirdperson_righthand": {
			"rotation": [0, -90, 0],
			"translation": [0, 4.5, 2],
			"scale": [3.5, 3.5, 2.7]
		},
		"thirdperson_lefthand": {
			"rotation": [0, 90, 0],
			"translation": [-0.25, 4.5, 1.25],
			"scale": [3.5, 3.5, 2.7]
		},
		"firstperson_righthand": {
			"rotation": [8, -90, -3],
			"translation": [0, 6.25, 0.5],
			"scale": [2.3, 2.3, 2]
		},
		"firstperson_lefthand": {
			"rotation": [8, 90, -3],
			"translation": [0, 6.25, 0.5],
			"scale": [2.3, 2.3, 2]
		},
		"ground": {
			"translation": [0, 8.75, 0],
			"scale": [2, 2, 2]
		},
		"gui": {
			"rotation": [0, 0, -51],
			"translation": [3, 0.25, 0],
			"scale": [2.2, 2.2, 2]
		},
		"head": {
			"rotation": [0, 0, 144],
			"translation": [4, -16.25, 3.75],
			"scale": [4, 4, 3.75]
		},
		"fixed": {
			"rotation": [0, 180, -46],
			"translation": [-0.75, 1.25, -0.75],
			"scale": [3.8, 3.8, 2.5]
		}
	},
	"groups": [
		{
			"name": "solid",
			"origin": [8, 8, 8],
			"color": 0,
			"nbt": "{}",
			"children": [
				{
					"name": "ms1",
					"origin": [8, 8, 8],
					"color": 0,
					"nbt": "{}",
					"children": [0, 1, 2, 3, 4, 5, 6, 7, 8, 9, 10, 11, 12, 13, 14, 15, 16, 17, 18, 19, 20, 21, 22, 23, 24, 25, 26, 27, 28, 29, 30, 31, 32, 33, 34, 35, 36, 37, 38, 39, 40, 41, 42]
				},
				{
					"name": "ms2",
					"origin": [8, 8, 8],
					"color": 0,
					"nbt": "{}",
					"children": [43, 44, 45, 46, 47, 48, 49, 50, 51, 52, 53, 54, 55, 56, 57, 58, 59, 60, 61, 62, 63, 64, 65, 66, 67, 68, 69, 70, 71, 72, 73]
				},
				{
					"name": "ms4",
					"origin": [8, 8, 8],
					"color": 0,
					"nbt": "{}",
					"children": [74, 75, 76, 77, 78, 79, 80, 81, 82, 83, 84, 85, 86, 87, 88, 89, 90, 91, 92, 93, 94, 95, 96, 97, 98, 99, 100, 101]
				},
				{
					"name": "ms3",
					"origin": [8, 8, 8],
					"color": 0,
					"nbt": "{}",
					"children": [102, 103, 104, 105, 106, 107, 108, 109, 110, 111, 112, 113, 114, 115, 116, 117, 118, 119, 120, 121, 122, 123, 124, 125, 126, 127, 128, 129]
				}
			]
		},
		{
			"name": "ms5",
			"origin": [8, 8, 8],
			"color": 0,
			"nbt": "{}",
			"children": [130, 131, 132, 133, 134, 135, 136, 137, 138, 139, 140, 141, 142, 143, 144, 145, 146, 147, 148, 149, 150, 151, 152, 153, 154, 155, 156]
		}
	]
}