{
	"credit": "Made with Blockbench",
	"textures": {
		"0": "simplyswords:item/stormbringer",
		"1": "simplyswords:item/stormbringer_layer",
		"particle": "simplyswords:item/stormbringer"
	},
	"elements": [
		{
			"name": "sb1_0",
			"from": [7.75, 10.375, 8],
			"to": [8.125, 10.625, 8.125],
			"rotation": {"angle": 0, "axis": "y", "origin": [0, -2, 8]},
			"faces": {
				"north": {"uv": [8.125, 3.375, 7.75, 3.625], "texture": "#0"},
				"east": {"uv": [8, 3.375, 8.125, 3.625], "texture": "#0"},
				"south": {"uv": [7.75, 3.375, 8.125, 3.625], "texture": "#0"},
				"west": {"uv": [7.75, 3.375, 7.875, 3.625], "texture": "#0"},
				"up": {"uv": [7.75, 3.375, 8.125, 3.5], "texture": "#0"}
			}
		},
		{
			"name": "sb1_1",
			"from": [8.5, 10.375, 8],
			"to": [8.875, 10.625, 8.125],
			"rotation": {"angle": 0, "axis": "y", "origin": [0, -2, 8]},
			"faces": {
				"north": {"uv": [8.875, 3.375, 8.5, 3.625], "texture": "#0"},
				"east": {"uv": [8.75, 3.375, 8.875, 3.625], "texture": "#0"},
				"south": {"uv": [8.5, 3.375, 8.875, 3.625], "texture": "#0"},
				"west": {"uv": [8.5, 3.375, 8.625, 3.625], "texture": "#0"},
				"up": {"uv": [8.5, 3.375, 8.875, 3.5], "texture": "#0"}
			}
		},
		{
			"name": "sb1_2",
			"from": [7.625, 10.125, 8],
			"to": [7.75, 10.5, 8.125],
			"rotation": {"angle": 0, "axis": "y", "origin": [0, -2, 8]},
			"faces": {
				"north": {"uv": [7.75, 3.5, 7.625, 3.875], "texture": "#0"},
				"south": {"uv": [7.625, 3.5, 7.75, 3.875], "texture": "#0"},
				"west": {"uv": [7.625, 3.5, 7.75, 3.875], "texture": "#0"},
				"up": {"uv": [7.625, 3.5, 7.75, 3.625], "texture": "#0"},
				"down": {"uv": [7.625, 3.75, 7.75, 3.875], "texture": "#0"}
			}
		},
		{
			"name": "sb1_3",
			"from": [8.875, 10.125, 8],
			"to": [9, 10.5, 8.125],
			"rotation": {"angle": 0, "axis": "y", "origin": [0, -2, 8]},
			"faces": {
				"north": {"uv": [9, 3.5, 8.875, 3.875], "texture": "#0"},
				"east": {"uv": [8.875, 3.5, 9, 3.875], "texture": "#0"},
				"south": {"uv": [8.875, 3.5, 9, 3.875], "texture": "#0"},
				"up": {"uv": [8.875, 3.5, 9, 3.625], "texture": "#0"},
				"down": {"uv": [8.875, 3.75, 9, 3.875], "texture": "#0"}
			}
		},
		{
			"name": "sb1_4",
			"from": [7.75, 6.75, 8],
			"to": [7.875, 10.375, 8.125],
			"rotation": {"angle": 0, "axis": "y", "origin": [0, -2, 8]},
			"faces": {
				"north": {"uv": [7.875, 3.625, 7.75, 7.25], "texture": "#0"},
				"south": {"uv": [7.75, 3.625, 7.875, 7.25], "texture": "#0"},
				"west": {"uv": [7.75, 3.625, 7.875, 7.25], "texture": "#0"}
			}
		},
		{
			"name": "sb1_5",
			"from": [8.75, 6.75, 8],
			"to": [8.875, 10.375, 8.125],
			"rotation": {"angle": 0, "axis": "y", "origin": [0, -2, 8]},
			"faces": {
				"north": {"uv": [8.875, 3.625, 8.75, 7.25], "texture": "#0"},
				"east": {"uv": [8.75, 3.625, 8.875, 7.25], "texture": "#0"},
				"south": {"uv": [8.75, 3.625, 8.875, 7.25], "texture": "#0"}
			}
		},
		{
			"name": "sb1_6",
			"from": [7.875, 7.125, 8],
			"to": [8, 8.375, 8.125],
			"rotation": {"angle": 0, "axis": "y", "origin": [0, -2, 8]},
			"faces": {
				"north": {"uv": [8, 5.625, 7.875, 6.875], "texture": "#0"},
				"south": {"uv": [7.875, 5.625, 8, 6.875], "texture": "#0"}
			}
		},
		{
			"name": "sb1_7",
			"from": [8.625, 7.125, 8],
			"to": [8.75, 8.375, 8.125],
			"rotation": {"angle": 0, "axis": "y", "origin": [0, -2, 8]},
			"faces": {
				"north": {"uv": [8.75, 5.625, 8.625, 6.875], "texture": "#0"},
				"south": {"uv": [8.625, 5.625, 8.75, 6.875], "texture": "#0"}
			}
		},
		{
			"name": "sb1_8",
			"from": [8.125, 7.125, 7.9],
			"to": [8.5, 7.25, 8.225],
			"rotation": {"angle": 0, "axis": "y", "origin": [0, -2, 8]},
			"faces": {
				"north": {"uv": [8.5, 6.75, 8.125, 6.875], "texture": "#0"},
				"east": {"uv": [8.375, 6.75, 8.5, 6.875], "texture": "#0"},
				"south": {"uv": [8.125, 6.75, 8.5, 6.875], "texture": "#0"},
				"west": {"uv": [8.125, 6.75, 8.25, 6.875], "texture": "#0"},
				"up": {"uv": [8.125, 6.75, 8.5, 6.875], "texture": "#0"},
				"down": {"uv": [8.125, 6.75, 8.5, 6.875], "texture": "#0"}
			}
		},
		{
			"name": "sb1_9",
			"from": [8, 5.75, 7.9],
			"to": [8.125, 7.125, 8.225],
			"rotation": {"angle": 0, "axis": "y", "origin": [0, -2, 8]},
			"faces": {
				"north": {"uv": [8.125, 6.875, 8, 8.25], "texture": "#0"},
				"east": {"uv": [8, 6.875, 8.125, 8.25], "texture": "#0"},
				"south": {"uv": [8, 6.875, 8.125, 8.25], "texture": "#0"},
				"west": {"uv": [8, 6.875, 8.125, 8.25], "texture": "#0"},
				"up": {"uv": [8, 6.875, 8.125, 7], "texture": "#0"}
			}
		},
		{
			"name": "sb1_10",
			"from": [8.5, 5.75, 7.9],
			"to": [8.625, 7.125, 8.225],
			"rotation": {"angle": 0, "axis": "y", "origin": [0, -2, 8]},
			"faces": {
				"north": {"uv": [8.625, 6.875, 8.5, 8.25], "texture": "#0"},
				"east": {"uv": [8.5, 6.875, 8.625, 8.25], "texture": "#0"},
				"south": {"uv": [8.5, 6.875, 8.625, 8.25], "texture": "#0"},
				"west": {"uv": [8.5, 6.875, 8.625, 8.25], "texture": "#0"},
				"up": {"uv": [8.5, 6.875, 8.625, 7], "texture": "#0"}
			}
		},
		{
			"name": "sb1_11",
			"from": [8.125, 5.75, 7.9],
			"to": [8.25, 6.125, 8.225],
			"rotation": {"angle": 0, "axis": "y", "origin": [0, -2, 8]},
			"faces": {
				"north": {"uv": [8.25, 7.875, 8.125, 8.25], "texture": "#0"},
				"east": {"uv": [8.125, 7.875, 8.25, 8.25], "texture": "#0"},
				"south": {"uv": [8.125, 7.875, 8.25, 8.25], "texture": "#0"},
				"up": {"uv": [8.125, 7.875, 8.25, 8], "texture": "#0"}
			}
		},
		{
			"name": "sb1_12",
			"from": [8.375, 5.75, 7.9],
			"to": [8.5, 6.125, 8.225],
			"rotation": {"angle": 0, "axis": "y", "origin": [0, -2, 8]},
			"faces": {
				"north": {"uv": [8.5, 7.875, 8.375, 8.25], "texture": "#0"},
				"south": {"uv": [8.375, 7.875, 8.5, 8.25], "texture": "#0"},
				"west": {"uv": [8.375, 7.875, 8.5, 8.25], "texture": "#0"},
				"up": {"uv": [8.375, 7.875, 8.5, 8], "texture": "#0"}
			}
		},
		{
			"name": "sb1_13",
			"from": [8.25, 5.75, 7.9],
			"to": [8.375, 6, 8.225],
			"rotation": {"angle": 0, "axis": "y", "origin": [0, -2, 8]},
			"faces": {
				"north": {"uv": [8.375, 8, 8.25, 8.25], "texture": "#0"},
				"south": {"uv": [8.25, 8, 8.375, 8.25], "texture": "#0"},
				"up": {"uv": [8.25, 8, 8.375, 8.125], "texture": "#0"}
			}
		},
		{
			"name": "sb1_14",
			"from": [7.25, 5.25, 7.9],
			"to": [8, 5.375, 8.225],
			"rotation": {"angle": 0, "axis": "y", "origin": [0, -2, 8]},
			"faces": {
				"north": {"uv": [8, 8.625, 7.25, 8.75], "texture": "#0"},
				"south": {"uv": [7.25, 8.625, 8, 8.75], "texture": "#0"},
				"west": {"uv": [7.25, 8.625, 7.375, 8.75], "texture": "#0"},
				"up": {"uv": [7.25, 8.625, 8, 8.75], "texture": "#0"},
				"down": {"uv": [7.25, 8.625, 8, 8.75], "texture": "#0"}
			}
		},
		{
			"name": "sb1_15",
			"from": [8.625, 5.125, 7.9],
			"to": [9.125, 5.375, 8.225],
			"rotation": {"angle": 0, "axis": "y", "origin": [0, -2, 8]},
			"faces": {
				"north": {"uv": [9.125, 8.625, 8.625, 8.875], "texture": "#0"},
				"east": {"uv": [9, 8.625, 9.125, 8.875], "texture": "#0"},
				"south": {"uv": [8.625, 8.625, 9.125, 8.875], "texture": "#0"},
				"up": {"uv": [8.625, 8.625, 9.125, 8.75], "texture": "#0"},
				"down": {"uv": [8.625, 8.75, 9.125, 8.875], "texture": "#0"}
			}
		},
		{
			"name": "sb1_16",
			"from": [9.125, 5.25, 7.9],
			"to": [9.375, 5.375, 8.225],
			"rotation": {"angle": 0, "axis": "y", "origin": [0, -2, 8]},
			"faces": {
				"north": {"uv": [9.375, 8.625, 9.125, 8.75], "texture": "#0"},
				"east": {"uv": [9.25, 8.625, 9.375, 8.75], "texture": "#0"},
				"south": {"uv": [9.125, 8.625, 9.375, 8.75], "texture": "#0"},
				"up": {"uv": [9.125, 8.625, 9.375, 8.75], "texture": "#0"},
				"down": {"uv": [9.125, 8.625, 9.375, 8.75], "texture": "#0"}
			}
		},
		{
			"name": "sb1_17",
			"from": [7.5, 5.125, 7.9],
			"to": [8.125, 5.25, 8.225],
			"rotation": {"angle": 0, "axis": "y", "origin": [0, -2, 8]},
			"faces": {
				"north": {"uv": [8.125, 8.75, 7.5, 8.875], "texture": "#0"},
				"south": {"uv": [7.5, 8.75, 8.125, 8.875], "texture": "#0"},
				"west": {"uv": [7.5, 8.75, 7.625, 8.875], "texture": "#0"},
				"down": {"uv": [7.5, 8.75, 8.125, 8.875], "texture": "#0"}
			}
		},
		{
			"name": "sb1_18",
			"from": [8.5, 5.125, 7.9],
			"to": [8.625, 5.25, 8.225],
			"rotation": {"angle": 0, "axis": "y", "origin": [0, -2, 8]},
			"faces": {
				"north": {"uv": [8.625, 8.75, 8.5, 8.875], "texture": "#0"},
				"south": {"uv": [8.5, 8.75, 8.625, 8.875], "texture": "#0"},
				"down": {"uv": [8.5, 8.75, 8.625, 8.875], "texture": "#0"}
			}
		},
		{
			"name": "sb1_19",
			"from": [7.75, 5, 7.9],
			"to": [8, 5.125, 8.225],
			"rotation": {"angle": 0, "axis": "y", "origin": [0, -2, 8]},
			"faces": {
				"north": {"uv": [8, 8.875, 7.75, 9], "texture": "#0"},
				"east": {"uv": [7.875, 8.875, 8, 9], "texture": "#0"},
				"south": {"uv": [7.75, 8.875, 8, 9], "texture": "#0"},
				"west": {"uv": [7.75, 8.875, 7.875, 9], "texture": "#0"},
				"down": {"uv": [7.75, 8.875, 8, 9], "texture": "#0"}
			}
		},
		{
			"name": "sb1_20",
			"from": [8.625, 5, 7.9],
			"to": [8.875, 5.125, 8.225],
			"rotation": {"angle": 0, "axis": "y", "origin": [0, -2, 8]},
			"faces": {
				"north": {"uv": [8.875, 8.875, 8.625, 9], "texture": "#0"},
				"east": {"uv": [8.75, 8.875, 8.875, 9], "texture": "#0"},
				"south": {"uv": [8.625, 8.875, 8.875, 9], "texture": "#0"},
				"west": {"uv": [8.625, 8.875, 8.75, 9], "texture": "#0"},
				"down": {"uv": [8.625, 8.875, 8.875, 9], "texture": "#0"}
			}
		},
		{
			"name": "sb1_21",
			"from": [8, 2.75, 7.8],
			"to": [8.625, 3, 8.325],
			"rotation": {"angle": 0, "axis": "y", "origin": [0, -2, 8]},
			"faces": {
				"north": {"uv": [8.625, 11, 8, 11.25], "texture": "#0"},
				"east": {"uv": [8.5, 11, 8.625, 11.25], "texture": "#0"},
				"south": {"uv": [8, 11, 8.625, 11.25], "texture": "#0"},
				"west": {"uv": [8, 11, 8.125, 11.25], "texture": "#0"},
				"up": {"uv": [8, 11, 8.625, 11.125], "texture": "#0"},
				"down": {"uv": [8, 11.125, 8.625, 11.25], "texture": "#0"}
			}
		},
		{
			"name": "sb1_22",
			"from": [8, 2.25, 7.8],
			"to": [8.625, 2.625, 8.325],
			"rotation": {"angle": 0, "axis": "y", "origin": [0, -2, 8]},
			"faces": {
				"north": {"uv": [8.625, 11.375, 8, 11.75], "texture": "#0"},
				"east": {"uv": [8.5, 11.375, 8.625, 11.75], "texture": "#0"},
				"south": {"uv": [8, 11.375, 8.625, 11.75], "texture": "#0"},
				"west": {"uv": [8, 11.375, 8.125, 11.75], "texture": "#0"},
				"up": {"uv": [8, 11.375, 8.625, 11.5], "texture": "#0"},
				"down": {"uv": [8, 11.625, 8.625, 11.75], "texture": "#0"}
			}
		},
		{
			"name": "sb2_0",
			"from": [7.875, 8.375, 7.95],
			"to": [8.125, 10.375, 8.175],
			"rotation": {"angle": 0, "axis": "y", "origin": [0, -2, 8]},
			"faces": {
				"north": {"uv": [8.125, 3.625, 7.875, 5.625], "texture": "#0"},
				"east": {"uv": [8, 3.625, 8.125, 5.625], "texture": "#0"},
				"south": {"uv": [7.875, 3.625, 8.125, 5.625], "texture": "#0"},
				"west": {"uv": [7.875, 3.625, 8, 5.625], "texture": "#0"},
				"up": {"uv": [7.875, 3.625, 8.125, 3.75], "texture": "#0"},
				"down": {"uv": [7.875, 5.5, 8.125, 5.625], "texture": "#0"}
			}
		},
		{
			"name": "sb2_1",
			"from": [8.5, 8.375, 7.95],
			"to": [8.75, 10.375, 8.175],
			"rotation": {"angle": 0, "axis": "y", "origin": [0, -2, 8]},
			"faces": {
				"north": {"uv": [8.75, 3.625, 8.5, 5.625], "texture": "#0"},
				"east": {"uv": [8.625, 3.625, 8.75, 5.625], "texture": "#0"},
				"south": {"uv": [8.5, 3.625, 8.75, 5.625], "texture": "#0"},
				"west": {"uv": [8.5, 3.625, 8.625, 5.625], "texture": "#0"},
				"up": {"uv": [8.5, 3.625, 8.75, 3.75], "texture": "#0"},
				"down": {"uv": [8.5, 5.5, 8.75, 5.625], "texture": "#0"}
			}
		},
		{
			"name": "sb2_2",
			"from": [8, 7.25, 7.95],
			"to": [8.25, 8.375, 8.175],
			"rotation": {"angle": 0, "axis": "y", "origin": [0, -2, 8]},
			"faces": {
				"north": {"uv": [8.25, 5.625, 8, 6.75], "texture": "#0"},
				"east": {"uv": [8.125, 5.625, 8.25, 6.75], "texture": "#0"},
				"south": {"uv": [8, 5.625, 8.25, 6.75], "texture": "#0"},
				"west": {"uv": [8, 5.625, 8.125, 6.75], "texture": "#0"},
				"up": {"uv": [8, 5.625, 8.25, 5.75], "texture": "#0"}
			}
		},
		{
			"name": "sb2_3",
			"from": [8.375, 7.25, 7.95],
			"to": [8.625, 8.375, 8.175],
			"rotation": {"angle": 0, "axis": "y", "origin": [0, -2, 8]},
			"faces": {
				"north": {"uv": [8.625, 5.625, 8.375, 6.75], "texture": "#0"},
				"east": {"uv": [8.5, 5.625, 8.625, 6.75], "texture": "#0"},
				"south": {"uv": [8.375, 5.625, 8.625, 6.75], "texture": "#0"},
				"west": {"uv": [8.375, 5.625, 8.5, 6.75], "texture": "#0"},
				"up": {"uv": [8.375, 5.625, 8.625, 5.75], "texture": "#0"}
			}
		},
		{
			"name": "sb2_4",
			"from": [8.25, 7.25, 7.95],
			"to": [8.375, 7.5, 8.175],
			"rotation": {"angle": 0, "axis": "y", "origin": [0, -2, 8]},
			"faces": {
				"north": {"uv": [8.375, 6.5, 8.25, 6.75], "texture": "#0"},
				"south": {"uv": [8.25, 6.5, 8.375, 6.75], "texture": "#0"},
				"up": {"uv": [8.25, 6.5, 8.375, 6.625], "texture": "#0"}
			}
		},
		{
			"name": "sb2_5",
			"from": [8, 7.125, 7.95],
			"to": [8.125, 7.25, 8.175],
			"rotation": {"angle": 0, "axis": "y", "origin": [0, -2, 8]},
			"faces": {
				"north": {"uv": [8.125, 6.75, 8, 6.875], "texture": "#0"},
				"south": {"uv": [8, 6.75, 8.125, 6.875], "texture": "#0"},
				"west": {"uv": [8, 6.75, 8.125, 6.875], "texture": "#0"}
			}
		},
		{
			"name": "sb2_6",
			"from": [8.5, 7.125, 7.95],
			"to": [8.625, 7.25, 8.175],
			"rotation": {"angle": 0, "axis": "y", "origin": [0, -2, 8]},
			"faces": {
				"north": {"uv": [8.625, 6.75, 8.5, 6.875], "texture": "#0"},
				"east": {"uv": [8.5, 6.75, 8.625, 6.875], "texture": "#0"},
				"south": {"uv": [8.5, 6.75, 8.625, 6.875], "texture": "#0"}
			}
		},
		{
			"name": "sb2_7",
			"from": [7.875, 5.875, 7.95],
			"to": [8, 7.125, 8.175],
			"rotation": {"angle": 0, "axis": "y", "origin": [0, -2, 8]},
			"faces": {
				"north": {"uv": [8, 6.875, 7.875, 8.125], "texture": "#0"},
				"south": {"uv": [7.875, 6.875, 8, 8.125], "texture": "#0"},
				"west": {"uv": [7.875, 6.875, 8, 8.125], "texture": "#0"},
				"up": {"uv": [7.875, 6.875, 8, 7], "texture": "#0"}
			}
		},
		{
			"name": "sb2_8",
			"from": [8.125, 6.125, 7.95],
			"to": [8.5, 7.125, 8.175],
			"rotation": {"angle": 0, "axis": "y", "origin": [0, -2, 8]},
			"faces": {
				"north": {"uv": [8.5, 6.875, 8.125, 7.875], "texture": "#0"},
				"south": {"uv": [8.125, 6.875, 8.5, 7.875], "texture": "#0"}
			}
		},
		{
			"name": "sb2_9",
			"from": [8.625, 5.875, 7.95],
			"to": [8.75, 7.125, 8.175],
			"rotation": {"angle": 0, "axis": "y", "origin": [0, -2, 8]},
			"faces": {
				"north": {"uv": [8.75, 6.875, 8.625, 8.125], "texture": "#0"},
				"east": {"uv": [8.625, 6.875, 8.75, 8.125], "texture": "#0"},
				"south": {"uv": [8.625, 6.875, 8.75, 8.125], "texture": "#0"},
				"up": {"uv": [8.625, 6.875, 8.75, 7], "texture": "#0"}
			}
		},
		{
			"name": "sb2_10",
			"from": [8.25, 6, 7.95],
			"to": [8.375, 6.125, 8.175],
			"rotation": {"angle": 0, "axis": "y", "origin": [0, -2, 8]},
			"faces": {
				"north": {"uv": [8.375, 7.875, 8.25, 8], "texture": "#0"},
				"south": {"uv": [8.25, 7.875, 8.375, 8], "texture": "#0"}
			}
		},
		{
			"name": "sb2_11",
			"from": [8.125, 3, 7.9],
			"to": [8.5, 5.125, 8.225],
			"rotation": {"angle": 0, "axis": "y", "origin": [0, -2, 8]},
			"faces": {
				"north": {"uv": [8.5, 8.875, 8.125, 11], "texture": "#0"},
				"east": {"uv": [8.375, 8.875, 8.5, 11], "texture": "#0"},
				"south": {"uv": [8.125, 8.875, 8.5, 11], "texture": "#0"},
				"west": {"uv": [8.125, 8.875, 8.25, 11], "texture": "#0"}
			}
		},
		{
			"name": "sb2_12",
			"from": [8.125, 2.625, 7.9],
			"to": [8.5, 2.75, 8.225],
			"rotation": {"angle": 0, "axis": "y", "origin": [0, -2, 8]},
			"faces": {
				"north": {"uv": [8.5, 11.25, 8.125, 11.375], "texture": "#0"},
				"east": {"uv": [8.375, 11.25, 8.5, 11.375], "texture": "#0"},
				"south": {"uv": [8.125, 11.25, 8.5, 11.375], "texture": "#0"},
				"west": {"uv": [8.125, 11.25, 8.25, 11.375], "texture": "#0"}
			}
		},
		{
			"name": "sb3_0",
			"from": [7.75, 5.375, 7.85],
			"to": [7.875, 6.75, 8.275],
			"rotation": {"angle": 0, "axis": "y", "origin": [0, -2, 8]},
			"faces": {
				"north": {"uv": [7.875, 7.25, 7.75, 8.625], "texture": "#0"},
				"east": {"uv": [7.75, 7.25, 7.875, 8.625], "texture": "#0"},
				"south": {"uv": [7.75, 7.25, 7.875, 8.625], "texture": "#0"},
				"west": {"uv": [7.75, 7.25, 7.875, 8.625], "texture": "#0"},
				"up": {"uv": [7.75, 7.25, 7.875, 7.375], "texture": "#0"},
				"down": {"uv": [7.75, 8.5, 7.875, 8.625], "texture": "#0"}
			}
		},
		{
			"name": "sb3_1",
			"from": [8.75, 5.375, 7.85],
			"to": [8.875, 6.75, 8.275],
			"rotation": {"angle": 0, "axis": "y", "origin": [0, -2, 8]},
			"faces": {
				"north": {"uv": [8.875, 7.25, 8.75, 8.625], "texture": "#0"},
				"east": {"uv": [8.75, 7.25, 8.875, 8.625], "texture": "#0"},
				"south": {"uv": [8.75, 7.25, 8.875, 8.625], "texture": "#0"},
				"west": {"uv": [8.75, 7.25, 8.875, 8.625], "texture": "#0"},
				"up": {"uv": [8.75, 7.25, 8.875, 7.375], "texture": "#0"},
				"down": {"uv": [8.75, 8.5, 8.875, 8.625], "texture": "#0"}
			}
		},
		{
			"name": "sb3_2",
			"from": [7.625, 5.5, 7.85],
			"to": [7.75, 6.25, 8.275],
			"rotation": {"angle": 0, "axis": "y", "origin": [0, -2, 8]},
			"faces": {
				"north": {"uv": [7.75, 7.75, 7.625, 8.5], "texture": "#0"},
				"south": {"uv": [7.625, 7.75, 7.75, 8.5], "texture": "#0"},
				"west": {"uv": [7.625, 7.75, 7.75, 8.5], "texture": "#0"},
				"up": {"uv": [7.625, 7.75, 7.75, 7.875], "texture": "#0"},
				"down": {"uv": [7.625, 8.375, 7.75, 8.5], "texture": "#0"}
			}
		},
		{
			"name": "sb3_3",
			"from": [8.875, 5.5, 7.85],
			"to": [9, 6.25, 8.275],
			"rotation": {"angle": 0, "axis": "y", "origin": [0, -2, 8]},
			"faces": {
				"north": {"uv": [9, 7.75, 8.875, 8.5], "texture": "#0"},
				"east": {"uv": [8.875, 7.75, 9, 8.5], "texture": "#0"},
				"south": {"uv": [8.875, 7.75, 9, 8.5], "texture": "#0"},
				"up": {"uv": [8.875, 7.75, 9, 7.875], "texture": "#0"},
				"down": {"uv": [8.875, 8.375, 9, 8.5], "texture": "#0"}
			}
		},
		{
			"name": "sb3_4",
			"from": [7.875, 5.375, 7.85],
			"to": [8, 5.875, 8.275],
			"rotation": {"angle": 0, "axis": "y", "origin": [0, -2, 8]},
			"faces": {
				"north": {"uv": [8, 8.125, 7.875, 8.625], "texture": "#0"},
				"east": {"uv": [7.875, 8.125, 8, 8.625], "texture": "#0"},
				"south": {"uv": [7.875, 8.125, 8, 8.625], "texture": "#0"},
				"up": {"uv": [7.875, 8.125, 8, 8.25], "texture": "#0"},
				"down": {"uv": [7.875, 8.5, 8, 8.625], "texture": "#0"}
			}
		},
		{
			"name": "sb3_5",
			"from": [8.625, 5.375, 7.85],
			"to": [8.75, 5.875, 8.275],
			"rotation": {"angle": 0, "axis": "y", "origin": [0, -2, 8]},
			"faces": {
				"north": {"uv": [8.75, 8.125, 8.625, 8.625], "texture": "#0"},
				"south": {"uv": [8.625, 8.125, 8.75, 8.625], "texture": "#0"},
				"west": {"uv": [8.625, 8.125, 8.75, 8.625], "texture": "#0"},
				"up": {"uv": [8.625, 8.125, 8.75, 8.25], "texture": "#0"},
				"down": {"uv": [8.625, 8.5, 8.75, 8.625], "texture": "#0"}
			}
		},
		{
			"name": "sb3_6",
			"from": [7.5, 5.5, 7.85],
			"to": [7.625, 5.75, 8.275],
			"rotation": {"angle": 0, "axis": "y", "origin": [0, -2, 8]},
			"faces": {
				"north": {"uv": [7.625, 8.25, 7.5, 8.5], "texture": "#0"},
				"south": {"uv": [7.5, 8.25, 7.625, 8.5], "texture": "#0"},
				"west": {"uv": [7.5, 8.25, 7.625, 8.5], "texture": "#0"},
				"up": {"uv": [7.5, 8.25, 7.625, 8.375], "texture": "#0"},
				"down": {"uv": [7.5, 8.375, 7.625, 8.5], "texture": "#0"}
			}
		},
		{
			"name": "sb3_7",
			"from": [8, 5.25, 7.85],
			"to": [8.625, 5.75, 8.275],
			"rotation": {"angle": 0, "axis": "y", "origin": [0, -2, 8]},
			"faces": {
				"north": {"uv": [8.625, 8.25, 8, 8.75], "texture": "#0"},
				"east": {"uv": [8.5, 8.25, 8.625, 8.75], "texture": "#0"},
				"south": {"uv": [8, 8.25, 8.625, 8.75], "texture": "#0"},
				"west": {"uv": [8, 8.25, 8.125, 8.75], "texture": "#0"},
				"up": {"uv": [8, 8.25, 8.625, 8.375], "texture": "#0"},
				"down": {"uv": [8, 8.625, 8.625, 8.75], "texture": "#0"}
			}
		},
		{
			"name": "sb3_8",
			"from": [9, 5.5, 7.85],
			"to": [9.125, 5.75, 8.275],
			"rotation": {"angle": 0, "axis": "y", "origin": [0, -2, 8]},
			"faces": {
				"north": {"uv": [9.125, 8.25, 9, 8.5], "texture": "#0"},
				"east": {"uv": [9, 8.25, 9.125, 8.5], "texture": "#0"},
				"south": {"uv": [9, 8.25, 9.125, 8.5], "texture": "#0"},
				"up": {"uv": [9, 8.25, 9.125, 8.375], "texture": "#0"},
				"down": {"uv": [9, 8.375, 9.125, 8.5], "texture": "#0"}
			}
		},
		{
			"name": "sb3_9",
			"from": [8.125, 5.125, 7.85],
			"to": [8.5, 5.25, 8.275],
			"rotation": {"angle": 0, "axis": "y", "origin": [0, -2, 8]},
			"faces": {
				"north": {"uv": [8.5, 8.75, 8.125, 8.875], "texture": "#0"},
				"east": {"uv": [8.375, 8.75, 8.5, 8.875], "texture": "#0"},
				"south": {"uv": [8.125, 8.75, 8.5, 8.875], "texture": "#0"},
				"west": {"uv": [8.125, 8.75, 8.25, 8.875], "texture": "#0"},
				"down": {"uv": [8.125, 8.75, 8.5, 8.875], "texture": "#0"}
			}
		},
		{
			"from": [5.3, 2, 8.07],
			"to": [10.3, 7, 8.07],
			"rotation": {"angle": 45, "axis": "z", "origin": [3.3, 7, 8]},
			"faces": {
				"north": {"uv": [0, 0, 16, 16], "rotation": 270, "texture": "#1"},
				"south": {"uv": [0, 16, 16, 0], "rotation": 270, "texture": "#1"}
			}
		}
	],
	"gui_light": "front",
	"display": {
		"thirdperson_righthand": {
			"rotation": [0, 90, 0],
			"translation": [-0.25, 9.75, 2],
			"scale": [3.15, 3.15, 2.5]
		},
		"thirdperson_lefthand": {
			"rotation": [0, 90, 0],
			"translation": [-0.25, 9.75, 0.5],
			"scale": [3.15, 3.15, 2.5]
		},
		"firstperson_righthand": {
			"rotation": [8, -90, 0],
			"translation": [0, 8, 2],
			"scale": [2.1, 2.1, 2]
		},
		"firstperson_lefthand": {
			"rotation": [8, 90, 0],
			"translation": [0, 8, 2],
			"scale": [2.1, 2.1, 2]
		},
		"ground": {
			"translation": [0, 7, 0],
			"scale": [2, 2, 2]
		},
		"gui": {
			"rotation": [0, 0, -43],
			"translation": [2.75, 2.75, 0],
			"scale": [2.8, 2.8, 2]
		},
		"head": {
			"rotation": [0, 0, 144],
			"translation": [-1.25, -17.25, 3.75],
			"scale": [4, 4, 3.75]
		},
		"fixed": {
			"rotation": [0, 180, -42],
			"translation": [-3.5, 3.25, -0.75],
			"scale": [3.8, 3.8, 2.5]
		}
	},
	"groups": [
		{
			"name": "sb1",
			"origin": [8, 8, 8],
			"color": 0,
			"nbt": "{}",
			"children": [0, 1, 2, 3, 4, 5, 6, 7, 8, 9, 10, 11, 12, 13, 14, 15, 16, 17, 18, 19, 20, 21, 22]
		},
		{
			"name": "sb2",
			"origin": [8, 8, 8],
			"color": 0,
			"nbt": "{}",
			"children": [23, 24, 25, 26, 27, 28, 29, 30, 31, 32, 33, 34, 35]
		},
		{
			"name": "sb3",
			"origin": [8, 8, 8],
			"color": 0,
			"nbt": "{}",
			"children": [36, 37, 38, 39, 40, 41, 42, 43, 44, 45]
		},
		46
	]
}