{
	"credit": "Made with Blockbench",
	"textures": {
		"1": "simplyswords:item/storms_edge",
		"4": "simplyswords:item/stormbringer_layer",
		"particle": "simplyswords:item/storms_edge"
	},
	"elements": [
		{
			"name": "se1_0",
			"from": [7.875, 13.5, 8],
			"to": [8.5, 13.875, 8.125],
			"rotation": {"angle": 0, "axis": "y", "origin": [0, -1, 8]},
			"faces": {
				"north": {"uv": [8.5, 1.125, 7.875, 1.5], "texture": "#1"},
				"east": {"uv": [8.375, 1.125, 8.5, 1.5], "texture": "#1"},
				"south": {"uv": [7.875, 1.125, 8.5, 1.5], "texture": "#1"},
				"west": {"uv": [7.875, 1.125, 8, 1.5], "texture": "#1"},
				"up": {"uv": [7.875, 1.125, 8.5, 1.25], "texture": "#1"}
			}
		},
		{
			"name": "se1_1",
			"from": [7.75, 10.375, 8],
			"to": [7.875, 13.75, 8.125],
			"rotation": {"angle": 0, "axis": "y", "origin": [0, -1, 8]},
			"faces": {
				"north": {"uv": [7.875, 1.25, 7.75, 4.625], "texture": "#1"},
				"south": {"uv": [7.75, 1.25, 7.875, 4.625], "texture": "#1"},
				"west": {"uv": [7.75, 1.25, 7.875, 4.625], "texture": "#1"},
				"up": {"uv": [7.75, 1.25, 7.875, 1.375], "texture": "#1"}
			}
		},
		{
			"name": "se1_2",
			"from": [8.5, 10.375, 8],
			"to": [8.625, 13.75, 8.125],
			"rotation": {"angle": 0, "axis": "y", "origin": [0, -1, 8]},
			"faces": {
				"north": {"uv": [8.625, 1.25, 8.5, 4.625], "texture": "#1"},
				"east": {"uv": [8.5, 1.25, 8.625, 4.625], "texture": "#1"},
				"south": {"uv": [8.5, 1.25, 8.625, 4.625], "texture": "#1"},
				"up": {"uv": [8.5, 1.25, 8.625, 1.375], "texture": "#1"}
			}
		},
		{
			"name": "se1_3",
			"from": [7.625, 9.875, 8],
			"to": [7.75, 13.625, 8.125],
			"rotation": {"angle": 0, "axis": "y", "origin": [0, -1, 8]},
			"faces": {
				"north": {"uv": [7.75, 1.375, 7.625, 5.125], "texture": "#1"},
				"south": {"uv": [7.625, 1.375, 7.75, 5.125], "texture": "#1"},
				"west": {"uv": [7.625, 1.375, 7.75, 5.125], "texture": "#1"},
				"up": {"uv": [7.625, 1.375, 7.75, 1.5], "texture": "#1"}
			}
		},
		{
			"name": "se1_4",
			"from": [8.625, 9.875, 8],
			"to": [8.75, 13.625, 8.125],
			"rotation": {"angle": 0, "axis": "y", "origin": [0, -1, 8]},
			"faces": {
				"north": {"uv": [8.75, 1.375, 8.625, 5.125], "texture": "#1"},
				"east": {"uv": [8.625, 1.375, 8.75, 5.125], "texture": "#1"},
				"south": {"uv": [8.625, 1.375, 8.75, 5.125], "texture": "#1"},
				"up": {"uv": [8.625, 1.375, 8.75, 1.5], "texture": "#1"}
			}
		},
		{
			"name": "se1_5",
			"from": [7.5, 13.125, 8],
			"to": [7.625, 13.5, 8.125],
			"rotation": {"angle": 0, "axis": "y", "origin": [0, -1, 8]},
			"faces": {
				"north": {"uv": [7.625, 1.5, 7.5, 1.875], "texture": "#1"},
				"south": {"uv": [7.5, 1.5, 7.625, 1.875], "texture": "#1"},
				"west": {"uv": [7.5, 1.5, 7.625, 1.875], "texture": "#1"},
				"up": {"uv": [7.5, 1.5, 7.625, 1.625], "texture": "#1"},
				"down": {"uv": [7.5, 1.75, 7.625, 1.875], "texture": "#1"}
			}
		},
		{
			"name": "se1_6",
			"from": [7.875, 13.375, 8],
			"to": [8, 13.5, 8.125],
			"rotation": {"angle": 0, "axis": "y", "origin": [0, -1, 8]},
			"faces": {
				"north": {"uv": [8, 1.5, 7.875, 1.625], "texture": "#1"},
				"south": {"uv": [7.875, 1.5, 8, 1.625], "texture": "#1"}
			}
		},
		{
			"name": "se1_7",
			"from": [8.375, 13.375, 8],
			"to": [8.5, 13.5, 8.125],
			"rotation": {"angle": 0, "axis": "y", "origin": [0, -1, 8]},
			"faces": {
				"north": {"uv": [8.5, 1.5, 8.375, 1.625], "texture": "#1"},
				"south": {"uv": [8.375, 1.5, 8.5, 1.625], "texture": "#1"}
			}
		},
		{
			"name": "se1_8",
			"from": [8.75, 13.125, 8],
			"to": [8.875, 13.5, 8.125],
			"rotation": {"angle": 0, "axis": "y", "origin": [0, -1, 8]},
			"faces": {
				"north": {"uv": [8.875, 1.5, 8.75, 1.875], "texture": "#1"},
				"east": {"uv": [8.75, 1.5, 8.875, 1.875], "texture": "#1"},
				"south": {"uv": [8.75, 1.5, 8.875, 1.875], "texture": "#1"},
				"up": {"uv": [8.75, 1.5, 8.875, 1.625], "texture": "#1"},
				"down": {"uv": [8.75, 1.75, 8.875, 1.875], "texture": "#1"}
			}
		},
		{
			"name": "se1_9",
			"from": [8, 9.75, 7.95],
			"to": [8.375, 10.375, 8.175],
			"rotation": {"angle": 0, "axis": "y", "origin": [0, -1, 8]},
			"faces": {
				"north": {"uv": [8.375, 4.625, 8, 5.25], "texture": "#1"},
				"south": {"uv": [8, 4.625, 8.375, 5.25], "texture": "#1"}
			}
		},
		{
			"name": "se1_10",
			"from": [8.125, 9.625, 7.95],
			"to": [8.25, 9.75, 8.175],
			"rotation": {"angle": 0, "axis": "y", "origin": [0, -1, 8]},
			"faces": {
				"north": {"uv": [8.25, 5.25, 8.125, 5.375], "texture": "#1"},
				"south": {"uv": [8.125, 5.25, 8.25, 5.375], "texture": "#1"}
			}
		},
		{
			"name": "se1_11",
			"from": [7.5, 8.875, 7.9],
			"to": [7.625, 9.125, 8.225],
			"rotation": {"angle": 0, "axis": "y", "origin": [0, -1, 8]},
			"faces": {
				"north": {"uv": [7.625, 5.875, 7.5, 6.125], "texture": "#1"},
				"south": {"uv": [7.5, 5.875, 7.625, 6.125], "texture": "#1"},
				"west": {"uv": [7.5, 5.875, 7.625, 6.125], "texture": "#1"},
				"down": {"uv": [7.5, 6, 7.625, 6.125], "texture": "#1"}
			}
		},
		{
			"name": "se1_12",
			"from": [8.75, 8.875, 7.9],
			"to": [8.875, 9.125, 8.225],
			"rotation": {"angle": 0, "axis": "y", "origin": [0, -1, 8]},
			"faces": {
				"north": {"uv": [8.875, 5.875, 8.75, 6.125], "texture": "#1"},
				"east": {"uv": [8.75, 5.875, 8.875, 6.125], "texture": "#1"},
				"south": {"uv": [8.75, 5.875, 8.875, 6.125], "texture": "#1"},
				"down": {"uv": [8.75, 6, 8.875, 6.125], "texture": "#1"}
			}
		},
		{
			"name": "se1_13",
			"from": [7.625, 8.625, 7.9],
			"to": [7.875, 9, 8.225],
			"rotation": {"angle": 0, "axis": "y", "origin": [0, -1, 8]},
			"faces": {
				"north": {"uv": [7.875, 6, 7.625, 6.375], "texture": "#1"},
				"east": {"uv": [7.75, 6, 7.875, 6.375], "texture": "#1"},
				"south": {"uv": [7.625, 6, 7.875, 6.375], "texture": "#1"},
				"west": {"uv": [7.625, 6, 7.75, 6.375], "texture": "#1"},
				"down": {"uv": [7.625, 6.25, 7.875, 6.375], "texture": "#1"}
			}
		},
		{
			"name": "se1_14",
			"from": [8.5, 8.625, 7.9],
			"to": [8.75, 9, 8.225],
			"rotation": {"angle": 0, "axis": "y", "origin": [0, -1, 8]},
			"faces": {
				"north": {"uv": [8.75, 6, 8.5, 6.375], "texture": "#1"},
				"east": {"uv": [8.625, 6, 8.75, 6.375], "texture": "#1"},
				"south": {"uv": [8.5, 6, 8.75, 6.375], "texture": "#1"},
				"west": {"uv": [8.5, 6, 8.625, 6.375], "texture": "#1"},
				"down": {"uv": [8.5, 6.25, 8.75, 6.375], "texture": "#1"}
			}
		},
		{
			"name": "se1_15",
			"from": [7.875, 8.75, 7.9],
			"to": [8, 8.875, 8.225],
			"rotation": {"angle": 0, "axis": "y", "origin": [0, -1, 8]},
			"faces": {
				"north": {"uv": [8, 6.125, 7.875, 6.25], "texture": "#1"},
				"south": {"uv": [7.875, 6.125, 8, 6.25], "texture": "#1"},
				"down": {"uv": [7.875, 6.125, 8, 6.25], "texture": "#1"}
			}
		},
		{
			"name": "se1_16",
			"from": [8.375, 8.75, 7.9],
			"to": [8.5, 8.875, 8.225],
			"rotation": {"angle": 0, "axis": "y", "origin": [0, -1, 8]},
			"faces": {
				"north": {"uv": [8.5, 6.125, 8.375, 6.25], "texture": "#1"},
				"south": {"uv": [8.375, 6.125, 8.5, 6.25], "texture": "#1"},
				"down": {"uv": [8.375, 6.125, 8.5, 6.25], "texture": "#1"}
			}
		},
		{
			"name": "se1_17",
			"from": [7.5, 8.375, 7.9],
			"to": [7.625, 8.75, 8.225],
			"rotation": {"angle": 0, "axis": "y", "origin": [0, -1, 8]},
			"faces": {
				"north": {"uv": [7.625, 6.25, 7.5, 6.625], "texture": "#1"},
				"east": {"uv": [7.5, 6.25, 7.625, 6.625], "texture": "#1"},
				"south": {"uv": [7.5, 6.25, 7.625, 6.625], "texture": "#1"},
				"west": {"uv": [7.5, 6.25, 7.625, 6.625], "texture": "#1"},
				"up": {"uv": [7.5, 6.25, 7.625, 6.375], "texture": "#1"},
				"down": {"uv": [7.5, 6.5, 7.625, 6.625], "texture": "#1"}
			}
		},
		{
			"name": "se1_18",
			"from": [8.75, 8.375, 7.9],
			"to": [8.875, 8.75, 8.225],
			"rotation": {"angle": 0, "axis": "y", "origin": [0, -1, 8]},
			"faces": {
				"north": {"uv": [8.875, 6.25, 8.75, 6.625], "texture": "#1"},
				"east": {"uv": [8.75, 6.25, 8.875, 6.625], "texture": "#1"},
				"south": {"uv": [8.75, 6.25, 8.875, 6.625], "texture": "#1"},
				"west": {"uv": [8.75, 6.25, 8.875, 6.625], "texture": "#1"},
				"up": {"uv": [8.75, 6.25, 8.875, 6.375], "texture": "#1"},
				"down": {"uv": [8.75, 6.5, 8.875, 6.625], "texture": "#1"}
			}
		},
		{
			"name": "se1_19",
			"from": [7.375, 8.25, 7.9],
			"to": [7.5, 8.625, 8.225],
			"rotation": {"angle": 0, "axis": "y", "origin": [0, -1, 8]},
			"faces": {
				"north": {"uv": [7.5, 6.375, 7.375, 6.75], "texture": "#1"},
				"east": {"uv": [7.375, 6.375, 7.5, 6.75], "texture": "#1"},
				"south": {"uv": [7.375, 6.375, 7.5, 6.75], "texture": "#1"},
				"west": {"uv": [7.375, 6.375, 7.5, 6.75], "texture": "#1"},
				"up": {"uv": [7.375, 6.375, 7.5, 6.5], "texture": "#1"},
				"down": {"uv": [7.375, 6.625, 7.5, 6.75], "texture": "#1"}
			}
		},
		{
			"name": "se1_20",
			"from": [7.625, 8.5, 7.9],
			"to": [7.75, 8.625, 8.225],
			"rotation": {"angle": 0, "axis": "y", "origin": [0, -1, 8]},
			"faces": {
				"north": {"uv": [7.75, 6.375, 7.625, 6.5], "texture": "#1"},
				"east": {"uv": [7.625, 6.375, 7.75, 6.5], "texture": "#1"},
				"south": {"uv": [7.625, 6.375, 7.75, 6.5], "texture": "#1"},
				"down": {"uv": [7.625, 6.375, 7.75, 6.5], "texture": "#1"}
			}
		},
		{
			"name": "se1_21",
			"from": [7.875, 8.375, 7.8],
			"to": [8.5, 8.625, 8.325],
			"rotation": {"angle": 0, "axis": "y", "origin": [0, -1, 8]},
			"faces": {
				"north": {"uv": [8.5, 6.375, 7.875, 6.625], "texture": "#1"},
				"east": {"uv": [8.375, 6.375, 8.5, 6.625], "texture": "#1"},
				"south": {"uv": [7.875, 6.375, 8.5, 6.625], "texture": "#1"},
				"west": {"uv": [7.875, 6.375, 8, 6.625], "texture": "#1"},
				"up": {"uv": [7.875, 6.375, 8.5, 6.5], "texture": "#1"},
				"down": {"uv": [7.875, 6.5, 8.5, 6.625], "texture": "#1"}
			}
		},
		{
			"name": "se1_22",
			"from": [8.625, 8.5, 7.9],
			"to": [8.75, 8.625, 8.225],
			"rotation": {"angle": 0, "axis": "y", "origin": [0, -1, 8]},
			"faces": {
				"north": {"uv": [8.75, 6.375, 8.625, 6.5], "texture": "#1"},
				"south": {"uv": [8.625, 6.375, 8.75, 6.5], "texture": "#1"},
				"west": {"uv": [8.625, 6.375, 8.75, 6.5], "texture": "#1"},
				"down": {"uv": [8.625, 6.375, 8.75, 6.5], "texture": "#1"}
			}
		},
		{
			"name": "se1_23",
			"from": [8.875, 8.25, 7.9],
			"to": [9, 8.625, 8.225],
			"rotation": {"angle": 0, "axis": "y", "origin": [0, -1, 8]},
			"faces": {
				"north": {"uv": [9, 6.375, 8.875, 6.75], "texture": "#1"},
				"east": {"uv": [8.875, 6.375, 9, 6.75], "texture": "#1"},
				"south": {"uv": [8.875, 6.375, 9, 6.75], "texture": "#1"},
				"west": {"uv": [8.875, 6.375, 9, 6.75], "texture": "#1"},
				"up": {"uv": [8.875, 6.375, 9, 6.5], "texture": "#1"},
				"down": {"uv": [8.875, 6.625, 9, 6.75], "texture": "#1"}
			}
		},
		{
			"name": "se1_24",
			"from": [7.25, 8.125, 7.9],
			"to": [7.375, 8.375, 8.225],
			"rotation": {"angle": 0, "axis": "y", "origin": [0, -1, 8]},
			"faces": {
				"north": {"uv": [7.375, 6.625, 7.25, 6.875], "texture": "#1"},
				"east": {"uv": [7.25, 6.625, 7.375, 6.875], "texture": "#1"},
				"south": {"uv": [7.25, 6.625, 7.375, 6.875], "texture": "#1"},
				"west": {"uv": [7.25, 6.625, 7.375, 6.875], "texture": "#1"},
				"up": {"uv": [7.25, 6.625, 7.375, 6.75], "texture": "#1"},
				"down": {"uv": [7.25, 6.75, 7.375, 6.875], "texture": "#1"}
			}
		},
		{
			"name": "se1_25",
			"from": [9, 8.125, 7.9],
			"to": [9.125, 8.375, 8.225],
			"rotation": {"angle": 0, "axis": "y", "origin": [0, -1, 8]},
			"faces": {
				"north": {"uv": [9.125, 6.625, 9, 6.875], "texture": "#1"},
				"east": {"uv": [9, 6.625, 9.125, 6.875], "texture": "#1"},
				"south": {"uv": [9, 6.625, 9.125, 6.875], "texture": "#1"},
				"west": {"uv": [9, 6.625, 9.125, 6.875], "texture": "#1"},
				"up": {"uv": [9, 6.625, 9.125, 6.75], "texture": "#1"},
				"down": {"uv": [9, 6.75, 9.125, 6.875], "texture": "#1"}
			}
		},
		{
			"name": "se1_26",
			"from": [7.25, 6.625, 7.9],
			"to": [7.375, 6.875, 8.225],
			"rotation": {"angle": 0, "axis": "y", "origin": [0, -1, 8]},
			"faces": {
				"north": {"uv": [7.375, 8.125, 7.25, 8.375], "texture": "#1"},
				"east": {"uv": [7.25, 8.125, 7.375, 8.375], "texture": "#1"},
				"south": {"uv": [7.25, 8.125, 7.375, 8.375], "texture": "#1"},
				"west": {"uv": [7.25, 8.125, 7.375, 8.375], "texture": "#1"},
				"up": {"uv": [7.25, 8.125, 7.375, 8.25], "texture": "#1"},
				"down": {"uv": [7.25, 8.25, 7.375, 8.375], "texture": "#1"}
			}
		},
		{
			"name": "se1_27",
			"from": [9, 6.625, 7.9],
			"to": [9.125, 6.875, 8.225],
			"rotation": {"angle": 0, "axis": "y", "origin": [0, -1, 8]},
			"faces": {
				"north": {"uv": [9.125, 8.125, 9, 8.375], "texture": "#1"},
				"east": {"uv": [9, 8.125, 9.125, 8.375], "texture": "#1"},
				"south": {"uv": [9, 8.125, 9.125, 8.375], "texture": "#1"},
				"west": {"uv": [9, 8.125, 9.125, 8.375], "texture": "#1"},
				"up": {"uv": [9, 8.125, 9.125, 8.25], "texture": "#1"},
				"down": {"uv": [9, 8.25, 9.125, 8.375], "texture": "#1"}
			}
		},
		{
			"name": "se1_28",
			"from": [7.375, 6.375, 7.9],
			"to": [7.5, 6.75, 8.225],
			"rotation": {"angle": 0, "axis": "y", "origin": [0, -1, 8]},
			"faces": {
				"north": {"uv": [7.5, 8.25, 7.375, 8.625], "texture": "#1"},
				"east": {"uv": [7.375, 8.25, 7.5, 8.625], "texture": "#1"},
				"south": {"uv": [7.375, 8.25, 7.5, 8.625], "texture": "#1"},
				"west": {"uv": [7.375, 8.25, 7.5, 8.625], "texture": "#1"},
				"up": {"uv": [7.375, 8.25, 7.5, 8.375], "texture": "#1"},
				"down": {"uv": [7.375, 8.5, 7.5, 8.625], "texture": "#1"}
			}
		},
		{
			"name": "se1_29",
			"from": [8.875, 6.375, 7.9],
			"to": [9, 6.75, 8.225],
			"rotation": {"angle": 0, "axis": "y", "origin": [0, -1, 8]},
			"faces": {
				"north": {"uv": [9, 8.25, 8.875, 8.625], "texture": "#1"},
				"east": {"uv": [8.875, 8.25, 9, 8.625], "texture": "#1"},
				"south": {"uv": [8.875, 8.25, 9, 8.625], "texture": "#1"},
				"west": {"uv": [8.875, 8.25, 9, 8.625], "texture": "#1"},
				"up": {"uv": [8.875, 8.25, 9, 8.375], "texture": "#1"},
				"down": {"uv": [8.875, 8.5, 9, 8.625], "texture": "#1"}
			}
		},
		{
			"name": "se1_30",
			"from": [7.5, 6.25, 7.9],
			"to": [7.625, 6.625, 8.225],
			"rotation": {"angle": 0, "axis": "y", "origin": [0, -1, 8]},
			"faces": {
				"north": {"uv": [7.625, 8.375, 7.5, 8.75], "texture": "#1"},
				"east": {"uv": [7.5, 8.375, 7.625, 8.75], "texture": "#1"},
				"south": {"uv": [7.5, 8.375, 7.625, 8.75], "texture": "#1"},
				"west": {"uv": [7.5, 8.375, 7.625, 8.75], "texture": "#1"},
				"up": {"uv": [7.5, 8.375, 7.625, 8.5], "texture": "#1"},
				"down": {"uv": [7.5, 8.625, 7.625, 8.75], "texture": "#1"}
			}
		},
		{
			"name": "se1_31",
			"from": [7.875, 6.375, 7.8],
			"to": [8.5, 6.625, 8.325],
			"rotation": {"angle": 0, "axis": "y", "origin": [0, -1, 8]},
			"faces": {
				"north": {"uv": [8.5, 8.375, 7.875, 8.625], "texture": "#1"},
				"east": {"uv": [8.375, 8.375, 8.5, 8.625], "texture": "#1"},
				"south": {"uv": [7.875, 8.375, 8.5, 8.625], "texture": "#1"},
				"west": {"uv": [7.875, 8.375, 8, 8.625], "texture": "#1"},
				"up": {"uv": [7.875, 8.375, 8.5, 8.5], "texture": "#1"},
				"down": {"uv": [7.875, 8.5, 8.5, 8.625], "texture": "#1"}
			}
		},
		{
			"name": "se1_32",
			"from": [8.75, 6.25, 7.9],
			"to": [8.875, 6.625, 8.225],
			"rotation": {"angle": 0, "axis": "y", "origin": [0, -1, 8]},
			"faces": {
				"north": {"uv": [8.875, 8.375, 8.75, 8.75], "texture": "#1"},
				"east": {"uv": [8.75, 8.375, 8.875, 8.75], "texture": "#1"},
				"south": {"uv": [8.75, 8.375, 8.875, 8.75], "texture": "#1"},
				"west": {"uv": [8.75, 8.375, 8.875, 8.75], "texture": "#1"},
				"up": {"uv": [8.75, 8.375, 8.875, 8.5], "texture": "#1"},
				"down": {"uv": [8.75, 8.625, 8.875, 8.75], "texture": "#1"}
			}
		},
		{
			"name": "se1_33",
			"from": [7.625, 6, 7.9],
			"to": [7.75, 6.5, 8.225],
			"rotation": {"angle": 0, "axis": "y", "origin": [0, -1, 8]},
			"faces": {
				"north": {"uv": [7.75, 8.5, 7.625, 9], "texture": "#1"},
				"east": {"uv": [7.625, 8.5, 7.75, 9], "texture": "#1"},
				"south": {"uv": [7.625, 8.5, 7.75, 9], "texture": "#1"},
				"west": {"uv": [7.625, 8.5, 7.75, 9], "texture": "#1"},
				"up": {"uv": [7.625, 8.5, 7.75, 8.625], "texture": "#1"}
			}
		},
		{
			"name": "se1_34",
			"from": [8.625, 6, 7.9],
			"to": [8.75, 6.5, 8.225],
			"rotation": {"angle": 0, "axis": "y", "origin": [0, -1, 8]},
			"faces": {
				"north": {"uv": [8.75, 8.5, 8.625, 9], "texture": "#1"},
				"east": {"uv": [8.625, 8.5, 8.75, 9], "texture": "#1"},
				"south": {"uv": [8.625, 8.5, 8.75, 9], "texture": "#1"},
				"west": {"uv": [8.625, 8.5, 8.75, 9], "texture": "#1"},
				"up": {"uv": [8.625, 8.5, 8.75, 8.625], "texture": "#1"}
			}
		},
		{
			"name": "se1_35",
			"from": [7.75, 6, 7.9],
			"to": [7.875, 6.375, 8.225],
			"rotation": {"angle": 0, "axis": "y", "origin": [0, -1, 8]},
			"faces": {
				"north": {"uv": [7.875, 8.625, 7.75, 9], "texture": "#1"},
				"east": {"uv": [7.75, 8.625, 7.875, 9], "texture": "#1"},
				"south": {"uv": [7.75, 8.625, 7.875, 9], "texture": "#1"},
				"up": {"uv": [7.75, 8.625, 7.875, 8.75], "texture": "#1"}
			}
		},
		{
			"name": "se1_36",
			"from": [8.5, 6, 7.9],
			"to": [8.625, 6.375, 8.225],
			"rotation": {"angle": 0, "axis": "y", "origin": [0, -1, 8]},
			"faces": {
				"north": {"uv": [8.625, 8.625, 8.5, 9], "texture": "#1"},
				"south": {"uv": [8.5, 8.625, 8.625, 9], "texture": "#1"},
				"west": {"uv": [8.5, 8.625, 8.625, 9], "texture": "#1"},
				"up": {"uv": [8.5, 8.625, 8.625, 8.75], "texture": "#1"}
			}
		},
		{
			"name": "se1_37",
			"from": [7.875, 6.125, 7.9],
			"to": [8, 6.25, 8.225],
			"rotation": {"angle": 0, "axis": "y", "origin": [0, -1, 8]},
			"faces": {
				"north": {"uv": [8, 8.75, 7.875, 8.875], "texture": "#1"},
				"south": {"uv": [7.875, 8.75, 8, 8.875], "texture": "#1"},
				"up": {"uv": [7.875, 8.75, 8, 8.875], "texture": "#1"}
			}
		},
		{
			"name": "se1_38",
			"from": [8.375, 6.125, 7.9],
			"to": [8.5, 6.25, 8.225],
			"rotation": {"angle": 0, "axis": "y", "origin": [0, -1, 8]},
			"faces": {
				"north": {"uv": [8.5, 8.75, 8.375, 8.875], "texture": "#1"},
				"south": {"uv": [8.375, 8.75, 8.5, 8.875], "texture": "#1"},
				"up": {"uv": [8.375, 8.75, 8.5, 8.875], "texture": "#1"}
			}
		},
		{
			"name": "se1_39",
			"from": [7.5, 5.875, 7.9],
			"to": [7.625, 6.125, 8.225],
			"rotation": {"angle": 0, "axis": "y", "origin": [0, -1, 8]},
			"faces": {
				"north": {"uv": [7.625, 8.875, 7.5, 9.125], "texture": "#1"},
				"south": {"uv": [7.5, 8.875, 7.625, 9.125], "texture": "#1"},
				"west": {"uv": [7.5, 8.875, 7.625, 9.125], "texture": "#1"},
				"up": {"uv": [7.5, 8.875, 7.625, 9], "texture": "#1"}
			}
		},
		{
			"name": "se1_40",
			"from": [8.75, 5.875, 7.9],
			"to": [8.875, 6.125, 8.225],
			"rotation": {"angle": 0, "axis": "y", "origin": [0, -1, 8]},
			"faces": {
				"north": {"uv": [8.875, 8.875, 8.75, 9.125], "texture": "#1"},
				"east": {"uv": [8.75, 8.875, 8.875, 9.125], "texture": "#1"},
				"south": {"uv": [8.75, 8.875, 8.875, 9.125], "texture": "#1"},
				"up": {"uv": [8.75, 8.875, 8.875, 9], "texture": "#1"}
			}
		},
		{
			"name": "se1_41",
			"from": [8.125, 4.625, 7.95],
			"to": [8.25, 5.375, 8.175],
			"rotation": {"angle": 0, "axis": "y", "origin": [0, -1, 8]},
			"faces": {
				"north": {"uv": [8.25, 9.625, 8.125, 10.375], "texture": "#1"},
				"south": {"uv": [8.125, 9.625, 8.25, 10.375], "texture": "#1"}
			}
		},
		{
			"name": "se1_42",
			"from": [8, 4.625, 7.95],
			"to": [8.125, 5.25, 8.175],
			"rotation": {"angle": 0, "axis": "y", "origin": [0, -1, 8]},
			"faces": {
				"north": {"uv": [8.125, 9.75, 8, 10.375], "texture": "#1"},
				"south": {"uv": [8, 9.75, 8.125, 10.375], "texture": "#1"}
			}
		},
		{
			"name": "se1_43",
			"from": [8.25, 4.625, 7.95],
			"to": [8.375, 5.25, 8.175],
			"rotation": {"angle": 0, "axis": "y", "origin": [0, -1, 8]},
			"faces": {
				"north": {"uv": [8.375, 9.75, 8.25, 10.375], "texture": "#1"},
				"south": {"uv": [8.25, 9.75, 8.375, 10.375], "texture": "#1"}
			}
		},
		{
			"name": "se1_44",
			"from": [7.625, 1.375, 8],
			"to": [7.75, 5.125, 8.125],
			"rotation": {"angle": 0, "axis": "y", "origin": [0, -1, 8]},
			"faces": {
				"north": {"uv": [7.75, 9.875, 7.625, 13.625], "texture": "#1"},
				"south": {"uv": [7.625, 9.875, 7.75, 13.625], "texture": "#1"},
				"west": {"uv": [7.625, 9.875, 7.75, 13.625], "texture": "#1"},
				"down": {"uv": [7.625, 13.5, 7.75, 13.625], "texture": "#1"}
			}
		},
		{
			"name": "se1_45",
			"from": [8.625, 1.375, 8],
			"to": [8.75, 5.125, 8.125],
			"rotation": {"angle": 0, "axis": "y", "origin": [0, -1, 8]},
			"faces": {
				"north": {"uv": [8.75, 9.875, 8.625, 13.625], "texture": "#1"},
				"east": {"uv": [8.625, 9.875, 8.75, 13.625], "texture": "#1"},
				"south": {"uv": [8.625, 9.875, 8.75, 13.625], "texture": "#1"},
				"down": {"uv": [8.625, 13.5, 8.75, 13.625], "texture": "#1"}
			}
		},
		{
			"name": "se1_46",
			"from": [7.75, 1.25, 8],
			"to": [7.875, 4.625, 8.125],
			"rotation": {"angle": 0, "axis": "y", "origin": [0, -1, 8]},
			"faces": {
				"north": {"uv": [7.875, 10.375, 7.75, 13.75], "texture": "#1"},
				"south": {"uv": [7.75, 10.375, 7.875, 13.75], "texture": "#1"},
				"west": {"uv": [7.75, 10.375, 7.875, 13.75], "texture": "#1"},
				"down": {"uv": [7.75, 13.625, 7.875, 13.75], "texture": "#1"}
			}
		},
		{
			"name": "se1_47",
			"from": [8.5, 1.25, 8],
			"to": [8.625, 4.625, 8.125],
			"rotation": {"angle": 0, "axis": "y", "origin": [0, -1, 8]},
			"faces": {
				"north": {"uv": [8.625, 10.375, 8.5, 13.75], "texture": "#1"},
				"east": {"uv": [8.5, 10.375, 8.625, 13.75], "texture": "#1"},
				"south": {"uv": [8.5, 10.375, 8.625, 13.75], "texture": "#1"},
				"down": {"uv": [8.5, 13.625, 8.625, 13.75], "texture": "#1"}
			}
		},
		{
			"name": "se1_48",
			"from": [7.5, 1.5, 8],
			"to": [7.625, 1.875, 8.125],
			"rotation": {"angle": 0, "axis": "y", "origin": [0, -1, 8]},
			"faces": {
				"north": {"uv": [7.625, 13.125, 7.5, 13.5], "texture": "#1"},
				"south": {"uv": [7.5, 13.125, 7.625, 13.5], "texture": "#1"},
				"west": {"uv": [7.5, 13.125, 7.625, 13.5], "texture": "#1"},
				"up": {"uv": [7.5, 13.125, 7.625, 13.25], "texture": "#1"},
				"down": {"uv": [7.5, 13.375, 7.625, 13.5], "texture": "#1"}
			}
		},
		{
			"name": "se1_49",
			"from": [8.75, 1.5, 8],
			"to": [8.875, 1.875, 8.125],
			"rotation": {"angle": 0, "axis": "y", "origin": [0, -1, 8]},
			"faces": {
				"north": {"uv": [8.875, 13.125, 8.75, 13.5], "texture": "#1"},
				"east": {"uv": [8.75, 13.125, 8.875, 13.5], "texture": "#1"},
				"south": {"uv": [8.75, 13.125, 8.875, 13.5], "texture": "#1"},
				"up": {"uv": [8.75, 13.125, 8.875, 13.25], "texture": "#1"},
				"down": {"uv": [8.75, 13.375, 8.875, 13.5], "texture": "#1"}
			}
		},
		{
			"name": "se1_50",
			"from": [7.875, 1.125, 8],
			"to": [8, 1.625, 8.125],
			"rotation": {"angle": 0, "axis": "y", "origin": [0, -1, 8]},
			"faces": {
				"north": {"uv": [8, 13.375, 7.875, 13.875], "texture": "#1"},
				"south": {"uv": [7.875, 13.375, 8, 13.875], "texture": "#1"},
				"west": {"uv": [7.875, 13.375, 8, 13.875], "texture": "#1"},
				"down": {"uv": [7.875, 13.75, 8, 13.875], "texture": "#1"}
			}
		},
		{
			"name": "se1_51",
			"from": [8.375, 1.125, 8],
			"to": [8.5, 1.625, 8.125],
			"rotation": {"angle": 0, "axis": "y", "origin": [0, -1, 8]},
			"faces": {
				"north": {"uv": [8.5, 13.375, 8.375, 13.875], "texture": "#1"},
				"east": {"uv": [8.375, 13.375, 8.5, 13.875], "texture": "#1"},
				"south": {"uv": [8.375, 13.375, 8.5, 13.875], "texture": "#1"},
				"down": {"uv": [8.375, 13.75, 8.5, 13.875], "texture": "#1"}
			}
		},
		{
			"name": "se1_52",
			"from": [8, 1.125, 8],
			"to": [8.375, 1.5, 8.125],
			"rotation": {"angle": 0, "axis": "y", "origin": [0, -1, 8]},
			"faces": {
				"north": {"uv": [8.375, 13.5, 8, 13.875], "texture": "#1"},
				"south": {"uv": [8, 13.5, 8.375, 13.875], "texture": "#1"},
				"down": {"uv": [8, 13.75, 8.375, 13.875], "texture": "#1"}
			}
		},
		{
			"name": "se2_0",
			"from": [7.5, 9.125, 7.85],
			"to": [7.75, 9.875, 8.275],
			"rotation": {"angle": 0, "axis": "y", "origin": [0, -1, 8]},
			"faces": {
				"north": {"uv": [7.75, 5.125, 7.5, 5.875], "texture": "#1"},
				"east": {"uv": [7.625, 5.125, 7.75, 5.875], "texture": "#1"},
				"south": {"uv": [7.5, 5.125, 7.75, 5.875], "texture": "#1"},
				"west": {"uv": [7.5, 5.125, 7.625, 5.875], "texture": "#1"},
				"up": {"uv": [7.5, 5.125, 7.75, 5.25], "texture": "#1"},
				"down": {"uv": [7.5, 5.75, 7.75, 5.875], "texture": "#1"}
			}
		},
		{
			"name": "se2_1",
			"from": [8.625, 9.125, 7.85],
			"to": [8.875, 9.875, 8.275],
			"rotation": {"angle": 0, "axis": "y", "origin": [0, -1, 8]},
			"faces": {
				"north": {"uv": [8.875, 5.125, 8.625, 5.875], "texture": "#1"},
				"east": {"uv": [8.75, 5.125, 8.875, 5.875], "texture": "#1"},
				"south": {"uv": [8.625, 5.125, 8.875, 5.875], "texture": "#1"},
				"west": {"uv": [8.625, 5.125, 8.75, 5.875], "texture": "#1"},
				"up": {"uv": [8.625, 5.125, 8.875, 5.25], "texture": "#1"},
				"down": {"uv": [8.625, 5.75, 8.875, 5.875], "texture": "#1"}
			}
		},
		{
			"name": "se2_2",
			"from": [7.75, 9, 7.85],
			"to": [7.875, 9.5, 8.275],
			"rotation": {"angle": 0, "axis": "y", "origin": [0, -1, 8]},
			"faces": {
				"north": {"uv": [7.875, 5.5, 7.75, 6], "texture": "#1"},
				"east": {"uv": [7.75, 5.5, 7.875, 6], "texture": "#1"},
				"south": {"uv": [7.75, 5.5, 7.875, 6], "texture": "#1"},
				"up": {"uv": [7.75, 5.5, 7.875, 5.625], "texture": "#1"},
				"down": {"uv": [7.75, 5.875, 7.875, 6], "texture": "#1"}
			}
		},
		{
			"name": "se2_3",
			"from": [8.5, 9, 7.85],
			"to": [8.625, 9.5, 8.275],
			"rotation": {"angle": 0, "axis": "y", "origin": [0, -1, 8]},
			"faces": {
				"north": {"uv": [8.625, 5.5, 8.5, 6], "texture": "#1"},
				"south": {"uv": [8.5, 5.5, 8.625, 6], "texture": "#1"},
				"west": {"uv": [8.5, 5.5, 8.625, 6], "texture": "#1"},
				"up": {"uv": [8.5, 5.5, 8.625, 5.625], "texture": "#1"},
				"down": {"uv": [8.5, 5.875, 8.625, 6], "texture": "#1"}
			}
		},
		{
			"name": "se2_4",
			"from": [7.375, 9.125, 7.85],
			"to": [7.5, 9.375, 8.275],
			"rotation": {"angle": 0, "axis": "y", "origin": [0, -1, 8]},
			"faces": {
				"north": {"uv": [7.5, 5.625, 7.375, 5.875], "texture": "#1"},
				"south": {"uv": [7.375, 5.625, 7.5, 5.875], "texture": "#1"},
				"west": {"uv": [7.375, 5.625, 7.5, 5.875], "texture": "#1"},
				"up": {"uv": [7.375, 5.625, 7.5, 5.75], "texture": "#1"},
				"down": {"uv": [7.375, 5.75, 7.5, 5.875], "texture": "#1"}
			}
		},
		{
			"name": "se2_5",
			"from": [7.875, 8.875, 7.85],
			"to": [8.5, 9.375, 8.275],
			"rotation": {"angle": 0, "axis": "y", "origin": [0, -1, 8]},
			"faces": {
				"north": {"uv": [8.5, 5.625, 7.875, 6.125], "texture": "#1"},
				"east": {"uv": [8.375, 5.625, 8.5, 6.125], "texture": "#1"},
				"south": {"uv": [7.875, 5.625, 8.5, 6.125], "texture": "#1"},
				"west": {"uv": [7.875, 5.625, 8, 6.125], "texture": "#1"},
				"up": {"uv": [7.875, 5.625, 8.5, 5.75], "texture": "#1"},
				"down": {"uv": [7.875, 6, 8.5, 6.125], "texture": "#1"}
			}
		},
		{
			"name": "se2_6",
			"from": [8.875, 9.125, 7.85],
			"to": [9, 9.375, 8.275],
			"rotation": {"angle": 0, "axis": "y", "origin": [0, -1, 8]},
			"faces": {
				"north": {"uv": [9, 5.625, 8.875, 5.875], "texture": "#1"},
				"east": {"uv": [8.875, 5.625, 9, 5.875], "texture": "#1"},
				"south": {"uv": [8.875, 5.625, 9, 5.875], "texture": "#1"},
				"up": {"uv": [8.875, 5.625, 9, 5.75], "texture": "#1"},
				"down": {"uv": [8.875, 5.75, 9, 5.875], "texture": "#1"}
			}
		},
		{
			"name": "se2_7",
			"from": [7.625, 9, 7.85],
			"to": [7.75, 9.125, 8.275],
			"rotation": {"angle": 0, "axis": "y", "origin": [0, -1, 8]},
			"faces": {
				"north": {"uv": [7.75, 5.875, 7.625, 6], "texture": "#1"},
				"south": {"uv": [7.625, 5.875, 7.75, 6], "texture": "#1"},
				"west": {"uv": [7.625, 5.875, 7.75, 6], "texture": "#1"},
				"down": {"uv": [7.625, 5.875, 7.75, 6], "texture": "#1"}
			}
		},
		{
			"name": "se2_8",
			"from": [8.625, 9, 7.85],
			"to": [8.75, 9.125, 8.275],
			"rotation": {"angle": 0, "axis": "y", "origin": [0, -1, 8]},
			"faces": {
				"north": {"uv": [8.75, 5.875, 8.625, 6], "texture": "#1"},
				"east": {"uv": [8.625, 5.875, 8.75, 6], "texture": "#1"},
				"south": {"uv": [8.625, 5.875, 8.75, 6], "texture": "#1"},
				"down": {"uv": [8.625, 5.875, 8.75, 6], "texture": "#1"}
			}
		},
		{
			"name": "se2_9",
			"from": [8, 8.625, 7.85],
			"to": [8.375, 8.875, 8.275],
			"rotation": {"angle": 0, "axis": "y", "origin": [0, -1, 8]},
			"faces": {
				"north": {"uv": [8.375, 6.125, 8, 6.375], "texture": "#1"},
				"east": {"uv": [8.25, 6.125, 8.375, 6.375], "texture": "#1"},
				"south": {"uv": [8, 6.125, 8.375, 6.375], "texture": "#1"},
				"west": {"uv": [8, 6.125, 8.125, 6.375], "texture": "#1"}
			}
		},
		{
			"name": "se2_10",
			"from": [8, 6.625, 7.9],
			"to": [8.375, 8.375, 8.225],
			"rotation": {"angle": 0, "axis": "y", "origin": [0, -1, 8]},
			"faces": {
				"north": {"uv": [8.375, 6.625, 8, 8.375], "texture": "#1"},
				"east": {"uv": [8.25, 6.625, 8.375, 8.375], "texture": "#1"},
				"south": {"uv": [8, 6.625, 8.375, 8.375], "texture": "#1"},
				"west": {"uv": [8, 6.625, 8.125, 8.375], "texture": "#1"}
			}
		},
		{
			"name": "se2_11",
			"from": [8, 5.625, 7.85],
			"to": [8.375, 6.375, 8.275],
			"rotation": {"angle": 0, "axis": "y", "origin": [0, -1, 8]},
			"faces": {
				"north": {"uv": [8.375, 8.625, 8, 9.375], "texture": "#1"},
				"east": {"uv": [8.25, 8.625, 8.375, 9.375], "texture": "#1"},
				"south": {"uv": [8, 8.625, 8.375, 9.375], "texture": "#1"},
				"west": {"uv": [8, 8.625, 8.125, 9.375], "texture": "#1"},
				"down": {"uv": [8, 9.25, 8.375, 9.375], "texture": "#1"}
			}
		},
		{
			"name": "se2_12",
			"from": [7.875, 5.625, 7.85],
			"to": [8, 6.125, 8.275],
			"rotation": {"angle": 0, "axis": "y", "origin": [0, -1, 8]},
			"faces": {
				"north": {"uv": [8, 8.875, 7.875, 9.375], "texture": "#1"},
				"south": {"uv": [7.875, 8.875, 8, 9.375], "texture": "#1"},
				"west": {"uv": [7.875, 8.875, 8, 9.375], "texture": "#1"},
				"up": {"uv": [7.875, 8.875, 8, 9], "texture": "#1"},
				"down": {"uv": [7.875, 9.25, 8, 9.375], "texture": "#1"}
			}
		},
		{
			"name": "se2_13",
			"from": [8.375, 5.625, 7.85],
			"to": [8.5, 6.125, 8.275],
			"rotation": {"angle": 0, "axis": "y", "origin": [0, -1, 8]},
			"faces": {
				"north": {"uv": [8.5, 8.875, 8.375, 9.375], "texture": "#1"},
				"east": {"uv": [8.375, 8.875, 8.5, 9.375], "texture": "#1"},
				"south": {"uv": [8.375, 8.875, 8.5, 9.375], "texture": "#1"},
				"up": {"uv": [8.375, 8.875, 8.5, 9], "texture": "#1"},
				"down": {"uv": [8.375, 9.25, 8.5, 9.375], "texture": "#1"}
			}
		},
		{
			"name": "se2_14",
			"from": [7.625, 5.5, 7.85],
			"to": [7.875, 6, 8.275],
			"rotation": {"angle": 0, "axis": "y", "origin": [0, -1, 8]},
			"faces": {
				"north": {"uv": [7.875, 9, 7.625, 9.5], "texture": "#1"},
				"east": {"uv": [7.75, 9, 7.875, 9.5], "texture": "#1"},
				"south": {"uv": [7.625, 9, 7.875, 9.5], "texture": "#1"},
				"west": {"uv": [7.625, 9, 7.75, 9.5], "texture": "#1"},
				"up": {"uv": [7.625, 9, 7.875, 9.125], "texture": "#1"},
				"down": {"uv": [7.625, 9.375, 7.875, 9.5], "texture": "#1"}
			}
		},
		{
			"name": "se2_15",
			"from": [8.5, 5.5, 7.85],
			"to": [8.75, 6, 8.275],
			"rotation": {"angle": 0, "axis": "y", "origin": [0, -1, 8]},
			"faces": {
				"north": {"uv": [8.75, 9, 8.5, 9.5], "texture": "#1"},
				"east": {"uv": [8.625, 9, 8.75, 9.5], "texture": "#1"},
				"south": {"uv": [8.5, 9, 8.75, 9.5], "texture": "#1"},
				"west": {"uv": [8.5, 9, 8.625, 9.5], "texture": "#1"},
				"up": {"uv": [8.5, 9, 8.75, 9.125], "texture": "#1"},
				"down": {"uv": [8.5, 9.375, 8.75, 9.5], "texture": "#1"}
			}
		},
		{
			"name": "se2_16",
			"from": [7.375, 5.625, 7.85],
			"to": [7.625, 5.875, 8.275],
			"rotation": {"angle": 0, "axis": "y", "origin": [0, -1, 8]},
			"faces": {
				"north": {"uv": [7.625, 9.125, 7.375, 9.375], "texture": "#1"},
				"south": {"uv": [7.375, 9.125, 7.625, 9.375], "texture": "#1"},
				"west": {"uv": [7.375, 9.125, 7.5, 9.375], "texture": "#1"},
				"up": {"uv": [7.375, 9.125, 7.625, 9.25], "texture": "#1"},
				"down": {"uv": [7.375, 9.25, 7.625, 9.375], "texture": "#1"}
			}
		},
		{
			"name": "se2_17",
			"from": [8.75, 5.625, 7.85],
			"to": [9, 5.875, 8.275],
			"rotation": {"angle": 0, "axis": "y", "origin": [0, -1, 8]},
			"faces": {
				"north": {"uv": [9, 9.125, 8.75, 9.375], "texture": "#1"},
				"east": {"uv": [8.875, 9.125, 9, 9.375], "texture": "#1"},
				"south": {"uv": [8.75, 9.125, 9, 9.375], "texture": "#1"},
				"up": {"uv": [8.75, 9.125, 9, 9.25], "texture": "#1"},
				"down": {"uv": [8.75, 9.25, 9, 9.375], "texture": "#1"}
			}
		},
		{
			"name": "se2_18",
			"from": [7.5, 5.125, 7.85],
			"to": [7.625, 5.625, 8.275],
			"rotation": {"angle": 0, "axis": "y", "origin": [0, -1, 8]},
			"faces": {
				"north": {"uv": [7.625, 9.375, 7.5, 9.875], "texture": "#1"},
				"south": {"uv": [7.5, 9.375, 7.625, 9.875], "texture": "#1"},
				"west": {"uv": [7.5, 9.375, 7.625, 9.875], "texture": "#1"},
				"down": {"uv": [7.5, 9.75, 7.625, 9.875], "texture": "#1"}
			}
		},
		{
			"name": "se2_19",
			"from": [8.75, 5.125, 7.85],
			"to": [8.875, 5.625, 8.275],
			"rotation": {"angle": 0, "axis": "y", "origin": [0, -1, 8]},
			"faces": {
				"north": {"uv": [8.875, 9.375, 8.75, 9.875], "texture": "#1"},
				"east": {"uv": [8.75, 9.375, 8.875, 9.875], "texture": "#1"},
				"south": {"uv": [8.75, 9.375, 8.875, 9.875], "texture": "#1"},
				"down": {"uv": [8.75, 9.75, 8.875, 9.875], "texture": "#1"}
			}
		},
		{
			"name": "se2_20",
			"from": [7.625, 5.125, 7.85],
			"to": [7.75, 5.5, 8.275],
			"rotation": {"angle": 0, "axis": "y", "origin": [0, -1, 8]},
			"faces": {
				"north": {"uv": [7.75, 9.5, 7.625, 9.875], "texture": "#1"},
				"east": {"uv": [7.625, 9.5, 7.75, 9.875], "texture": "#1"},
				"south": {"uv": [7.625, 9.5, 7.75, 9.875], "texture": "#1"},
				"down": {"uv": [7.625, 9.75, 7.75, 9.875], "texture": "#1"}
			}
		},
		{
			"name": "se2_21",
			"from": [8.625, 5.125, 7.85],
			"to": [8.75, 5.5, 8.275],
			"rotation": {"angle": 0, "axis": "y", "origin": [0, -1, 8]},
			"faces": {
				"north": {"uv": [8.75, 9.5, 8.625, 9.875], "texture": "#1"},
				"south": {"uv": [8.625, 9.5, 8.75, 9.875], "texture": "#1"},
				"west": {"uv": [8.625, 9.5, 8.75, 9.875], "texture": "#1"},
				"down": {"uv": [8.625, 9.75, 8.75, 9.875], "texture": "#1"}
			}
		},
		{
			"name": "se3_0",
			"from": [8, 10.375, 7.9],
			"to": [8.375, 10.5, 8.225],
			"rotation": {"angle": 0, "axis": "y", "origin": [0, -1, 8]},
			"faces": {
				"north": {"uv": [8.375, 4.5, 8, 4.625], "texture": "#1"},
				"east": {"uv": [8.25, 4.5, 8.375, 4.625], "texture": "#1"},
				"south": {"uv": [8, 4.5, 8.375, 4.625], "texture": "#1"},
				"west": {"uv": [8, 4.5, 8.125, 4.625], "texture": "#1"},
				"up": {"uv": [8, 4.5, 8.375, 4.625], "texture": "#1"},
				"down": {"uv": [8, 4.5, 8.375, 4.625], "texture": "#1"}
			}
		},
		{
			"name": "se3_1",
			"from": [7.875, 9.375, 7.9],
			"to": [8, 10.375, 8.225],
			"rotation": {"angle": 0, "axis": "y", "origin": [0, -1, 8]},
			"faces": {
				"north": {"uv": [8, 4.625, 7.875, 5.625], "texture": "#1"},
				"east": {"uv": [7.875, 4.625, 8, 5.625], "texture": "#1"},
				"south": {"uv": [7.875, 4.625, 8, 5.625], "texture": "#1"},
				"west": {"uv": [7.875, 4.625, 8, 5.625], "texture": "#1"},
				"up": {"uv": [7.875, 4.625, 8, 4.75], "texture": "#1"}
			}
		},
		{
			"name": "se3_2",
			"from": [8.375, 9.375, 7.9],
			"to": [8.5, 10.375, 8.225],
			"rotation": {"angle": 0, "axis": "y", "origin": [0, -1, 8]},
			"faces": {
				"north": {"uv": [8.5, 4.625, 8.375, 5.625], "texture": "#1"},
				"east": {"uv": [8.375, 4.625, 8.5, 5.625], "texture": "#1"},
				"south": {"uv": [8.375, 4.625, 8.5, 5.625], "texture": "#1"},
				"west": {"uv": [8.375, 4.625, 8.5, 5.625], "texture": "#1"},
				"up": {"uv": [8.375, 4.625, 8.5, 4.75], "texture": "#1"}
			}
		},
		{
			"name": "se3_3",
			"from": [8, 9.375, 7.9],
			"to": [8.125, 9.75, 8.225],
			"rotation": {"angle": 0, "axis": "y", "origin": [0, -1, 8]},
			"faces": {
				"north": {"uv": [8.125, 5.25, 8, 5.625], "texture": "#1"},
				"east": {"uv": [8, 5.25, 8.125, 5.625], "texture": "#1"},
				"south": {"uv": [8, 5.25, 8.125, 5.625], "texture": "#1"},
				"up": {"uv": [8, 5.25, 8.125, 5.375], "texture": "#1"}
			}
		},
		{
			"name": "se3_4",
			"from": [8.25, 9.375, 7.9],
			"to": [8.375, 9.75, 8.225],
			"rotation": {"angle": 0, "axis": "y", "origin": [0, -1, 8]},
			"faces": {
				"north": {"uv": [8.375, 5.25, 8.25, 5.625], "texture": "#1"},
				"south": {"uv": [8.25, 5.25, 8.375, 5.625], "texture": "#1"},
				"west": {"uv": [8.25, 5.25, 8.375, 5.625], "texture": "#1"},
				"up": {"uv": [8.25, 5.25, 8.375, 5.375], "texture": "#1"}
			}
		},
		{
			"name": "se3_5",
			"from": [8.125, 9.375, 7.9],
			"to": [8.25, 9.625, 8.225],
			"rotation": {"angle": 0, "axis": "y", "origin": [0, -1, 8]},
			"faces": {
				"north": {"uv": [8.25, 5.375, 8.125, 5.625], "texture": "#1"},
				"south": {"uv": [8.125, 5.375, 8.25, 5.625], "texture": "#1"},
				"up": {"uv": [8.125, 5.375, 8.25, 5.5], "texture": "#1"}
			}
		},
		{
			"name": "se3_6",
			"from": [7.875, 5.375, 7.9],
			"to": [8.5, 5.625, 8.225],
			"rotation": {"angle": 0, "axis": "y", "origin": [0, -1, 8]},
			"faces": {
				"north": {"uv": [8.5, 9.375, 7.875, 9.625], "texture": "#1"},
				"east": {"uv": [8.375, 9.375, 8.5, 9.625], "texture": "#1"},
				"south": {"uv": [7.875, 9.375, 8.5, 9.625], "texture": "#1"},
				"west": {"uv": [7.875, 9.375, 8, 9.625], "texture": "#1"},
				"down": {"uv": [7.875, 9.5, 8.5, 9.625], "texture": "#1"}
			}
		},
		{
			"name": "se3_7",
			"from": [7.875, 5.25, 7.9],
			"to": [8.125, 5.375, 8.225],
			"rotation": {"angle": 0, "axis": "y", "origin": [0, -1, 8]},
			"faces": {
				"north": {"uv": [8.125, 9.625, 7.875, 9.75], "texture": "#1"},
				"east": {"uv": [8, 9.625, 8.125, 9.75], "texture": "#1"},
				"south": {"uv": [7.875, 9.625, 8.125, 9.75], "texture": "#1"},
				"west": {"uv": [7.875, 9.625, 8, 9.75], "texture": "#1"},
				"down": {"uv": [7.875, 9.625, 8.125, 9.75], "texture": "#1"}
			}
		},
		{
			"name": "se3_8",
			"from": [8.25, 5.25, 7.9],
			"to": [8.5, 5.375, 8.225],
			"rotation": {"angle": 0, "axis": "y", "origin": [0, -1, 8]},
			"faces": {
				"north": {"uv": [8.5, 9.625, 8.25, 9.75], "texture": "#1"},
				"east": {"uv": [8.375, 9.625, 8.5, 9.75], "texture": "#1"},
				"south": {"uv": [8.25, 9.625, 8.5, 9.75], "texture": "#1"},
				"west": {"uv": [8.25, 9.625, 8.375, 9.75], "texture": "#1"},
				"down": {"uv": [8.25, 9.625, 8.5, 9.75], "texture": "#1"}
			}
		},
		{
			"name": "se3_9",
			"from": [7.875, 4.625, 7.9],
			"to": [8, 5.25, 8.225],
			"rotation": {"angle": 0, "axis": "y", "origin": [0, -1, 8]},
			"faces": {
				"north": {"uv": [8, 9.75, 7.875, 10.375], "texture": "#1"},
				"east": {"uv": [7.875, 9.75, 8, 10.375], "texture": "#1"},
				"south": {"uv": [7.875, 9.75, 8, 10.375], "texture": "#1"},
				"west": {"uv": [7.875, 9.75, 8, 10.375], "texture": "#1"},
				"down": {"uv": [7.875, 10.25, 8, 10.375], "texture": "#1"}
			}
		},
		{
			"name": "se3_10",
			"from": [8.375, 4.625, 7.9],
			"to": [8.5, 5.25, 8.225],
			"rotation": {"angle": 0, "axis": "y", "origin": [0, -1, 8]},
			"faces": {
				"north": {"uv": [8.5, 9.75, 8.375, 10.375], "texture": "#1"},
				"east": {"uv": [8.375, 9.75, 8.5, 10.375], "texture": "#1"},
				"south": {"uv": [8.375, 9.75, 8.5, 10.375], "texture": "#1"},
				"west": {"uv": [8.375, 9.75, 8.5, 10.375], "texture": "#1"},
				"down": {"uv": [8.375, 10.25, 8.5, 10.375], "texture": "#1"}
			}
		},
		{
			"name": "se3_11",
			"from": [8, 4.5, 7.9],
			"to": [8.375, 4.625, 8.225],
			"rotation": {"angle": 0, "axis": "y", "origin": [0, -1, 8]},
			"faces": {
				"north": {"uv": [8.375, 10.375, 8, 10.5], "texture": "#1"},
				"east": {"uv": [8.25, 10.375, 8.375, 10.5], "texture": "#1"},
				"south": {"uv": [8, 10.375, 8.375, 10.5], "texture": "#1"},
				"west": {"uv": [8, 10.375, 8.125, 10.5], "texture": "#1"},
				"up": {"uv": [8, 10.375, 8.375, 10.5], "texture": "#1"},
				"down": {"uv": [8, 10.375, 8.375, 10.5], "texture": "#1"}
			}
		},
		{
			"name": "se4_0",
			"from": [8, 13.375, 7.95],
			"to": [8.375, 13.5, 8.175],
			"rotation": {"angle": 0, "axis": "y", "origin": [0, -1, 8]},
			"faces": {
				"north": {"uv": [8.375, 1.5, 8, 1.625], "texture": "#1"},
				"east": {"uv": [8.25, 1.5, 8.375, 1.625], "texture": "#1"},
				"south": {"uv": [8, 1.5, 8.375, 1.625], "texture": "#1"},
				"west": {"uv": [8, 1.5, 8.125, 1.625], "texture": "#1"},
				"up": {"uv": [8, 1.5, 8.375, 1.625], "texture": "#1"},
				"down": {"uv": [8, 1.5, 8.375, 1.625], "texture": "#1"}
			}
		},
		{
			"name": "se4_1",
			"from": [7.875, 13.25, 7.95],
			"to": [8.125, 13.375, 8.175],
			"rotation": {"angle": 0, "axis": "y", "origin": [0, -1, 8]},
			"faces": {
				"north": {"uv": [8.125, 1.625, 7.875, 1.75], "texture": "#1"},
				"east": {"uv": [8, 1.625, 8.125, 1.75], "texture": "#1"},
				"south": {"uv": [7.875, 1.625, 8.125, 1.75], "texture": "#1"},
				"west": {"uv": [7.875, 1.625, 8, 1.75], "texture": "#1"},
				"up": {"uv": [7.875, 1.625, 8.125, 1.75], "texture": "#1"},
				"down": {"uv": [7.875, 1.625, 8.125, 1.75], "texture": "#1"}
			}
		},
		{
			"name": "se4_2",
			"from": [8.25, 13.25, 7.95],
			"to": [8.5, 13.375, 8.175],
			"rotation": {"angle": 0, "axis": "y", "origin": [0, -1, 8]},
			"faces": {
				"north": {"uv": [8.5, 1.625, 8.25, 1.75], "texture": "#1"},
				"east": {"uv": [8.375, 1.625, 8.5, 1.75], "texture": "#1"},
				"south": {"uv": [8.25, 1.625, 8.5, 1.75], "texture": "#1"},
				"west": {"uv": [8.25, 1.625, 8.375, 1.75], "texture": "#1"},
				"up": {"uv": [8.25, 1.625, 8.5, 1.75], "texture": "#1"},
				"down": {"uv": [8.25, 1.625, 8.5, 1.75], "texture": "#1"}
			}
		},
		{
			"name": "se4_3",
			"from": [7.875, 10.375, 7.95],
			"to": [8, 13.25, 8.175],
			"rotation": {"angle": 0, "axis": "y", "origin": [0, -1, 8]},
			"faces": {
				"north": {"uv": [8, 1.75, 7.875, 4.625], "texture": "#1"},
				"east": {"uv": [7.875, 1.75, 8, 4.625], "texture": "#1"},
				"south": {"uv": [7.875, 1.75, 8, 4.625], "texture": "#1"},
				"west": {"uv": [7.875, 1.75, 8, 4.625], "texture": "#1"}
			}
		},
		{
			"name": "se4_4",
			"from": [8.375, 10.375, 7.95],
			"to": [8.5, 13.25, 8.175],
			"rotation": {"angle": 0, "axis": "y", "origin": [0, -1, 8]},
			"faces": {
				"north": {"uv": [8.5, 1.75, 8.375, 4.625], "texture": "#1"},
				"east": {"uv": [8.375, 1.75, 8.5, 4.625], "texture": "#1"},
				"south": {"uv": [8.375, 1.75, 8.5, 4.625], "texture": "#1"},
				"west": {"uv": [8.375, 1.75, 8.5, 4.625], "texture": "#1"}
			}
		},
		{
			"name": "se4_5",
			"from": [8, 10.5, 7.95],
			"to": [8.125, 11.75, 8.175],
			"rotation": {"angle": 0, "axis": "y", "origin": [0, -1, 8]},
			"faces": {
				"north": {"uv": [8.125, 3.25, 8, 4.5], "texture": "#1"},
				"east": {"uv": [8, 3.25, 8.125, 4.5], "texture": "#1"},
				"south": {"uv": [8, 3.25, 8.125, 4.5], "texture": "#1"},
				"up": {"uv": [8, 3.25, 8.125, 3.375], "texture": "#1"}
			}
		},
		{
			"name": "se4_6",
			"from": [8.25, 10.5, 7.95],
			"to": [8.375, 11.75, 8.175],
			"rotation": {"angle": 0, "axis": "y", "origin": [0, -1, 8]},
			"faces": {
				"north": {"uv": [8.375, 3.25, 8.25, 4.5], "texture": "#1"},
				"south": {"uv": [8.25, 3.25, 8.375, 4.5], "texture": "#1"},
				"west": {"uv": [8.25, 3.25, 8.375, 4.5], "texture": "#1"},
				"up": {"uv": [8.25, 3.25, 8.375, 3.375], "texture": "#1"}
			}
		},
		{
			"name": "se4_7",
			"from": [8.125, 10.5, 7.95],
			"to": [8.25, 11.125, 8.175],
			"rotation": {"angle": 0, "axis": "y", "origin": [0, -1, 8]},
			"faces": {
				"north": {"uv": [8.25, 3.875, 8.125, 4.5], "texture": "#1"},
				"south": {"uv": [8.125, 3.875, 8.25, 4.5], "texture": "#1"},
				"up": {"uv": [8.125, 3.875, 8.25, 4], "texture": "#1"}
			}
		},
		{
			"name": "se4_8",
			"from": [7.75, 9.5, 7.95],
			"to": [7.875, 10.375, 8.175],
			"rotation": {"angle": 0, "axis": "y", "origin": [0, -1, 8]},
			"faces": {
				"north": {"uv": [7.875, 4.625, 7.75, 5.5], "texture": "#1"},
				"south": {"uv": [7.75, 4.625, 7.875, 5.5], "texture": "#1"},
				"west": {"uv": [7.75, 4.625, 7.875, 5.5], "texture": "#1"},
				"up": {"uv": [7.75, 4.625, 7.875, 4.75], "texture": "#1"}
			}
		},
		{
			"name": "se4_9",
			"from": [8.5, 9.5, 7.95],
			"to": [8.625, 10.375, 8.175],
			"rotation": {"angle": 0, "axis": "y", "origin": [0, -1, 8]},
			"faces": {
				"north": {"uv": [8.625, 4.625, 8.5, 5.5], "texture": "#1"},
				"east": {"uv": [8.5, 4.625, 8.625, 5.5], "texture": "#1"},
				"south": {"uv": [8.5, 4.625, 8.625, 5.5], "texture": "#1"},
				"up": {"uv": [8.5, 4.625, 8.625, 4.75], "texture": "#1"}
			}
		},
		{
			"name": "se4_10",
			"from": [7.75, 4.625, 7.95],
			"to": [7.875, 5.5, 8.175],
			"rotation": {"angle": 0, "axis": "y", "origin": [0, -1, 8]},
			"faces": {
				"north": {"uv": [7.875, 9.5, 7.75, 10.375], "texture": "#1"},
				"south": {"uv": [7.75, 9.5, 7.875, 10.375], "texture": "#1"},
				"west": {"uv": [7.75, 9.5, 7.875, 10.375], "texture": "#1"},
				"down": {"uv": [7.75, 10.25, 7.875, 10.375], "texture": "#1"}
			}
		},
		{
			"name": "se4_11",
			"from": [8.5, 4.625, 7.95],
			"to": [8.625, 5.5, 8.175],
			"rotation": {"angle": 0, "axis": "y", "origin": [0, -1, 8]},
			"faces": {
				"north": {"uv": [8.625, 9.5, 8.5, 10.375], "texture": "#1"},
				"east": {"uv": [8.5, 9.5, 8.625, 10.375], "texture": "#1"},
				"south": {"uv": [8.5, 9.5, 8.625, 10.375], "texture": "#1"},
				"down": {"uv": [8.5, 10.25, 8.625, 10.375], "texture": "#1"}
			}
		},
		{
			"name": "se4_12",
			"from": [7.875, 1.625, 7.95],
			"to": [8, 4.625, 8.175],
			"rotation": {"angle": 0, "axis": "y", "origin": [0, -1, 8]},
			"faces": {
				"north": {"uv": [8, 10.375, 7.875, 13.375], "texture": "#1"},
				"east": {"uv": [7.875, 10.375, 8, 13.375], "texture": "#1"},
				"south": {"uv": [7.875, 10.375, 8, 13.375], "texture": "#1"},
				"west": {"uv": [7.875, 10.375, 8, 13.375], "texture": "#1"},
				"down": {"uv": [7.875, 13.25, 8, 13.375], "texture": "#1"}
			}
		},
		{
			"name": "se4_13",
			"from": [8.375, 1.625, 7.95],
			"to": [8.5, 4.625, 8.175],
			"rotation": {"angle": 0, "axis": "y", "origin": [0, -1, 8]},
			"faces": {
				"north": {"uv": [8.5, 10.375, 8.375, 13.375], "texture": "#1"},
				"east": {"uv": [8.375, 10.375, 8.5, 13.375], "texture": "#1"},
				"south": {"uv": [8.375, 10.375, 8.5, 13.375], "texture": "#1"},
				"west": {"uv": [8.375, 10.375, 8.5, 13.375], "texture": "#1"},
				"down": {"uv": [8.375, 13.25, 8.5, 13.375], "texture": "#1"}
			}
		},
		{
			"name": "se4_14",
			"from": [8, 3.875, 7.95],
			"to": [8.375, 4.5, 8.175],
			"rotation": {"angle": 0, "axis": "y", "origin": [0, -1, 8]},
			"faces": {
				"north": {"uv": [8.375, 10.5, 8, 11.125], "texture": "#1"},
				"south": {"uv": [8, 10.5, 8.375, 11.125], "texture": "#1"},
				"down": {"uv": [8, 11, 8.375, 11.125], "texture": "#1"}
			}
		},
		{
			"name": "se4_15",
			"from": [8, 3.25, 7.95],
			"to": [8.125, 3.875, 8.175],
			"rotation": {"angle": 0, "axis": "y", "origin": [0, -1, 8]},
			"faces": {
				"north": {"uv": [8.125, 11.125, 8, 11.75], "texture": "#1"},
				"east": {"uv": [8, 11.125, 8.125, 11.75], "texture": "#1"},
				"south": {"uv": [8, 11.125, 8.125, 11.75], "texture": "#1"},
				"down": {"uv": [8, 11.625, 8.125, 11.75], "texture": "#1"}
			}
		},
		{
			"name": "se4_16",
			"from": [8.25, 3.25, 7.95],
			"to": [8.375, 3.875, 8.175],
			"rotation": {"angle": 0, "axis": "y", "origin": [0, -1, 8]},
			"faces": {
				"north": {"uv": [8.375, 11.125, 8.25, 11.75], "texture": "#1"},
				"south": {"uv": [8.25, 11.125, 8.375, 11.75], "texture": "#1"},
				"west": {"uv": [8.25, 11.125, 8.375, 11.75], "texture": "#1"},
				"down": {"uv": [8.25, 11.625, 8.375, 11.75], "texture": "#1"}
			}
		},
		{
			"name": "se4_17",
			"from": [8, 1.5, 7.95],
			"to": [8.125, 1.75, 8.175],
			"rotation": {"angle": 0, "axis": "y", "origin": [0, -1, 8]},
			"faces": {
				"north": {"uv": [8.125, 13.25, 8, 13.5], "texture": "#1"},
				"east": {"uv": [8, 13.25, 8.125, 13.5], "texture": "#1"},
				"south": {"uv": [8, 13.25, 8.125, 13.5], "texture": "#1"},
				"west": {"uv": [8, 13.25, 8.125, 13.5], "texture": "#1"},
				"up": {"uv": [8, 13.25, 8.125, 13.375], "texture": "#1"},
				"down": {"uv": [8, 13.375, 8.125, 13.5], "texture": "#1"}
			}
		},
		{
			"name": "se4_18",
			"from": [8.25, 1.5, 7.95],
			"to": [8.375, 1.75, 8.175],
			"rotation": {"angle": 0, "axis": "y", "origin": [0, -1, 8]},
			"faces": {
				"north": {"uv": [8.375, 13.25, 8.25, 13.5], "texture": "#1"},
				"east": {"uv": [8.25, 13.25, 8.375, 13.5], "texture": "#1"},
				"south": {"uv": [8.25, 13.25, 8.375, 13.5], "texture": "#1"},
				"west": {"uv": [8.25, 13.25, 8.375, 13.5], "texture": "#1"},
				"up": {"uv": [8.25, 13.25, 8.375, 13.375], "texture": "#1"},
				"down": {"uv": [8.25, 13.375, 8.375, 13.5], "texture": "#1"}
			}
		},
		{
			"name": "se4_19",
			"from": [8.125, 1.5, 7.95],
			"to": [8.25, 1.625, 8.175],
			"rotation": {"angle": 0, "axis": "y", "origin": [0, -1, 8]},
			"faces": {
				"north": {"uv": [8.25, 13.375, 8.125, 13.5], "texture": "#1"},
				"south": {"uv": [8.125, 13.375, 8.25, 13.5], "texture": "#1"},
				"up": {"uv": [8.125, 13.375, 8.25, 13.5], "texture": "#1"},
				"down": {"uv": [8.125, 13.375, 8.25, 13.5], "texture": "#1"}
			}
		},
		{
			"from": [3.9, 11.7, 8.07],
			"to": [8.9, 16.7, 8.07],
			"rotation": {"angle": -45, "axis": "z", "origin": [3.9, 10.7, 8.1]},
			"faces": {
				"north": {"uv": [0, 0, 16, 16], "texture": "#4"},
				"south": {"uv": [16, 0, 0, 16], "texture": "#4"}
			}
		},
		{
			"from": [3.9, 2.7, 8.07],
			"to": [8.9, 7.7, 8.07],
			"rotation": {"angle": -45, "axis": "z", "origin": [3.9, 1.7, 8.1]},
			"faces": {
				"north": {"uv": [0, 0, 16, 16], "texture": "#4"},
				"south": {"uv": [16, 0, 0, 16], "texture": "#4"}
			}
		}
	],
	"gui_light": "front",
	"display": {
		"thirdperson_righthand": {
			"rotation": [0, 90, 0],
			"translation": [-0.25, -0.25, 2],
			"scale": [3.15, 3.15, 2.5]
		},
		"thirdperson_lefthand": {
			"rotation": [0, -90, 0],
			"translation": [-0.25, -0.25, 2],
			"scale": [3.15, 3.15, 2.5]
		},
		"firstperson_righthand": {
			"rotation": [8, -90, 0],
			"translation": [0, 1.5, 1.5],
			"scale": [2.1, 2.1, 2]
		},
		"firstperson_lefthand": {
			"rotation": [8, 90, 0],
			"translation": [0, 1.5, 1.5],
			"scale": [2.1, 2.1, 2]
		},
		"ground": {
			"translation": [0, 7, 0],
			"scale": [2, 2, 2]
		},
		"gui": {
			"rotation": [0, 0, -43],
			"translation": [0.75, 0, 0],
			"scale": [2.3, 2.3, 2]
		},
		"head": {
			"rotation": [0, 0, 144],
			"translation": [-1.25, -17.25, 3.75],
			"scale": [4, 4, 3.75]
		},
		"fixed": {
			"rotation": [0, 180, -42],
			"translation": [-3.5, 3.25, -0.75],
			"scale": [3.8, 3.8, 2.5]
		}
	},
	"groups": [
		{
			"name": "se1",
			"origin": [8, 8, 8],
			"color": 0,
			"nbt": "{}",
			"children": [
				0,
				1,
				2,
				3,
				4,
				5,
				6,
				7,
				8,
				9,
				10,
				11,
				12,
				13,
				14,
				15,
				16,
				17,
				18,
				19,
				20,
				21,
				22,
				23,
				24,
				25,
				26,
				27,
				28,
				29,
				30,
				31,
				32,
				33,
				34,
				35,
				36,
				37,
				38,
				39,
				40,
				41,
				42,
				43,
				44,
				45,
				46,
				47,
				48,
				49,
				50,
				51,
				52
			]
		},
		{
			"name": "se2",
			"origin": [8, 8, 8],
			"color": 0,
			"nbt": "{}",
			"children": [53, 54, 55, 56, 57, 58, 59, 60, 61, 62, 63, 64, 65, 66, 67, 68, 69, 70, 71, 72, 73, 74]
		},
		{
			"name": "se3",
			"origin": [8, 8, 8],
			"color": 0,
			"nbt": "{}",
			"children": [75, 76, 77, 78, 79, 80, 81, 82, 83, 84, 85, 86]
		},
		{
			"name": "se4",
			"origin": [8, 8, 8],
			"color": 0,
			"nbt": "{}",
			"children": [87, 88, 89, 90, 91, 92, 93, 94, 95, 96, 97, 98, 99, 100, 101, 102, 103, 104, 105, 106]
		},
		107,
		108
	]
}