{
	"credit": "Made with Blockbench",
	"textures": {
		"0": "simplyswords:item/tempest",
		"1": "simplyswords:item/tempest_anim_01",
		"particle": "simplyswords:item/tempest"
	},
	"elements": [
		{
			"name": "t1_0",
			"from": [7.125, 5.75, 7.9],
			"to": [7.375, 6, 8.225],
			"rotation": {"angle": 0, "axis": "y", "origin": [10, 3, 8]},
			"faces": {
				"north": {"uv": [7.375, 6, 7.125, 6.25], "texture": "#0"},
				"east": {"uv": [7.25, 6, 7.375, 6.25], "texture": "#0"},
				"south": {"uv": [7.125, 6, 7.375, 6.25], "texture": "#0"},
				"west": {"uv": [7.125, 6, 7.25, 6.25], "texture": "#0"},
				"up": {"uv": [7.125, 6, 7.375, 6.125], "texture": "#0"},
				"down": {"uv": [7.125, 6.125, 7.375, 6.25], "texture": "#0"}
			}
		},
		{
			"name": "t1_1",
			"from": [8.625, 5.75, 7.9],
			"to": [8.875, 6, 8.225],
			"rotation": {"angle": 0, "axis": "y", "origin": [10, 3, 8]},
			"faces": {
				"north": {"uv": [8.875, 6, 8.625, 6.25], "texture": "#0"},
				"east": {"uv": [8.75, 6, 8.875, 6.25], "texture": "#0"},
				"south": {"uv": [8.625, 6, 8.875, 6.25], "texture": "#0"},
				"west": {"uv": [8.625, 6, 8.75, 6.25], "texture": "#0"},
				"up": {"uv": [8.625, 6, 8.875, 6.125], "texture": "#0"},
				"down": {"uv": [8.625, 6.125, 8.875, 6.25], "texture": "#0"}
			}
		},
		{
			"name": "t1_2",
			"from": [7, 5.625, 7.9],
			"to": [7.125, 5.875, 8.225],
			"rotation": {"angle": 0, "axis": "y", "origin": [10, 3, 8]},
			"faces": {
				"north": {"uv": [7.125, 6.125, 7, 6.375], "texture": "#0"},
				"east": {"uv": [7, 6.125, 7.125, 6.375], "texture": "#0"},
				"south": {"uv": [7, 6.125, 7.125, 6.375], "texture": "#0"},
				"west": {"uv": [7, 6.125, 7.125, 6.375], "texture": "#0"},
				"up": {"uv": [7, 6.125, 7.125, 6.25], "texture": "#0"},
				"down": {"uv": [7, 6.25, 7.125, 6.375], "texture": "#0"}
			}
		},
		{
			"name": "t1_3",
			"from": [7.375, 5.125, 7.9],
			"to": [7.5, 5.875, 8.225],
			"rotation": {"angle": 0, "axis": "y", "origin": [10, 3, 8]},
			"faces": {
				"north": {"uv": [7.5, 6.125, 7.375, 6.875], "texture": "#0"},
				"east": {"uv": [7.375, 6.125, 7.5, 6.875], "texture": "#0"},
				"south": {"uv": [7.375, 6.125, 7.5, 6.875], "texture": "#0"},
				"up": {"uv": [7.375, 6.125, 7.5, 6.25], "texture": "#0"},
				"down": {"uv": [7.375, 6.75, 7.5, 6.875], "texture": "#0"}
			}
		},
		{
			"name": "t1_4",
			"from": [8.5, 5.125, 7.9],
			"to": [8.625, 5.875, 8.225],
			"rotation": {"angle": 0, "axis": "y", "origin": [10, 3, 8]},
			"faces": {
				"north": {"uv": [8.625, 6.125, 8.5, 6.875], "texture": "#0"},
				"south": {"uv": [8.5, 6.125, 8.625, 6.875], "texture": "#0"},
				"west": {"uv": [8.5, 6.125, 8.625, 6.875], "texture": "#0"},
				"up": {"uv": [8.5, 6.125, 8.625, 6.25], "texture": "#0"},
				"down": {"uv": [8.5, 6.75, 8.625, 6.875], "texture": "#0"}
			}
		},
		{
			"name": "t1_5",
			"from": [8.875, 5.625, 7.9],
			"to": [9, 5.875, 8.225],
			"rotation": {"angle": 0, "axis": "y", "origin": [10, 3, 8]},
			"faces": {
				"north": {"uv": [9, 6.125, 8.875, 6.375], "texture": "#0"},
				"east": {"uv": [8.875, 6.125, 9, 6.375], "texture": "#0"},
				"south": {"uv": [8.875, 6.125, 9, 6.375], "texture": "#0"},
				"west": {"uv": [8.875, 6.125, 9, 6.375], "texture": "#0"},
				"up": {"uv": [8.875, 6.125, 9, 6.25], "texture": "#0"},
				"down": {"uv": [8.875, 6.25, 9, 6.375], "texture": "#0"}
			}
		},
		{
			"name": "t1_6",
			"from": [7.25, 5, 7.9],
			"to": [7.375, 5.75, 8.225],
			"rotation": {"angle": 0, "axis": "y", "origin": [10, 3, 8]},
			"faces": {
				"north": {"uv": [7.375, 6.25, 7.25, 7], "texture": "#0"},
				"east": {"uv": [7.25, 6.25, 7.375, 7], "texture": "#0"},
				"south": {"uv": [7.25, 6.25, 7.375, 7], "texture": "#0"},
				"west": {"uv": [7.25, 6.25, 7.375, 7], "texture": "#0"},
				"down": {"uv": [7.25, 6.875, 7.375, 7], "texture": "#0"}
			}
		},
		{
			"name": "t1_7",
			"from": [8.625, 5, 7.9],
			"to": [8.75, 5.75, 8.225],
			"rotation": {"angle": 0, "axis": "y", "origin": [10, 3, 8]},
			"faces": {
				"north": {"uv": [8.75, 6.25, 8.625, 7], "texture": "#0"},
				"east": {"uv": [8.625, 6.25, 8.75, 7], "texture": "#0"},
				"south": {"uv": [8.625, 6.25, 8.75, 7], "texture": "#0"},
				"west": {"uv": [8.625, 6.25, 8.75, 7], "texture": "#0"},
				"down": {"uv": [8.625, 6.875, 8.75, 7], "texture": "#0"}
			}
		},
		{
			"name": "t1_8",
			"from": [6.75, 5.375, 8],
			"to": [7, 5.5, 8.125],
			"rotation": {"angle": 0, "axis": "y", "origin": [10, 3, 8]},
			"faces": {
				"north": {"uv": [7, 6.5, 6.75, 6.625], "texture": "#0"},
				"south": {"uv": [6.75, 6.5, 7, 6.625], "texture": "#0"},
				"west": {"uv": [6.75, 6.5, 6.875, 6.625], "texture": "#0"},
				"up": {"uv": [6.75, 6.5, 7, 6.625], "texture": "#0"}
			}
		},
		{
			"name": "t1_9",
			"from": [9, 5.375, 8],
			"to": [9.25, 5.5, 8.125],
			"rotation": {"angle": 0, "axis": "y", "origin": [10, 3, 8]},
			"faces": {
				"north": {"uv": [9.25, 6.5, 9, 6.625], "texture": "#0"},
				"east": {"uv": [9.125, 6.5, 9.25, 6.625], "texture": "#0"},
				"south": {"uv": [9, 6.5, 9.25, 6.625], "texture": "#0"},
				"up": {"uv": [9, 6.5, 9.25, 6.625], "texture": "#0"}
			}
		},
		{
			"name": "t1_10",
			"from": [6.625, 5.25, 8],
			"to": [6.875, 5.375, 8.125],
			"rotation": {"angle": 0, "axis": "y", "origin": [10, 3, 8]},
			"faces": {
				"north": {"uv": [6.875, 6.625, 6.625, 6.75], "texture": "#0"},
				"south": {"uv": [6.625, 6.625, 6.875, 6.75], "texture": "#0"},
				"west": {"uv": [6.625, 6.625, 6.75, 6.75], "texture": "#0"},
				"up": {"uv": [6.625, 6.625, 6.875, 6.75], "texture": "#0"}
			}
		},
		{
			"name": "t1_11",
			"from": [9.125, 5.25, 8],
			"to": [9.375, 5.375, 8.125],
			"rotation": {"angle": 0, "axis": "y", "origin": [10, 3, 8]},
			"faces": {
				"north": {"uv": [9.375, 6.625, 9.125, 6.75], "texture": "#0"},
				"east": {"uv": [9.25, 6.625, 9.375, 6.75], "texture": "#0"},
				"south": {"uv": [9.125, 6.625, 9.375, 6.75], "texture": "#0"},
				"up": {"uv": [9.125, 6.625, 9.375, 6.75], "texture": "#0"}
			}
		},
		{
			"name": "t1_12",
			"from": [6.5, 5.125, 8],
			"to": [6.75, 5.25, 8.125],
			"rotation": {"angle": 0, "axis": "y", "origin": [10, 3, 8]},
			"faces": {
				"north": {"uv": [6.75, 6.75, 6.5, 6.875], "texture": "#0"},
				"south": {"uv": [6.5, 6.75, 6.75, 6.875], "texture": "#0"},
				"west": {"uv": [6.5, 6.75, 6.625, 6.875], "texture": "#0"},
				"up": {"uv": [6.5, 6.75, 6.75, 6.875], "texture": "#0"}
			}
		},
		{
			"name": "t1_13",
			"from": [7.125, 5, 7.9],
			"to": [7.25, 5.25, 8.225],
			"rotation": {"angle": 0, "axis": "y", "origin": [10, 3, 8]},
			"faces": {
				"north": {"uv": [7.25, 6.75, 7.125, 7], "texture": "#0"},
				"south": {"uv": [7.125, 6.75, 7.25, 7], "texture": "#0"},
				"west": {"uv": [7.125, 6.75, 7.25, 7], "texture": "#0"},
				"up": {"uv": [7.125, 6.75, 7.25, 6.875], "texture": "#0"},
				"down": {"uv": [7.125, 6.875, 7.25, 7], "texture": "#0"}
			}
		},
		{
			"name": "t1_14",
			"from": [8.75, 5, 7.9],
			"to": [8.875, 5.25, 8.225],
			"rotation": {"angle": 0, "axis": "y", "origin": [10, 3, 8]},
			"faces": {
				"north": {"uv": [8.875, 6.75, 8.75, 7], "texture": "#0"},
				"east": {"uv": [8.75, 6.75, 8.875, 7], "texture": "#0"},
				"south": {"uv": [8.75, 6.75, 8.875, 7], "texture": "#0"},
				"up": {"uv": [8.75, 6.75, 8.875, 6.875], "texture": "#0"},
				"down": {"uv": [8.75, 6.875, 8.875, 7], "texture": "#0"}
			}
		},
		{
			"name": "t1_15",
			"from": [9.25, 5.125, 8],
			"to": [9.5, 5.25, 8.125],
			"rotation": {"angle": 0, "axis": "y", "origin": [10, 3, 8]},
			"faces": {
				"north": {"uv": [9.5, 6.75, 9.25, 6.875], "texture": "#0"},
				"east": {"uv": [9.375, 6.75, 9.5, 6.875], "texture": "#0"},
				"south": {"uv": [9.25, 6.75, 9.5, 6.875], "texture": "#0"},
				"up": {"uv": [9.25, 6.75, 9.5, 6.875], "texture": "#0"}
			}
		},
		{
			"name": "t1_16",
			"from": [6.375, 5, 8],
			"to": [6.625, 5.125, 8.125],
			"rotation": {"angle": 0, "axis": "y", "origin": [10, 3, 8]},
			"faces": {
				"north": {"uv": [6.625, 6.875, 6.375, 7], "texture": "#0"},
				"south": {"uv": [6.375, 6.875, 6.625, 7], "texture": "#0"},
				"west": {"uv": [6.375, 6.875, 6.5, 7], "texture": "#0"},
				"up": {"uv": [6.375, 6.875, 6.625, 7], "texture": "#0"}
			}
		},
		{
			"name": "t1_17",
			"from": [6.875, 4.875, 7.9],
			"to": [7.125, 5.125, 8.225],
			"rotation": {"angle": 0, "axis": "y", "origin": [10, 3, 8]},
			"faces": {
				"north": {"uv": [7.125, 6.875, 6.875, 7.125], "texture": "#0"},
				"east": {"uv": [7, 6.875, 7.125, 7.125], "texture": "#0"},
				"south": {"uv": [6.875, 6.875, 7.125, 7.125], "texture": "#0"},
				"west": {"uv": [6.875, 6.875, 7, 7.125], "texture": "#0"},
				"up": {"uv": [6.875, 6.875, 7.125, 7], "texture": "#0"},
				"down": {"uv": [6.875, 7, 7.125, 7.125], "texture": "#0"}
			}
		},
		{
			"name": "t1_18",
			"from": [8.875, 4.875, 7.9],
			"to": [9.125, 5.125, 8.225],
			"rotation": {"angle": 0, "axis": "y", "origin": [10, 3, 8]},
			"faces": {
				"north": {"uv": [9.125, 6.875, 8.875, 7.125], "texture": "#0"},
				"east": {"uv": [9, 6.875, 9.125, 7.125], "texture": "#0"},
				"south": {"uv": [8.875, 6.875, 9.125, 7.125], "texture": "#0"},
				"west": {"uv": [8.875, 6.875, 9, 7.125], "texture": "#0"},
				"up": {"uv": [8.875, 6.875, 9.125, 7], "texture": "#0"},
				"down": {"uv": [8.875, 7, 9.125, 7.125], "texture": "#0"}
			}
		},
		{
			"name": "t1_19",
			"from": [9.375, 4.875, 8],
			"to": [9.625, 5.125, 8.125],
			"rotation": {"angle": 0, "axis": "y", "origin": [10, 3, 8]},
			"faces": {
				"north": {"uv": [9.625, 6.875, 9.375, 7.125], "texture": "#0"},
				"east": {"uv": [9.5, 6.875, 9.625, 7.125], "texture": "#0"},
				"south": {"uv": [9.375, 6.875, 9.625, 7.125], "texture": "#0"},
				"up": {"uv": [9.375, 6.875, 9.625, 7], "texture": "#0"}
			}
		},
		{
			"name": "t1_20",
			"from": [6.375, 4.75, 8],
			"to": [6.5, 5, 8.125],
			"rotation": {"angle": 0, "axis": "y", "origin": [10, 3, 8]},
			"faces": {
				"north": {"uv": [6.5, 7, 6.375, 7.25], "texture": "#0"},
				"south": {"uv": [6.375, 7, 6.5, 7.25], "texture": "#0"},
				"west": {"uv": [6.375, 7, 6.5, 7.25], "texture": "#0"}
			}
		},
		{
			"name": "t1_21",
			"from": [6.75, 4.5, 7.9],
			"to": [6.875, 5, 8.225],
			"rotation": {"angle": 0, "axis": "y", "origin": [10, 3, 8]},
			"faces": {
				"north": {"uv": [6.875, 7, 6.75, 7.5], "texture": "#0"},
				"east": {"uv": [6.75, 7, 6.875, 7.5], "texture": "#0"},
				"south": {"uv": [6.75, 7, 6.875, 7.5], "texture": "#0"},
				"west": {"uv": [6.75, 7, 6.875, 7.5], "texture": "#0"},
				"up": {"uv": [6.75, 7, 6.875, 7.125], "texture": "#0"},
				"down": {"uv": [6.75, 7.375, 6.875, 7.5], "texture": "#0"}
			}
		},
		{
			"name": "t1_22",
			"from": [9.125, 4.5, 7.9],
			"to": [9.25, 5, 8.225],
			"rotation": {"angle": 0, "axis": "y", "origin": [10, 3, 8]},
			"faces": {
				"north": {"uv": [9.25, 7, 9.125, 7.5], "texture": "#0"},
				"east": {"uv": [9.125, 7, 9.25, 7.5], "texture": "#0"},
				"south": {"uv": [9.125, 7, 9.25, 7.5], "texture": "#0"},
				"west": {"uv": [9.125, 7, 9.25, 7.5], "texture": "#0"},
				"up": {"uv": [9.125, 7, 9.25, 7.125], "texture": "#0"},
				"down": {"uv": [9.125, 7.375, 9.25, 7.5], "texture": "#0"}
			}
		},
		{
			"name": "t1_23",
			"from": [6.25, 4.5, 8],
			"to": [6.375, 4.875, 8.125],
			"rotation": {"angle": 0, "axis": "y", "origin": [10, 3, 8]},
			"faces": {
				"north": {"uv": [6.375, 7.125, 6.25, 7.5], "texture": "#0"},
				"south": {"uv": [6.25, 7.125, 6.375, 7.5], "texture": "#0"},
				"west": {"uv": [6.25, 7.125, 6.375, 7.5], "texture": "#0"},
				"up": {"uv": [6.25, 7.125, 6.375, 7.25], "texture": "#0"}
			}
		},
		{
			"name": "t1_24",
			"from": [6.875, 4.75, 7.9],
			"to": [7, 4.875, 8.225],
			"rotation": {"angle": 0, "axis": "y", "origin": [10, 3, 8]},
			"faces": {
				"north": {"uv": [7, 7.125, 6.875, 7.25], "texture": "#0"},
				"east": {"uv": [6.875, 7.125, 7, 7.25], "texture": "#0"},
				"south": {"uv": [6.875, 7.125, 7, 7.25], "texture": "#0"},
				"down": {"uv": [6.875, 7.125, 7, 7.25], "texture": "#0"}
			}
		},
		{
			"name": "t1_25",
			"from": [9, 4.75, 7.9],
			"to": [9.125, 4.875, 8.225],
			"rotation": {"angle": 0, "axis": "y", "origin": [10, 3, 8]},
			"faces": {
				"north": {"uv": [9.125, 7.125, 9, 7.25], "texture": "#0"},
				"south": {"uv": [9, 7.125, 9.125, 7.25], "texture": "#0"},
				"west": {"uv": [9, 7.125, 9.125, 7.25], "texture": "#0"},
				"down": {"uv": [9, 7.125, 9.125, 7.25], "texture": "#0"}
			}
		},
		{
			"name": "t1_26",
			"from": [9.5, 4.75, 8],
			"to": [9.75, 4.875, 8.125],
			"rotation": {"angle": 0, "axis": "y", "origin": [10, 3, 8]},
			"faces": {
				"north": {"uv": [9.75, 7.125, 9.5, 7.25], "texture": "#0"},
				"east": {"uv": [9.625, 7.125, 9.75, 7.25], "texture": "#0"},
				"south": {"uv": [9.5, 7.125, 9.75, 7.25], "texture": "#0"},
				"up": {"uv": [9.5, 7.125, 9.75, 7.25], "texture": "#0"}
			}
		},
		{
			"name": "t1_27",
			"from": [6.625, 4.25, 7.9],
			"to": [6.75, 4.75, 8.225],
			"rotation": {"angle": 0, "axis": "y", "origin": [10, 3, 8]},
			"faces": {
				"north": {"uv": [6.75, 7.25, 6.625, 7.75], "texture": "#0"},
				"east": {"uv": [6.625, 7.25, 6.75, 7.75], "texture": "#0"},
				"south": {"uv": [6.625, 7.25, 6.75, 7.75], "texture": "#0"},
				"west": {"uv": [6.625, 7.25, 6.75, 7.75], "texture": "#0"},
				"up": {"uv": [6.625, 7.25, 6.75, 7.375], "texture": "#0"},
				"down": {"uv": [6.625, 7.625, 6.75, 7.75], "texture": "#0"}
			}
		},
		{
			"name": "t1_28",
			"from": [9.25, 4.25, 7.9],
			"to": [9.375, 4.75, 8.225],
			"rotation": {"angle": 0, "axis": "y", "origin": [10, 3, 8]},
			"faces": {
				"north": {"uv": [9.375, 7.25, 9.25, 7.75], "texture": "#0"},
				"east": {"uv": [9.25, 7.25, 9.375, 7.75], "texture": "#0"},
				"south": {"uv": [9.25, 7.25, 9.375, 7.75], "texture": "#0"},
				"west": {"uv": [9.25, 7.25, 9.375, 7.75], "texture": "#0"},
				"up": {"uv": [9.25, 7.25, 9.375, 7.375], "texture": "#0"},
				"down": {"uv": [9.25, 7.625, 9.375, 7.75], "texture": "#0"}
			}
		},
		{
			"name": "t1_29",
			"from": [9.625, 4.5, 8],
			"to": [9.75, 4.75, 8.125],
			"rotation": {"angle": 0, "axis": "y", "origin": [10, 3, 8]},
			"faces": {
				"north": {"uv": [9.75, 7.25, 9.625, 7.5], "texture": "#0"},
				"east": {"uv": [9.625, 7.25, 9.75, 7.5], "texture": "#0"},
				"south": {"uv": [9.625, 7.25, 9.75, 7.5], "texture": "#0"}
			}
		},
		{
			"name": "t1_30",
			"from": [6.125, 4.25, 8],
			"to": [6.25, 4.625, 8.125],
			"rotation": {"angle": 0, "axis": "y", "origin": [10, 3, 8]},
			"faces": {
				"north": {"uv": [6.25, 7.375, 6.125, 7.75], "texture": "#0"},
				"south": {"uv": [6.125, 7.375, 6.25, 7.75], "texture": "#0"},
				"west": {"uv": [6.125, 7.375, 6.25, 7.75], "texture": "#0"},
				"up": {"uv": [6.125, 7.375, 6.25, 7.5], "texture": "#0"}
			}
		},
		{
			"name": "t1_31",
			"from": [9.75, 4.25, 8],
			"to": [9.875, 4.625, 8.125],
			"rotation": {"angle": 0, "axis": "y", "origin": [10, 3, 8]},
			"faces": {
				"north": {"uv": [9.875, 7.375, 9.75, 7.75], "texture": "#0"},
				"east": {"uv": [9.75, 7.375, 9.875, 7.75], "texture": "#0"},
				"south": {"uv": [9.75, 7.375, 9.875, 7.75], "texture": "#0"},
				"up": {"uv": [9.75, 7.375, 9.875, 7.5], "texture": "#0"}
			}
		},
		{
			"name": "t1_32",
			"from": [6.5, 3.25, 7.9],
			"to": [6.625, 4.5, 8.225],
			"rotation": {"angle": 0, "axis": "y", "origin": [10, 3, 8]},
			"faces": {
				"north": {"uv": [6.625, 7.5, 6.5, 8.75], "texture": "#0"},
				"east": {"uv": [6.5, 7.5, 6.625, 8.75], "texture": "#0"},
				"south": {"uv": [6.5, 7.5, 6.625, 8.75], "texture": "#0"},
				"west": {"uv": [6.5, 7.5, 6.625, 8.75], "texture": "#0"},
				"up": {"uv": [6.5, 7.5, 6.625, 7.625], "texture": "#0"},
				"down": {"uv": [6.5, 8.625, 6.625, 8.75], "texture": "#0"}
			}
		},
		{
			"name": "t1_33",
			"from": [9.375, 3.25, 7.9],
			"to": [9.5, 4.5, 8.225],
			"rotation": {"angle": 0, "axis": "y", "origin": [10, 3, 8]},
			"faces": {
				"north": {"uv": [9.5, 7.5, 9.375, 8.75], "texture": "#0"},
				"east": {"uv": [9.375, 7.5, 9.5, 8.75], "texture": "#0"},
				"south": {"uv": [9.375, 7.5, 9.5, 8.75], "texture": "#0"},
				"west": {"uv": [9.375, 7.5, 9.5, 8.75], "texture": "#0"},
				"up": {"uv": [9.375, 7.5, 9.5, 7.625], "texture": "#0"},
				"down": {"uv": [9.375, 8.625, 9.5, 8.75], "texture": "#0"}
			}
		},
		{
			"name": "t1_34",
			"from": [6, 3.5, 8],
			"to": [6.125, 4.25, 8.125],
			"rotation": {"angle": 0, "axis": "y", "origin": [10, 3, 8]},
			"faces": {
				"north": {"uv": [6.125, 7.75, 6, 8.5], "texture": "#0"},
				"south": {"uv": [6, 7.75, 6.125, 8.5], "texture": "#0"},
				"west": {"uv": [6, 7.75, 6.125, 8.5], "texture": "#0"},
				"up": {"uv": [6, 7.75, 6.125, 7.875], "texture": "#0"},
				"down": {"uv": [6, 8.375, 6.125, 8.5], "texture": "#0"}
			}
		},
		{
			"name": "t1_35",
			"from": [6.375, 3.5, 7.9],
			"to": [6.5, 4.25, 8.225],
			"rotation": {"angle": 0, "axis": "y", "origin": [10, 3, 8]},
			"faces": {
				"north": {"uv": [6.5, 7.75, 6.375, 8.5], "texture": "#0"},
				"south": {"uv": [6.375, 7.75, 6.5, 8.5], "texture": "#0"},
				"west": {"uv": [6.375, 7.75, 6.5, 8.5], "texture": "#0"},
				"up": {"uv": [6.375, 7.75, 6.5, 7.875], "texture": "#0"},
				"down": {"uv": [6.375, 8.375, 6.5, 8.5], "texture": "#0"}
			}
		},
		{
			"name": "t1_36",
			"from": [9.5, 3.5, 7.9],
			"to": [9.625, 4.25, 8.225],
			"rotation": {"angle": 0, "axis": "y", "origin": [10, 3, 8]},
			"faces": {
				"north": {"uv": [9.625, 7.75, 9.5, 8.5], "texture": "#0"},
				"east": {"uv": [9.5, 7.75, 9.625, 8.5], "texture": "#0"},
				"south": {"uv": [9.5, 7.75, 9.625, 8.5], "texture": "#0"},
				"up": {"uv": [9.5, 7.75, 9.625, 7.875], "texture": "#0"},
				"down": {"uv": [9.5, 8.375, 9.625, 8.5], "texture": "#0"}
			}
		},
		{
			"name": "t1_37",
			"from": [9.875, 3.5, 8],
			"to": [10, 4.25, 8.125],
			"rotation": {"angle": 0, "axis": "y", "origin": [10, 3, 8]},
			"faces": {
				"north": {"uv": [10, 7.75, 9.875, 8.5], "texture": "#0"},
				"east": {"uv": [9.875, 7.75, 10, 8.5], "texture": "#0"},
				"south": {"uv": [9.875, 7.75, 10, 8.5], "texture": "#0"},
				"up": {"uv": [9.875, 7.75, 10, 7.875], "texture": "#0"},
				"down": {"uv": [9.875, 8.375, 10, 8.5], "texture": "#0"}
			}
		},
		{
			"name": "t1_38",
			"from": [5.75, 3.625, 8],
			"to": [5.875, 4.125, 8.125],
			"rotation": {"angle": 0, "axis": "y", "origin": [10, 3, 8]},
			"faces": {
				"north": {"uv": [5.875, 7.875, 5.75, 8.375], "texture": "#0"},
				"east": {"uv": [5.75, 7.875, 5.875, 8.375], "texture": "#0"},
				"south": {"uv": [5.75, 7.875, 5.875, 8.375], "texture": "#0"},
				"west": {"uv": [5.75, 7.875, 5.875, 8.375], "texture": "#0"},
				"up": {"uv": [5.75, 7.875, 5.875, 8], "texture": "#0"},
				"down": {"uv": [5.75, 8.25, 5.875, 8.375], "texture": "#0"}
			}
		},
		{
			"name": "t1_39",
			"from": [10.125, 3.625, 8],
			"to": [10.25, 4.125, 8.125],
			"rotation": {"angle": 0, "axis": "y", "origin": [10, 3, 8]},
			"faces": {
				"north": {"uv": [10.25, 7.875, 10.125, 8.375], "texture": "#0"},
				"east": {"uv": [10.125, 7.875, 10.25, 8.375], "texture": "#0"},
				"south": {"uv": [10.125, 7.875, 10.25, 8.375], "texture": "#0"},
				"west": {"uv": [10.125, 7.875, 10.25, 8.375], "texture": "#0"},
				"up": {"uv": [10.125, 7.875, 10.25, 8], "texture": "#0"},
				"down": {"uv": [10.125, 8.25, 10.25, 8.375], "texture": "#0"}
			}
		},
		{
			"name": "t1_40",
			"from": [5.625, 3.75, 8],
			"to": [5.75, 4, 8.125],
			"rotation": {"angle": 0, "axis": "y", "origin": [10, 3, 8]},
			"faces": {
				"north": {"uv": [5.75, 8, 5.625, 8.25], "texture": "#0"},
				"south": {"uv": [5.625, 8, 5.75, 8.25], "texture": "#0"},
				"west": {"uv": [5.625, 8, 5.75, 8.25], "texture": "#0"},
				"up": {"uv": [5.625, 8, 5.75, 8.125], "texture": "#0"},
				"down": {"uv": [5.625, 8.125, 5.75, 8.25], "texture": "#0"}
			}
		},
		{
			"name": "t1_41",
			"from": [5.875, 3.75, 8],
			"to": [6, 4, 8.125],
			"rotation": {"angle": 0, "axis": "y", "origin": [10, 3, 8]},
			"faces": {
				"north": {"uv": [6, 8, 5.875, 8.25], "texture": "#0"},
				"south": {"uv": [5.875, 8, 6, 8.25], "texture": "#0"},
				"up": {"uv": [5.875, 8, 6, 8.125], "texture": "#0"},
				"down": {"uv": [5.875, 8.125, 6, 8.25], "texture": "#0"}
			}
		},
		{
			"name": "t1_42",
			"from": [10, 3.75, 8],
			"to": [10.125, 4, 8.125],
			"rotation": {"angle": 0, "axis": "y", "origin": [10, 3, 8]},
			"faces": {
				"north": {"uv": [10.125, 8, 10, 8.25], "texture": "#0"},
				"south": {"uv": [10, 8, 10.125, 8.25], "texture": "#0"},
				"up": {"uv": [10, 8, 10.125, 8.125], "texture": "#0"},
				"down": {"uv": [10, 8.125, 10.125, 8.25], "texture": "#0"}
			}
		},
		{
			"name": "t1_43",
			"from": [10.25, 3.75, 8],
			"to": [10.375, 4, 8.125],
			"rotation": {"angle": 0, "axis": "y", "origin": [10, 3, 8]},
			"faces": {
				"north": {"uv": [10.375, 8, 10.25, 8.25], "texture": "#0"},
				"east": {"uv": [10.25, 8, 10.375, 8.25], "texture": "#0"},
				"south": {"uv": [10.25, 8, 10.375, 8.25], "texture": "#0"},
				"up": {"uv": [10.25, 8, 10.375, 8.125], "texture": "#0"},
				"down": {"uv": [10.25, 8.125, 10.375, 8.25], "texture": "#0"}
			}
		},
		{
			"name": "t1_44",
			"from": [6.125, 3.125, 8],
			"to": [6.25, 3.5, 8.125],
			"rotation": {"angle": 0, "axis": "y", "origin": [10, 3, 8]},
			"faces": {
				"north": {"uv": [6.25, 8.5, 6.125, 8.875], "texture": "#0"},
				"south": {"uv": [6.125, 8.5, 6.25, 8.875], "texture": "#0"},
				"west": {"uv": [6.125, 8.5, 6.25, 8.875], "texture": "#0"},
				"down": {"uv": [6.125, 8.75, 6.25, 8.875], "texture": "#0"}
			}
		},
		{
			"name": "t1_45",
			"from": [6.625, 3, 7.9],
			"to": [6.75, 3.5, 8.225],
			"rotation": {"angle": 0, "axis": "y", "origin": [10, 3, 8]},
			"faces": {
				"north": {"uv": [6.75, 8.5, 6.625, 9], "texture": "#0"},
				"east": {"uv": [6.625, 8.5, 6.75, 9], "texture": "#0"},
				"south": {"uv": [6.625, 8.5, 6.75, 9], "texture": "#0"},
				"west": {"uv": [6.625, 8.5, 6.75, 9], "texture": "#0"},
				"up": {"uv": [6.625, 8.5, 6.75, 8.625], "texture": "#0"},
				"down": {"uv": [6.625, 8.875, 6.75, 9], "texture": "#0"}
			}
		},
		{
			"name": "t1_46",
			"from": [9.25, 3, 7.9],
			"to": [9.375, 3.5, 8.225],
			"rotation": {"angle": 0, "axis": "y", "origin": [10, 3, 8]},
			"faces": {
				"north": {"uv": [9.375, 8.5, 9.25, 9], "texture": "#0"},
				"east": {"uv": [9.25, 8.5, 9.375, 9], "texture": "#0"},
				"south": {"uv": [9.25, 8.5, 9.375, 9], "texture": "#0"},
				"west": {"uv": [9.25, 8.5, 9.375, 9], "texture": "#0"},
				"up": {"uv": [9.25, 8.5, 9.375, 8.625], "texture": "#0"},
				"down": {"uv": [9.25, 8.875, 9.375, 9], "texture": "#0"}
			}
		},
		{
			"name": "t1_47",
			"from": [9.75, 3.125, 8],
			"to": [9.875, 3.5, 8.125],
			"rotation": {"angle": 0, "axis": "y", "origin": [10, 3, 8]},
			"faces": {
				"north": {"uv": [9.875, 8.5, 9.75, 8.875], "texture": "#0"},
				"east": {"uv": [9.75, 8.5, 9.875, 8.875], "texture": "#0"},
				"south": {"uv": [9.75, 8.5, 9.875, 8.875], "texture": "#0"},
				"down": {"uv": [9.75, 8.75, 9.875, 8.875], "texture": "#0"}
			}
		},
		{
			"name": "t1_48",
			"from": [6.25, 2.875, 8],
			"to": [6.375, 3.25, 8.125],
			"rotation": {"angle": 0, "axis": "y", "origin": [10, 3, 8]},
			"faces": {
				"north": {"uv": [6.375, 8.75, 6.25, 9.125], "texture": "#0"},
				"south": {"uv": [6.25, 8.75, 6.375, 9.125], "texture": "#0"},
				"west": {"uv": [6.25, 8.75, 6.375, 9.125], "texture": "#0"},
				"down": {"uv": [6.25, 9, 6.375, 9.125], "texture": "#0"}
			}
		},
		{
			"name": "t1_49",
			"from": [6.75, 2.75, 7.9],
			"to": [6.875, 3.25, 8.225],
			"rotation": {"angle": 0, "axis": "y", "origin": [10, 3, 8]},
			"faces": {
				"north": {"uv": [6.875, 8.75, 6.75, 9.25], "texture": "#0"},
				"east": {"uv": [6.75, 8.75, 6.875, 9.25], "texture": "#0"},
				"south": {"uv": [6.75, 8.75, 6.875, 9.25], "texture": "#0"},
				"west": {"uv": [6.75, 8.75, 6.875, 9.25], "texture": "#0"},
				"up": {"uv": [6.75, 8.75, 6.875, 8.875], "texture": "#0"},
				"down": {"uv": [6.75, 9.125, 6.875, 9.25], "texture": "#0"}
			}
		},
		{
			"name": "t1_50",
			"from": [9.125, 2.75, 7.9],
			"to": [9.25, 3.25, 8.225],
			"rotation": {"angle": 0, "axis": "y", "origin": [10, 3, 8]},
			"faces": {
				"north": {"uv": [9.25, 8.75, 9.125, 9.25], "texture": "#0"},
				"east": {"uv": [9.125, 8.75, 9.25, 9.25], "texture": "#0"},
				"south": {"uv": [9.125, 8.75, 9.25, 9.25], "texture": "#0"},
				"west": {"uv": [9.125, 8.75, 9.25, 9.25], "texture": "#0"},
				"up": {"uv": [9.125, 8.75, 9.25, 8.875], "texture": "#0"},
				"down": {"uv": [9.125, 9.125, 9.25, 9.25], "texture": "#0"}
			}
		},
		{
			"name": "t1_51",
			"from": [9.625, 2.875, 8],
			"to": [9.75, 3.25, 8.125],
			"rotation": {"angle": 0, "axis": "y", "origin": [10, 3, 8]},
			"faces": {
				"north": {"uv": [9.75, 8.75, 9.625, 9.125], "texture": "#0"},
				"east": {"uv": [9.625, 8.75, 9.75, 9.125], "texture": "#0"},
				"south": {"uv": [9.625, 8.75, 9.75, 9.125], "texture": "#0"},
				"down": {"uv": [9.625, 9, 9.75, 9.125], "texture": "#0"}
			}
		},
		{
			"name": "t1_52",
			"from": [6.375, 2.625, 8],
			"to": [6.5, 3, 8.125],
			"rotation": {"angle": 0, "axis": "y", "origin": [10, 3, 8]},
			"faces": {
				"north": {"uv": [6.5, 9, 6.375, 9.375], "texture": "#0"},
				"south": {"uv": [6.375, 9, 6.5, 9.375], "texture": "#0"},
				"west": {"uv": [6.375, 9, 6.5, 9.375], "texture": "#0"},
				"down": {"uv": [6.375, 9.25, 6.5, 9.375], "texture": "#0"}
			}
		},
		{
			"name": "t1_53",
			"from": [6.875, 2.625, 7.9],
			"to": [7, 3, 8.225],
			"rotation": {"angle": 0, "axis": "y", "origin": [10, 3, 8]},
			"faces": {
				"north": {"uv": [7, 9, 6.875, 9.375], "texture": "#0"},
				"east": {"uv": [6.875, 9, 7, 9.375], "texture": "#0"},
				"south": {"uv": [6.875, 9, 7, 9.375], "texture": "#0"},
				"west": {"uv": [6.875, 9, 7, 9.375], "texture": "#0"},
				"up": {"uv": [6.875, 9, 7, 9.125], "texture": "#0"},
				"down": {"uv": [6.875, 9.25, 7, 9.375], "texture": "#0"}
			}
		},
		{
			"name": "t1_54",
			"from": [9, 2.625, 7.9],
			"to": [9.125, 3, 8.225],
			"rotation": {"angle": 0, "axis": "y", "origin": [10, 3, 8]},
			"faces": {
				"north": {"uv": [9.125, 9, 9, 9.375], "texture": "#0"},
				"east": {"uv": [9, 9, 9.125, 9.375], "texture": "#0"},
				"south": {"uv": [9, 9, 9.125, 9.375], "texture": "#0"},
				"west": {"uv": [9, 9, 9.125, 9.375], "texture": "#0"},
				"up": {"uv": [9, 9, 9.125, 9.125], "texture": "#0"},
				"down": {"uv": [9, 9.25, 9.125, 9.375], "texture": "#0"}
			}
		},
		{
			"name": "t1_55",
			"from": [9.5, 2.625, 8],
			"to": [9.625, 3, 8.125],
			"rotation": {"angle": 0, "axis": "y", "origin": [10, 3, 8]},
			"faces": {
				"north": {"uv": [9.625, 9, 9.5, 9.375], "texture": "#0"},
				"east": {"uv": [9.5, 9, 9.625, 9.375], "texture": "#0"},
				"south": {"uv": [9.5, 9, 9.625, 9.375], "texture": "#0"},
				"down": {"uv": [9.5, 9.25, 9.625, 9.375], "texture": "#0"}
			}
		},
		{
			"name": "t1_56",
			"from": [7, 2.625, 7.9],
			"to": [7.125, 2.875, 8.225],
			"rotation": {"angle": 0, "axis": "y", "origin": [10, 3, 8]},
			"faces": {
				"north": {"uv": [7.125, 9.125, 7, 9.375], "texture": "#0"},
				"east": {"uv": [7, 9.125, 7.125, 9.375], "texture": "#0"},
				"south": {"uv": [7, 9.125, 7.125, 9.375], "texture": "#0"},
				"up": {"uv": [7, 9.125, 7.125, 9.25], "texture": "#0"},
				"down": {"uv": [7, 9.25, 7.125, 9.375], "texture": "#0"}
			}
		},
		{
			"name": "t1_57",
			"from": [8.875, 2.625, 7.9],
			"to": [9, 2.875, 8.225],
			"rotation": {"angle": 0, "axis": "y", "origin": [10, 3, 8]},
			"faces": {
				"north": {"uv": [9, 9.125, 8.875, 9.375], "texture": "#0"},
				"south": {"uv": [8.875, 9.125, 9, 9.375], "texture": "#0"},
				"west": {"uv": [8.875, 9.125, 9, 9.375], "texture": "#0"},
				"up": {"uv": [8.875, 9.125, 9, 9.25], "texture": "#0"},
				"down": {"uv": [8.875, 9.25, 9, 9.375], "texture": "#0"}
			}
		},
		{
			"name": "t1_58",
			"from": [6.5, 2.5, 8],
			"to": [6.625, 2.75, 8.125],
			"rotation": {"angle": 0, "axis": "y", "origin": [10, 3, 8]},
			"faces": {
				"north": {"uv": [6.625, 9.25, 6.5, 9.5], "texture": "#0"},
				"south": {"uv": [6.5, 9.25, 6.625, 9.5], "texture": "#0"},
				"west": {"uv": [6.5, 9.25, 6.625, 9.5], "texture": "#0"},
				"down": {"uv": [6.5, 9.375, 6.625, 9.5], "texture": "#0"}
			}
		},
		{
			"name": "t1_59",
			"from": [7.125, 2.5, 7.9],
			"to": [7.375, 2.75, 8.225],
			"rotation": {"angle": 0, "axis": "y", "origin": [10, 3, 8]},
			"faces": {
				"north": {"uv": [7.375, 9.25, 7.125, 9.5], "texture": "#0"},
				"east": {"uv": [7.25, 9.25, 7.375, 9.5], "texture": "#0"},
				"south": {"uv": [7.125, 9.25, 7.375, 9.5], "texture": "#0"},
				"west": {"uv": [7.125, 9.25, 7.25, 9.5], "texture": "#0"},
				"up": {"uv": [7.125, 9.25, 7.375, 9.375], "texture": "#0"},
				"down": {"uv": [7.125, 9.375, 7.375, 9.5], "texture": "#0"}
			}
		},
		{
			"name": "t1_60",
			"from": [8.625, 2.5, 7.9],
			"to": [8.875, 2.75, 8.225],
			"rotation": {"angle": 0, "axis": "y", "origin": [10, 3, 8]},
			"faces": {
				"north": {"uv": [8.875, 9.25, 8.625, 9.5], "texture": "#0"},
				"east": {"uv": [8.75, 9.25, 8.875, 9.5], "texture": "#0"},
				"south": {"uv": [8.625, 9.25, 8.875, 9.5], "texture": "#0"},
				"west": {"uv": [8.625, 9.25, 8.75, 9.5], "texture": "#0"},
				"up": {"uv": [8.625, 9.25, 8.875, 9.375], "texture": "#0"},
				"down": {"uv": [8.625, 9.375, 8.875, 9.5], "texture": "#0"}
			}
		},
		{
			"name": "t1_61",
			"from": [9.375, 2.5, 8],
			"to": [9.5, 2.75, 8.125],
			"rotation": {"angle": 0, "axis": "y", "origin": [10, 3, 8]},
			"faces": {
				"north": {"uv": [9.5, 9.25, 9.375, 9.5], "texture": "#0"},
				"east": {"uv": [9.375, 9.25, 9.5, 9.5], "texture": "#0"},
				"south": {"uv": [9.375, 9.25, 9.5, 9.5], "texture": "#0"},
				"down": {"uv": [9.375, 9.375, 9.5, 9.5], "texture": "#0"}
			}
		},
		{
			"name": "t1_62",
			"from": [6.625, 2.375, 8],
			"to": [6.75, 2.625, 8.125],
			"rotation": {"angle": 0, "axis": "y", "origin": [10, 3, 8]},
			"faces": {
				"north": {"uv": [6.75, 9.375, 6.625, 9.625], "texture": "#0"},
				"south": {"uv": [6.625, 9.375, 6.75, 9.625], "texture": "#0"},
				"west": {"uv": [6.625, 9.375, 6.75, 9.625], "texture": "#0"},
				"down": {"uv": [6.625, 9.5, 6.75, 9.625], "texture": "#0"}
			}
		},
		{
			"name": "t1_63",
			"from": [7.375, 2.375, 7.9],
			"to": [7.625, 2.625, 8.225],
			"rotation": {"angle": 0, "axis": "y", "origin": [10, 3, 8]},
			"faces": {
				"north": {"uv": [7.625, 9.375, 7.375, 9.625], "texture": "#0"},
				"east": {"uv": [7.5, 9.375, 7.625, 9.625], "texture": "#0"},
				"south": {"uv": [7.375, 9.375, 7.625, 9.625], "texture": "#0"},
				"west": {"uv": [7.375, 9.375, 7.5, 9.625], "texture": "#0"},
				"up": {"uv": [7.375, 9.375, 7.625, 9.5], "texture": "#0"},
				"down": {"uv": [7.375, 9.5, 7.625, 9.625], "texture": "#0"}
			}
		},
		{
			"name": "t1_64",
			"from": [8.375, 2.375, 7.9],
			"to": [8.625, 2.625, 8.225],
			"rotation": {"angle": 0, "axis": "y", "origin": [10, 3, 8]},
			"faces": {
				"north": {"uv": [8.625, 9.375, 8.375, 9.625], "texture": "#0"},
				"east": {"uv": [8.5, 9.375, 8.625, 9.625], "texture": "#0"},
				"south": {"uv": [8.375, 9.375, 8.625, 9.625], "texture": "#0"},
				"west": {"uv": [8.375, 9.375, 8.5, 9.625], "texture": "#0"},
				"up": {"uv": [8.375, 9.375, 8.625, 9.5], "texture": "#0"},
				"down": {"uv": [8.375, 9.5, 8.625, 9.625], "texture": "#0"}
			}
		},
		{
			"name": "t1_65",
			"from": [9.25, 2.375, 8],
			"to": [9.375, 2.625, 8.125],
			"rotation": {"angle": 0, "axis": "y", "origin": [10, 3, 8]},
			"faces": {
				"north": {"uv": [9.375, 9.375, 9.25, 9.625], "texture": "#0"},
				"east": {"uv": [9.25, 9.375, 9.375, 9.625], "texture": "#0"},
				"south": {"uv": [9.25, 9.375, 9.375, 9.625], "texture": "#0"},
				"down": {"uv": [9.25, 9.5, 9.375, 9.625], "texture": "#0"}
			}
		},
		{
			"name": "t1_66",
			"from": [6.75, 2.25, 8],
			"to": [6.875, 2.5, 8.125],
			"rotation": {"angle": 0, "axis": "y", "origin": [10, 3, 8]},
			"faces": {
				"north": {"uv": [6.875, 9.5, 6.75, 9.75], "texture": "#0"},
				"south": {"uv": [6.75, 9.5, 6.875, 9.75], "texture": "#0"},
				"west": {"uv": [6.75, 9.5, 6.875, 9.75], "texture": "#0"},
				"down": {"uv": [6.75, 9.625, 6.875, 9.75], "texture": "#0"}
			}
		},
		{
			"name": "t1_67",
			"from": [7.625, 2.25, 7.9],
			"to": [8.375, 2.5, 8.225],
			"rotation": {"angle": 0, "axis": "y", "origin": [10, 3, 8]},
			"faces": {
				"north": {"uv": [8.375, 9.5, 7.625, 9.75], "texture": "#0"},
				"east": {"uv": [8.25, 9.5, 8.375, 9.75], "texture": "#0"},
				"south": {"uv": [7.625, 9.5, 8.375, 9.75], "texture": "#0"},
				"west": {"uv": [7.625, 9.5, 7.75, 9.75], "texture": "#0"},
				"up": {"uv": [7.625, 9.5, 8.375, 9.625], "texture": "#0"},
				"down": {"uv": [7.625, 9.625, 8.375, 9.75], "texture": "#0"}
			}
		},
		{
			"name": "t1_68",
			"from": [9.125, 2.25, 8],
			"to": [9.25, 2.5, 8.125],
			"rotation": {"angle": 0, "axis": "y", "origin": [10, 3, 8]},
			"faces": {
				"north": {"uv": [9.25, 9.5, 9.125, 9.75], "texture": "#0"},
				"east": {"uv": [9.125, 9.5, 9.25, 9.75], "texture": "#0"},
				"south": {"uv": [9.125, 9.5, 9.25, 9.75], "texture": "#0"},
				"down": {"uv": [9.125, 9.625, 9.25, 9.75], "texture": "#0"}
			}
		},
		{
			"name": "t1_69",
			"from": [6.875, 2.25, 8],
			"to": [7.125, 2.375, 8.125],
			"rotation": {"angle": 0, "axis": "y", "origin": [10, 3, 8]},
			"faces": {
				"north": {"uv": [7.125, 9.625, 6.875, 9.75], "texture": "#0"},
				"south": {"uv": [6.875, 9.625, 7.125, 9.75], "texture": "#0"},
				"down": {"uv": [6.875, 9.625, 7.125, 9.75], "texture": "#0"}
			}
		},
		{
			"name": "t1_70",
			"from": [8.875, 2.25, 8],
			"to": [9.125, 2.375, 8.125],
			"rotation": {"angle": 0, "axis": "y", "origin": [10, 3, 8]},
			"faces": {
				"north": {"uv": [9.125, 9.625, 8.875, 9.75], "texture": "#0"},
				"south": {"uv": [8.875, 9.625, 9.125, 9.75], "texture": "#0"},
				"down": {"uv": [8.875, 9.625, 9.125, 9.75], "texture": "#0"}
			}
		},
		{
			"name": "t1_71",
			"from": [7, 2.125, 8],
			"to": [7.375, 2.25, 8.125],
			"rotation": {"angle": 0, "axis": "y", "origin": [10, 3, 8]},
			"faces": {
				"north": {"uv": [7.375, 9.75, 7, 9.875], "texture": "#0"},
				"south": {"uv": [7, 9.75, 7.375, 9.875], "texture": "#0"},
				"west": {"uv": [7, 9.75, 7.125, 9.875], "texture": "#0"},
				"down": {"uv": [7, 9.75, 7.375, 9.875], "texture": "#0"}
			}
		},
		{
			"name": "t1_72",
			"from": [8.625, 2.125, 8],
			"to": [9, 2.25, 8.125],
			"rotation": {"angle": 0, "axis": "y", "origin": [10, 3, 8]},
			"faces": {
				"north": {"uv": [9, 9.75, 8.625, 9.875], "texture": "#0"},
				"east": {"uv": [8.875, 9.75, 9, 9.875], "texture": "#0"},
				"south": {"uv": [8.625, 9.75, 9, 9.875], "texture": "#0"},
				"down": {"uv": [8.625, 9.75, 9, 9.875], "texture": "#0"}
			}
		},
		{
			"name": "t1_73",
			"from": [7.25, 2, 8],
			"to": [7.625, 2.125, 8.125],
			"rotation": {"angle": 0, "axis": "y", "origin": [10, 3, 8]},
			"faces": {
				"north": {"uv": [7.625, 9.875, 7.25, 10], "texture": "#0"},
				"south": {"uv": [7.25, 9.875, 7.625, 10], "texture": "#0"},
				"west": {"uv": [7.25, 9.875, 7.375, 10], "texture": "#0"},
				"down": {"uv": [7.25, 9.875, 7.625, 10], "texture": "#0"}
			}
		},
		{
			"name": "t1_74",
			"from": [8.375, 2, 8],
			"to": [8.75, 2.125, 8.125],
			"rotation": {"angle": 0, "axis": "y", "origin": [10, 3, 8]},
			"faces": {
				"north": {"uv": [8.75, 9.875, 8.375, 10], "texture": "#0"},
				"east": {"uv": [8.625, 9.875, 8.75, 10], "texture": "#0"},
				"south": {"uv": [8.375, 9.875, 8.75, 10], "texture": "#0"},
				"down": {"uv": [8.375, 9.875, 8.75, 10], "texture": "#0"}
			}
		},
		{
			"name": "t1_75",
			"from": [7.625, 1.875, 8],
			"to": [8.375, 2, 8.125],
			"rotation": {"angle": 0, "axis": "y", "origin": [10, 3, 8]},
			"faces": {
				"north": {"uv": [8.375, 10, 7.625, 10.125], "texture": "#0"},
				"east": {"uv": [8.25, 10, 8.375, 10.125], "texture": "#0"},
				"south": {"uv": [7.625, 10, 8.375, 10.125], "texture": "#0"},
				"west": {"uv": [7.625, 10, 7.75, 10.125], "texture": "#0"},
				"down": {"uv": [7.625, 10, 8.375, 10.125], "texture": "#0"}
			}
		},
		{
			"name": "t1_76",
			"from": [7.875, 1.5, 8],
			"to": [8.125, 1.875, 8.125],
			"rotation": {"angle": 0, "axis": "y", "origin": [10, 3, 8]},
			"faces": {
				"north": {"uv": [8.125, 10.125, 7.875, 10.5], "texture": "#0"},
				"east": {"uv": [8, 10.125, 8.125, 10.5], "texture": "#0"},
				"south": {"uv": [7.875, 10.125, 8.125, 10.5], "texture": "#0"},
				"west": {"uv": [7.875, 10.125, 8, 10.5], "texture": "#0"},
				"down": {"uv": [7.875, 10.375, 8.125, 10.5], "texture": "#0"}
			}
		},
		{
			"name": "t1_77",
			"from": [7.75, 1.625, 8],
			"to": [7.875, 1.75, 8.125],
			"rotation": {"angle": 0, "axis": "y", "origin": [10, 3, 8]},
			"faces": {
				"north": {"uv": [7.875, 10.25, 7.75, 10.375], "texture": "#0"},
				"south": {"uv": [7.75, 10.25, 7.875, 10.375], "texture": "#0"},
				"west": {"uv": [7.75, 10.25, 7.875, 10.375], "texture": "#0"},
				"up": {"uv": [7.75, 10.25, 7.875, 10.375], "texture": "#0"},
				"down": {"uv": [7.75, 10.25, 7.875, 10.375], "texture": "#0"}
			}
		},
		{
			"name": "t1_78",
			"from": [8.125, 1.625, 8],
			"to": [8.25, 1.75, 8.125],
			"rotation": {"angle": 0, "axis": "y", "origin": [10, 3, 8]},
			"faces": {
				"north": {"uv": [8.25, 10.25, 8.125, 10.375], "texture": "#0"},
				"east": {"uv": [8.125, 10.25, 8.25, 10.375], "texture": "#0"},
				"south": {"uv": [8.125, 10.25, 8.25, 10.375], "texture": "#0"},
				"up": {"uv": [8.125, 10.25, 8.25, 10.375], "texture": "#0"},
				"down": {"uv": [8.125, 10.25, 8.25, 10.375], "texture": "#0"}
			}
		},
		{
			"name": "t2_0",
			"from": [7, 5.25, 7.95],
			"to": [7.25, 5.625, 8.175],
			"rotation": {"angle": 0, "axis": "y", "origin": [10, 3, 8]},
			"faces": {
				"north": {"uv": [7.25, 6.375, 7, 6.75], "texture": "#0"},
				"south": {"uv": [7, 6.375, 7.25, 6.75], "texture": "#0"},
				"west": {"uv": [7, 6.375, 7.125, 6.75], "texture": "#0"},
				"up": {"uv": [7, 6.375, 7.25, 6.5], "texture": "#0"}
			}
		},
		{
			"name": "t2_1",
			"from": [8.75, 5.25, 7.95],
			"to": [9, 5.625, 8.175],
			"rotation": {"angle": 0, "axis": "y", "origin": [10, 3, 8]},
			"faces": {
				"north": {"uv": [9, 6.375, 8.75, 6.75], "texture": "#0"},
				"east": {"uv": [8.875, 6.375, 9, 6.75], "texture": "#0"},
				"south": {"uv": [8.75, 6.375, 9, 6.75], "texture": "#0"},
				"up": {"uv": [8.75, 6.375, 9, 6.5], "texture": "#0"}
			}
		},
		{
			"name": "t2_2",
			"from": [7.5, 5.25, 7.9],
			"to": [8.5, 5.5, 8.225],
			"rotation": {"angle": 0, "axis": "y", "origin": [10, 3, 8]},
			"faces": {
				"north": {"uv": [8.5, 6.5, 7.5, 6.75], "texture": "#0"},
				"south": {"uv": [7.5, 6.5, 8.5, 6.75], "texture": "#0"},
				"up": {"uv": [7.5, 6.5, 8.5, 6.625], "texture": "#0"},
				"down": {"uv": [7.5, 6.625, 8.5, 6.75], "texture": "#0"}
			}
		},
		{
			"name": "t2_3",
			"from": [6.875, 5.125, 7.95],
			"to": [7, 5.375, 8.175],
			"rotation": {"angle": 0, "axis": "y", "origin": [10, 3, 8]},
			"faces": {
				"north": {"uv": [7, 6.625, 6.875, 6.875], "texture": "#0"},
				"south": {"uv": [6.875, 6.625, 7, 6.875], "texture": "#0"},
				"west": {"uv": [6.875, 6.625, 7, 6.875], "texture": "#0"},
				"up": {"uv": [6.875, 6.625, 7, 6.75], "texture": "#0"}
			}
		},
		{
			"name": "t2_4",
			"from": [9, 5.125, 7.95],
			"to": [9.125, 5.375, 8.175],
			"rotation": {"angle": 0, "axis": "y", "origin": [10, 3, 8]},
			"faces": {
				"north": {"uv": [9.125, 6.625, 9, 6.875], "texture": "#0"},
				"east": {"uv": [9, 6.625, 9.125, 6.875], "texture": "#0"},
				"south": {"uv": [9, 6.625, 9.125, 6.875], "texture": "#0"},
				"up": {"uv": [9, 6.625, 9.125, 6.75], "texture": "#0"}
			}
		},
		{
			"name": "t2_5",
			"from": [6.75, 5, 7.95],
			"to": [6.875, 5.25, 8.175],
			"rotation": {"angle": 0, "axis": "y", "origin": [10, 3, 8]},
			"faces": {
				"north": {"uv": [6.875, 6.75, 6.75, 7], "texture": "#0"},
				"south": {"uv": [6.75, 6.75, 6.875, 7], "texture": "#0"},
				"west": {"uv": [6.75, 6.75, 6.875, 7], "texture": "#0"},
				"up": {"uv": [6.75, 6.75, 6.875, 6.875], "texture": "#0"}
			}
		},
		{
			"name": "t2_6",
			"from": [7, 5.125, 7.95],
			"to": [7.125, 5.25, 8.175],
			"rotation": {"angle": 0, "axis": "y", "origin": [10, 3, 8]},
			"faces": {
				"north": {"uv": [7.125, 6.75, 7, 6.875], "texture": "#0"},
				"south": {"uv": [7, 6.75, 7.125, 6.875], "texture": "#0"}
			}
		},
		{
			"name": "t2_7",
			"from": [8.875, 5.125, 7.95],
			"to": [9, 5.25, 8.175],
			"rotation": {"angle": 0, "axis": "y", "origin": [10, 3, 8]},
			"faces": {
				"north": {"uv": [9, 6.75, 8.875, 6.875], "texture": "#0"},
				"south": {"uv": [8.875, 6.75, 9, 6.875], "texture": "#0"}
			}
		},
		{
			"name": "t2_8",
			"from": [9.125, 5, 7.95],
			"to": [9.25, 5.25, 8.175],
			"rotation": {"angle": 0, "axis": "y", "origin": [10, 3, 8]},
			"faces": {
				"north": {"uv": [9.25, 6.75, 9.125, 7], "texture": "#0"},
				"east": {"uv": [9.125, 6.75, 9.25, 7], "texture": "#0"},
				"south": {"uv": [9.125, 6.75, 9.25, 7], "texture": "#0"},
				"up": {"uv": [9.125, 6.75, 9.25, 6.875], "texture": "#0"}
			}
		},
		{
			"name": "t2_9",
			"from": [6.625, 4.75, 7.95],
			"to": [6.75, 5.125, 8.175],
			"rotation": {"angle": 0, "axis": "y", "origin": [10, 3, 8]},
			"faces": {
				"north": {"uv": [6.75, 6.875, 6.625, 7.25], "texture": "#0"},
				"south": {"uv": [6.625, 6.875, 6.75, 7.25], "texture": "#0"},
				"west": {"uv": [6.625, 6.875, 6.75, 7.25], "texture": "#0"},
				"up": {"uv": [6.625, 6.875, 6.75, 7], "texture": "#0"}
			}
		},
		{
			"name": "t2_10",
			"from": [9.25, 4.75, 7.95],
			"to": [9.375, 5.125, 8.175],
			"rotation": {"angle": 0, "axis": "y", "origin": [10, 3, 8]},
			"faces": {
				"north": {"uv": [9.375, 6.875, 9.25, 7.25], "texture": "#0"},
				"east": {"uv": [9.25, 6.875, 9.375, 7.25], "texture": "#0"},
				"south": {"uv": [9.25, 6.875, 9.375, 7.25], "texture": "#0"},
				"up": {"uv": [9.25, 6.875, 9.375, 7], "texture": "#0"}
			}
		},
		{
			"name": "t2_11",
			"from": [6.5, 4.5, 7.95],
			"to": [6.625, 5, 8.175],
			"rotation": {"angle": 0, "axis": "y", "origin": [10, 3, 8]},
			"faces": {
				"north": {"uv": [6.625, 7, 6.5, 7.5], "texture": "#0"},
				"south": {"uv": [6.5, 7, 6.625, 7.5], "texture": "#0"},
				"west": {"uv": [6.5, 7, 6.625, 7.5], "texture": "#0"},
				"up": {"uv": [6.5, 7, 6.625, 7.125], "texture": "#0"}
			}
		},
		{
			"name": "t2_12",
			"from": [9.375, 4.5, 7.95],
			"to": [9.5, 4.875, 8.175],
			"rotation": {"angle": 0, "axis": "y", "origin": [10, 3, 8]},
			"faces": {
				"north": {"uv": [9.5, 7.125, 9.375, 7.5], "texture": "#0"},
				"east": {"uv": [9.375, 7.125, 9.5, 7.5], "texture": "#0"},
				"south": {"uv": [9.375, 7.125, 9.5, 7.5], "texture": "#0"},
				"up": {"uv": [9.375, 7.125, 9.5, 7.25], "texture": "#0"}
			}
		},
		{
			"name": "t2_13",
			"from": [6.375, 4.25, 7.95],
			"to": [6.5, 4.75, 8.175],
			"rotation": {"angle": 0, "axis": "y", "origin": [10, 3, 8]},
			"faces": {
				"north": {"uv": [6.5, 7.25, 6.375, 7.75], "texture": "#0"},
				"south": {"uv": [6.375, 7.25, 6.5, 7.75], "texture": "#0"},
				"west": {"uv": [6.375, 7.25, 6.5, 7.75], "texture": "#0"},
				"up": {"uv": [6.375, 7.25, 6.5, 7.375], "texture": "#0"}
			}
		},
		{
			"name": "t2_14",
			"from": [9.5, 4.25, 7.95],
			"to": [9.625, 4.75, 8.175],
			"rotation": {"angle": 0, "axis": "y", "origin": [10, 3, 8]},
			"faces": {
				"north": {"uv": [9.625, 7.25, 9.5, 7.75], "texture": "#0"},
				"east": {"uv": [9.5, 7.25, 9.625, 7.75], "texture": "#0"},
				"south": {"uv": [9.5, 7.25, 9.625, 7.75], "texture": "#0"},
				"up": {"uv": [9.5, 7.25, 9.625, 7.375], "texture": "#0"}
			}
		},
		{
			"name": "t2_15",
			"from": [6.25, 3.25, 7.95],
			"to": [6.375, 4.5, 8.175],
			"rotation": {"angle": 0, "axis": "y", "origin": [10, 3, 8]},
			"faces": {
				"north": {"uv": [6.375, 7.5, 6.25, 8.75], "texture": "#0"},
				"south": {"uv": [6.25, 7.5, 6.375, 8.75], "texture": "#0"},
				"west": {"uv": [6.25, 7.5, 6.375, 8.75], "texture": "#0"},
				"up": {"uv": [6.25, 7.5, 6.375, 7.625], "texture": "#0"},
				"down": {"uv": [6.25, 8.625, 6.375, 8.75], "texture": "#0"}
			}
		},
		{
			"name": "t2_16",
			"from": [9.625, 3.25, 7.95],
			"to": [9.75, 4.5, 8.175],
			"rotation": {"angle": 0, "axis": "y", "origin": [10, 3, 8]},
			"faces": {
				"north": {"uv": [9.75, 7.5, 9.625, 8.75], "texture": "#0"},
				"east": {"uv": [9.625, 7.5, 9.75, 8.75], "texture": "#0"},
				"south": {"uv": [9.625, 7.5, 9.75, 8.75], "texture": "#0"},
				"up": {"uv": [9.625, 7.5, 9.75, 7.625], "texture": "#0"},
				"down": {"uv": [9.625, 8.625, 9.75, 8.75], "texture": "#0"}
			}
		},
		{
			"name": "t2_17",
			"from": [6.125, 3.5, 7.95],
			"to": [6.25, 4.25, 8.175],
			"rotation": {"angle": 0, "axis": "y", "origin": [10, 3, 8]},
			"faces": {
				"north": {"uv": [6.25, 7.75, 6.125, 8.5], "texture": "#0"},
				"south": {"uv": [6.125, 7.75, 6.25, 8.5], "texture": "#0"},
				"west": {"uv": [6.125, 7.75, 6.25, 8.5], "texture": "#0"},
				"up": {"uv": [6.125, 7.75, 6.25, 7.875], "texture": "#0"},
				"down": {"uv": [6.125, 8.375, 6.25, 8.5], "texture": "#0"}
			}
		},
		{
			"name": "t2_18",
			"from": [9.75, 3.5, 7.95],
			"to": [9.875, 4.25, 8.175],
			"rotation": {"angle": 0, "axis": "y", "origin": [10, 3, 8]},
			"faces": {
				"north": {"uv": [9.875, 7.75, 9.75, 8.5], "texture": "#0"},
				"east": {"uv": [9.75, 7.75, 9.875, 8.5], "texture": "#0"},
				"south": {"uv": [9.75, 7.75, 9.875, 8.5], "texture": "#0"},
				"up": {"uv": [9.75, 7.75, 9.875, 7.875], "texture": "#0"},
				"down": {"uv": [9.75, 8.375, 9.875, 8.5], "texture": "#0"}
			}
		},
		{
			"name": "t2_19",
			"from": [6.625, 4, 7.95],
			"to": [6.875, 4.125, 8.175],
			"rotation": {"angle": 0, "axis": "y", "origin": [10, 3, 8]},
			"faces": {
				"north": {"uv": [6.875, 7.875, 6.625, 8], "texture": "#0"},
				"east": {"uv": [6.75, 7.875, 6.875, 8], "texture": "#0"},
				"south": {"uv": [6.625, 7.875, 6.875, 8], "texture": "#0"},
				"up": {"uv": [6.625, 7.875, 6.875, 8], "texture": "#0"},
				"down": {"uv": [6.625, 7.875, 6.875, 8], "texture": "#0"}
			}
		},
		{
			"name": "t2_20",
			"from": [9.125, 4, 7.95],
			"to": [9.375, 4.125, 8.175],
			"rotation": {"angle": 0, "axis": "y", "origin": [10, 3, 8]},
			"faces": {
				"north": {"uv": [9.375, 7.875, 9.125, 8], "texture": "#0"},
				"south": {"uv": [9.125, 7.875, 9.375, 8], "texture": "#0"},
				"west": {"uv": [9.125, 7.875, 9.25, 8], "texture": "#0"},
				"up": {"uv": [9.125, 7.875, 9.375, 8], "texture": "#0"},
				"down": {"uv": [9.125, 7.875, 9.375, 8], "texture": "#0"}
			}
		},
		{
			"name": "t2_21",
			"from": [6.875, 3.75, 7.95],
			"to": [7, 4, 8.175],
			"rotation": {"angle": 0, "axis": "y", "origin": [10, 3, 8]},
			"faces": {
				"north": {"uv": [7, 8, 6.875, 8.25], "texture": "#0"},
				"east": {"uv": [6.875, 8, 7, 8.25], "texture": "#0"},
				"south": {"uv": [6.875, 8, 7, 8.25], "texture": "#0"},
				"west": {"uv": [6.875, 8, 7, 8.25], "texture": "#0"},
				"up": {"uv": [6.875, 8, 7, 8.125], "texture": "#0"},
				"down": {"uv": [6.875, 8.125, 7, 8.25], "texture": "#0"}
			}
		},
		{
			"name": "t2_22",
			"from": [9, 3.75, 7.95],
			"to": [9.125, 4, 8.175],
			"rotation": {"angle": 0, "axis": "y", "origin": [10, 3, 8]},
			"faces": {
				"north": {"uv": [9.125, 8, 9, 8.25], "texture": "#0"},
				"east": {"uv": [9, 8, 9.125, 8.25], "texture": "#0"},
				"south": {"uv": [9, 8, 9.125, 8.25], "texture": "#0"},
				"west": {"uv": [9, 8, 9.125, 8.25], "texture": "#0"},
				"up": {"uv": [9, 8, 9.125, 8.125], "texture": "#0"},
				"down": {"uv": [9, 8.125, 9.125, 8.25], "texture": "#0"}
			}
		},
		{
			"name": "t2_23",
			"from": [6.625, 3.625, 7.95],
			"to": [6.875, 3.75, 8.175],
			"rotation": {"angle": 0, "axis": "y", "origin": [10, 3, 8]},
			"faces": {
				"north": {"uv": [6.875, 8.25, 6.625, 8.375], "texture": "#0"},
				"east": {"uv": [6.75, 8.25, 6.875, 8.375], "texture": "#0"},
				"south": {"uv": [6.625, 8.25, 6.875, 8.375], "texture": "#0"},
				"up": {"uv": [6.625, 8.25, 6.875, 8.375], "texture": "#0"},
				"down": {"uv": [6.625, 8.25, 6.875, 8.375], "texture": "#0"}
			}
		},
		{
			"name": "t2_24",
			"from": [9.125, 3.625, 7.95],
			"to": [9.375, 3.75, 8.175],
			"rotation": {"angle": 0, "axis": "y", "origin": [10, 3, 8]},
			"faces": {
				"north": {"uv": [9.375, 8.25, 9.125, 8.375], "texture": "#0"},
				"south": {"uv": [9.125, 8.25, 9.375, 8.375], "texture": "#0"},
				"west": {"uv": [9.125, 8.25, 9.25, 8.375], "texture": "#0"},
				"up": {"uv": [9.125, 8.25, 9.375, 8.375], "texture": "#0"},
				"down": {"uv": [9.125, 8.25, 9.375, 8.375], "texture": "#0"}
			}
		},
		{
			"name": "t2_25",
			"from": [6.375, 3, 7.95],
			"to": [6.5, 3.5, 8.175],
			"rotation": {"angle": 0, "axis": "y", "origin": [10, 3, 8]},
			"faces": {
				"north": {"uv": [6.5, 8.5, 6.375, 9], "texture": "#0"},
				"south": {"uv": [6.375, 8.5, 6.5, 9], "texture": "#0"},
				"west": {"uv": [6.375, 8.5, 6.5, 9], "texture": "#0"},
				"down": {"uv": [6.375, 8.875, 6.5, 9], "texture": "#0"}
			}
		},
		{
			"name": "t2_26",
			"from": [9.5, 3, 7.95],
			"to": [9.625, 3.5, 8.175],
			"rotation": {"angle": 0, "axis": "y", "origin": [10, 3, 8]},
			"faces": {
				"north": {"uv": [9.625, 8.5, 9.5, 9], "texture": "#0"},
				"east": {"uv": [9.5, 8.5, 9.625, 9], "texture": "#0"},
				"south": {"uv": [9.5, 8.5, 9.625, 9], "texture": "#0"},
				"down": {"uv": [9.5, 8.875, 9.625, 9], "texture": "#0"}
			}
		},
		{
			"name": "t2_27",
			"from": [6.5, 2.75, 7.95],
			"to": [6.625, 3.25, 8.175],
			"rotation": {"angle": 0, "axis": "y", "origin": [10, 3, 8]},
			"faces": {
				"north": {"uv": [6.625, 8.75, 6.5, 9.25], "texture": "#0"},
				"south": {"uv": [6.5, 8.75, 6.625, 9.25], "texture": "#0"},
				"west": {"uv": [6.5, 8.75, 6.625, 9.25], "texture": "#0"},
				"down": {"uv": [6.5, 9.125, 6.625, 9.25], "texture": "#0"}
			}
		},
		{
			"name": "t2_28",
			"from": [9.375, 2.75, 7.95],
			"to": [9.5, 3.25, 8.175],
			"rotation": {"angle": 0, "axis": "y", "origin": [10, 3, 8]},
			"faces": {
				"north": {"uv": [9.5, 8.75, 9.375, 9.25], "texture": "#0"},
				"east": {"uv": [9.375, 8.75, 9.5, 9.25], "texture": "#0"},
				"south": {"uv": [9.375, 8.75, 9.5, 9.25], "texture": "#0"},
				"down": {"uv": [9.375, 9.125, 9.5, 9.25], "texture": "#0"}
			}
		},
		{
			"name": "t2_29",
			"from": [6.625, 2.625, 7.95],
			"to": [6.75, 3, 8.175],
			"rotation": {"angle": 0, "axis": "y", "origin": [10, 3, 8]},
			"faces": {
				"north": {"uv": [6.75, 9, 6.625, 9.375], "texture": "#0"},
				"south": {"uv": [6.625, 9, 6.75, 9.375], "texture": "#0"},
				"west": {"uv": [6.625, 9, 6.75, 9.375], "texture": "#0"},
				"down": {"uv": [6.625, 9.25, 6.75, 9.375], "texture": "#0"}
			}
		},
		{
			"name": "t2_30",
			"from": [9.25, 2.625, 7.95],
			"to": [9.375, 3, 8.175],
			"rotation": {"angle": 0, "axis": "y", "origin": [10, 3, 8]},
			"faces": {
				"north": {"uv": [9.375, 9, 9.25, 9.375], "texture": "#0"},
				"east": {"uv": [9.25, 9, 9.375, 9.375], "texture": "#0"},
				"south": {"uv": [9.25, 9, 9.375, 9.375], "texture": "#0"},
				"down": {"uv": [9.25, 9.25, 9.375, 9.375], "texture": "#0"}
			}
		},
		{
			"name": "t2_31",
			"from": [7.875, 2.75, 7.95],
			"to": [8.125, 2.875, 8.175],
			"rotation": {"angle": 0, "axis": "y", "origin": [10, 3, 8]},
			"faces": {
				"north": {"uv": [8.125, 9.125, 7.875, 9.25], "texture": "#0"},
				"east": {"uv": [8, 9.125, 8.125, 9.25], "texture": "#0"},
				"south": {"uv": [7.875, 9.125, 8.125, 9.25], "texture": "#0"},
				"west": {"uv": [7.875, 9.125, 8, 9.25], "texture": "#0"},
				"up": {"uv": [7.875, 9.125, 8.125, 9.25], "texture": "#0"},
				"down": {"uv": [7.875, 9.125, 8.125, 9.25], "texture": "#0"}
			}
		},
		{
			"name": "t2_32",
			"from": [6.75, 2.5, 7.95],
			"to": [6.875, 2.75, 8.175],
			"rotation": {"angle": 0, "axis": "y", "origin": [10, 3, 8]},
			"faces": {
				"north": {"uv": [6.875, 9.25, 6.75, 9.5], "texture": "#0"},
				"south": {"uv": [6.75, 9.25, 6.875, 9.5], "texture": "#0"},
				"west": {"uv": [6.75, 9.25, 6.875, 9.5], "texture": "#0"},
				"down": {"uv": [6.75, 9.375, 6.875, 9.5], "texture": "#0"}
			}
		},
		{
			"name": "t2_33",
			"from": [7.75, 2.5, 7.95],
			"to": [7.875, 2.75, 8.175],
			"rotation": {"angle": 0, "axis": "y", "origin": [10, 3, 8]},
			"faces": {
				"north": {"uv": [7.875, 9.25, 7.75, 9.5], "texture": "#0"},
				"east": {"uv": [7.75, 9.25, 7.875, 9.5], "texture": "#0"},
				"south": {"uv": [7.75, 9.25, 7.875, 9.5], "texture": "#0"},
				"west": {"uv": [7.75, 9.25, 7.875, 9.5], "texture": "#0"},
				"up": {"uv": [7.75, 9.25, 7.875, 9.375], "texture": "#0"}
			}
		},
		{
			"name": "t2_34",
			"from": [8.125, 2.5, 7.95],
			"to": [8.25, 2.75, 8.175],
			"rotation": {"angle": 0, "axis": "y", "origin": [10, 3, 8]},
			"faces": {
				"north": {"uv": [8.25, 9.25, 8.125, 9.5], "texture": "#0"},
				"east": {"uv": [8.125, 9.25, 8.25, 9.5], "texture": "#0"},
				"south": {"uv": [8.125, 9.25, 8.25, 9.5], "texture": "#0"},
				"west": {"uv": [8.125, 9.25, 8.25, 9.5], "texture": "#0"},
				"up": {"uv": [8.125, 9.25, 8.25, 9.375], "texture": "#0"}
			}
		},
		{
			"name": "t2_35",
			"from": [9.125, 2.5, 7.95],
			"to": [9.25, 2.75, 8.175],
			"rotation": {"angle": 0, "axis": "y", "origin": [10, 3, 8]},
			"faces": {
				"north": {"uv": [9.25, 9.25, 9.125, 9.5], "texture": "#0"},
				"east": {"uv": [9.125, 9.25, 9.25, 9.5], "texture": "#0"},
				"south": {"uv": [9.125, 9.25, 9.25, 9.5], "texture": "#0"},
				"down": {"uv": [9.125, 9.375, 9.25, 9.5], "texture": "#0"}
			}
		},
		{
			"name": "t2_36",
			"from": [6.875, 2.375, 7.95],
			"to": [7.125, 2.625, 8.175],
			"rotation": {"angle": 0, "axis": "y", "origin": [10, 3, 8]},
			"faces": {
				"north": {"uv": [7.125, 9.375, 6.875, 9.625], "texture": "#0"},
				"south": {"uv": [6.875, 9.375, 7.125, 9.625], "texture": "#0"},
				"west": {"uv": [6.875, 9.375, 7, 9.625], "texture": "#0"},
				"down": {"uv": [6.875, 9.5, 7.125, 9.625], "texture": "#0"}
			}
		},
		{
			"name": "t2_37",
			"from": [8.875, 2.375, 7.95],
			"to": [9.125, 2.625, 8.175],
			"rotation": {"angle": 0, "axis": "y", "origin": [10, 3, 8]},
			"faces": {
				"north": {"uv": [9.125, 9.375, 8.875, 9.625], "texture": "#0"},
				"east": {"uv": [9, 9.375, 9.125, 9.625], "texture": "#0"},
				"south": {"uv": [8.875, 9.375, 9.125, 9.625], "texture": "#0"},
				"down": {"uv": [8.875, 9.5, 9.125, 9.625], "texture": "#0"}
			}
		},
		{
			"name": "t2_38",
			"from": [7.125, 2.25, 7.95],
			"to": [7.375, 2.5, 8.175],
			"rotation": {"angle": 0, "axis": "y", "origin": [10, 3, 8]},
			"faces": {
				"north": {"uv": [7.375, 9.5, 7.125, 9.75], "texture": "#0"},
				"south": {"uv": [7.125, 9.5, 7.375, 9.75], "texture": "#0"},
				"west": {"uv": [7.125, 9.5, 7.25, 9.75], "texture": "#0"},
				"down": {"uv": [7.125, 9.625, 7.375, 9.75], "texture": "#0"}
			}
		},
		{
			"name": "t2_39",
			"from": [8.625, 2.25, 7.95],
			"to": [8.875, 2.5, 8.175],
			"rotation": {"angle": 0, "axis": "y", "origin": [10, 3, 8]},
			"faces": {
				"north": {"uv": [8.875, 9.5, 8.625, 9.75], "texture": "#0"},
				"east": {"uv": [8.75, 9.5, 8.875, 9.75], "texture": "#0"},
				"south": {"uv": [8.625, 9.5, 8.875, 9.75], "texture": "#0"},
				"down": {"uv": [8.625, 9.625, 8.875, 9.75], "texture": "#0"}
			}
		},
		{
			"name": "t2_40",
			"from": [7.375, 2.125, 7.95],
			"to": [7.625, 2.375, 8.175],
			"rotation": {"angle": 0, "axis": "y", "origin": [10, 3, 8]},
			"faces": {
				"north": {"uv": [7.625, 9.625, 7.375, 9.875], "texture": "#0"},
				"south": {"uv": [7.375, 9.625, 7.625, 9.875], "texture": "#0"},
				"west": {"uv": [7.375, 9.625, 7.5, 9.875], "texture": "#0"},
				"down": {"uv": [7.375, 9.75, 7.625, 9.875], "texture": "#0"}
			}
		},
		{
			"name": "t2_41",
			"from": [8.375, 2.125, 7.95],
			"to": [8.625, 2.375, 8.175],
			"rotation": {"angle": 0, "axis": "y", "origin": [10, 3, 8]},
			"faces": {
				"north": {"uv": [8.625, 9.625, 8.375, 9.875], "texture": "#0"},
				"east": {"uv": [8.5, 9.625, 8.625, 9.875], "texture": "#0"},
				"south": {"uv": [8.375, 9.625, 8.625, 9.875], "texture": "#0"},
				"down": {"uv": [8.375, 9.75, 8.625, 9.875], "texture": "#0"}
			}
		},
		{
			"name": "t2_42",
			"from": [7.625, 2, 7.95],
			"to": [8.375, 2.25, 8.175],
			"rotation": {"angle": 0, "axis": "y", "origin": [10, 3, 8]},
			"faces": {
				"north": {"uv": [8.375, 9.75, 7.625, 10], "texture": "#0"},
				"east": {"uv": [8.25, 9.75, 8.375, 10], "texture": "#0"},
				"south": {"uv": [7.625, 9.75, 8.375, 10], "texture": "#0"},
				"west": {"uv": [7.625, 9.75, 7.75, 10], "texture": "#0"},
				"down": {"uv": [7.625, 9.875, 8.375, 10], "texture": "#0"}
			}
		},
		{
			"from": [7.5, 1.6, 8.05],
			"to": [11.7, 6, 8.05],
			"rotation": {"angle": 45, "axis": "z", "origin": [8.8, 1.8, 8]},
			"faces": {
				"north": {"uv": [0, 0, 16, 16], "rotation": 270, "texture": "#1"},
				"south": {"uv": [0, 16, 16, 0], "rotation": 90, "texture": "#1"}
			}
		}
	],
	"gui_light": "front",
	"display": {
		"thirdperson_righthand": {
			"rotation": [0, -90, -90],
			"translation": [0, -1.75, 9.5],
			"scale": [3.3, 3.3, 3]
		},
		"thirdperson_lefthand": {
			"rotation": [0, -90, -90],
			"translation": [0, -1.75, 9.5],
			"scale": [3.3, 3.3, 3]
		},
		"firstperson_righthand": {
			"rotation": [8, -90, -125],
			"translation": [0, -1.75, 8],
			"scale": [2.5, 2.5, 2]
		},
		"firstperson_lefthand": {
			"rotation": [8, -90, -125],
			"translation": [0, -1.75, 8],
			"scale": [2.5, 2.5, 2]
		},
		"ground": {
			"translation": [0, 7, 0],
			"scale": [2, 2, 2]
		},
		"gui": {
			"rotation": [0, 0, 137],
			"translation": [-9, -10, 0],
			"scale": [3.1, 3.1, 2]
		},
		"head": {
			"rotation": [0, 0, 144],
			"translation": [-2, -19.75, 3.75],
			"scale": [4, 4, 3.75]
		},
		"fixed": {
			"rotation": [0, 180, 140],
			"translation": [10.5, -12, -0.75],
			"scale": [3.8, 3.8, 2.5]
		}
	},
	"groups": [
		{
			"name": "t1",
			"origin": [8, 8, 8],
			"color": 0,
			"children": [
				0,
				1,
				2,
				3,
				4,
				5,
				6,
				7,
				8,
				9,
				10,
				11,
				12,
				13,
				14,
				15,
				16,
				17,
				18,
				19,
				20,
				21,
				22,
				23,
				24,
				25,
				26,
				27,
				28,
				29,
				30,
				31,
				32,
				33,
				34,
				35,
				36,
				37,
				38,
				39,
				40,
				41,
				42,
				43,
				44,
				45,
				46,
				47,
				48,
				49,
				50,
				51,
				52,
				53,
				54,
				55,
				56,
				57,
				58,
				59,
				60,
				61,
				62,
				63,
				64,
				65,
				66,
				67,
				68,
				69,
				70,
				71,
				72,
				73,
				74,
				75,
				76,
				77,
				78
			]
		},
		{
			"name": "t2",
			"origin": [8, 8, 8],
			"color": 0,
			"children": [79, 80, 81, 82, 83, 84, 85, 86, 87, 88, 89, 90, 91, 92, 93, 94, 95, 96, 97, 98, 99, 100, 101, 102, 103, 104, 105, 106, 107, 108, 109, 110, 111, 112, 113, 114, 115, 116, 117, 118, 119, 120, 121]
		},
		122
	]
}