{
	"credit": "Made with Blockbench",
	"textures": {
		"0": "simplyswords:item/watcher_claymore",
		"1": "simplyswords:item/watcher_layer",
		"particle": "simplyswords:item/watcher_claymore"
	},
	"elements": [
		{
			"name": "w2_0",
			"from": [8.275, 12.25, 7.95],
			"to": [8.4, 12.75, 8.175],
			"rotation": {"angle": 0, "axis": "y", "origin": [-4.6, -1, 8]},
			"faces": {
				"north": {"uv": [13, 2.25, 12.875, 2.75], "texture": "#0"},
				"east": {"uv": [12.875, 2.25, 13, 2.75], "texture": "#0"},
				"south": {"uv": [12.875, 2.25, 13, 2.75], "texture": "#0"},
				"west": {"uv": [12.875, 2.25, 13, 2.75], "texture": "#0"},
				"up": {"uv": [12.875, 2.25, 13, 2.375], "texture": "#0"},
				"down": {"uv": [12.875, 2.625, 13, 2.75], "texture": "#0"}
			}
		},
		{
			"name": "w2_1",
			"from": [8.15, 11.625, 7.95],
			"to": [8.275, 12.625, 8.175],
			"rotation": {"angle": 0, "axis": "y", "origin": [-4.6, -1, 8]},
			"faces": {
				"north": {"uv": [12.875, 2.375, 12.75, 3.375], "texture": "#0"},
				"east": {"uv": [12.75, 2.375, 12.875, 3.375], "texture": "#0"},
				"south": {"uv": [12.75, 2.375, 12.875, 3.375], "texture": "#0"},
				"west": {"uv": [12.75, 2.375, 12.875, 3.375], "texture": "#0"},
				"up": {"uv": [12.75, 2.375, 12.875, 2.5], "texture": "#0"},
				"down": {"uv": [12.75, 3.25, 12.875, 3.375], "texture": "#0"}
			}
		},
		{
			"name": "w2_2",
			"from": [8.025, 5.5, 7.95],
			"to": [8.15, 12.375, 8.175],
			"rotation": {"angle": 0, "axis": "y", "origin": [-4.6, -1, 8]},
			"faces": {
				"north": {"uv": [12.75, 2.625, 12.625, 9.5], "texture": "#0"},
				"east": {"uv": [12.625, 2.625, 12.75, 9.5], "texture": "#0"},
				"south": {"uv": [12.625, 2.625, 12.75, 9.5], "texture": "#0"},
				"west": {"uv": [12.625, 2.625, 12.75, 9.5], "texture": "#0"},
				"up": {"uv": [12.625, 2.625, 12.75, 2.75], "texture": "#0"},
				"down": {"uv": [12.625, 9.375, 12.75, 9.5], "texture": "#0"}
			}
		},
		{
			"name": "w2_3",
			"from": [7.9, 7, 7.95],
			"to": [8.025, 12, 8.175],
			"rotation": {"angle": 0, "axis": "y", "origin": [-4.6, -1, 8]},
			"faces": {
				"north": {"uv": [12.625, 3, 12.5, 8], "texture": "#0"},
				"east": {"uv": [12.5, 3, 12.625, 8], "texture": "#0"},
				"south": {"uv": [12.5, 3, 12.625, 8], "texture": "#0"},
				"west": {"uv": [12.5, 3, 12.625, 8], "texture": "#0"},
				"up": {"uv": [12.5, 3, 12.625, 3.125], "texture": "#0"},
				"down": {"uv": [12.5, 7.875, 12.625, 8], "texture": "#0"}
			}
		},
		{
			"name": "w2_4",
			"from": [7.775, 7.5, 7.95],
			"to": [7.9, 11.5, 8.175],
			"rotation": {"angle": 0, "axis": "y", "origin": [-4.6, -1, 8]},
			"faces": {
				"north": {"uv": [12.5, 3.5, 12.375, 7.5], "texture": "#0"},
				"east": {"uv": [12.375, 3.5, 12.5, 7.5], "texture": "#0"},
				"south": {"uv": [12.375, 3.5, 12.5, 7.5], "texture": "#0"},
				"west": {"uv": [12.375, 3.5, 12.5, 7.5], "texture": "#0"},
				"up": {"uv": [12.375, 3.5, 12.5, 3.625], "texture": "#0"},
				"down": {"uv": [12.375, 7.375, 12.5, 7.5], "texture": "#0"}
			}
		},
		{
			"name": "w2_5",
			"from": [7.65, 4.75, 7.95],
			"to": [8.025, 5.125, 8.175],
			"rotation": {"angle": 0, "axis": "y", "origin": [-4.6, -1, 8]},
			"faces": {
				"north": {"uv": [12.625, 9.875, 12.25, 10.25], "texture": "#0"},
				"east": {"uv": [12.5, 9.875, 12.625, 10.25], "texture": "#0"},
				"south": {"uv": [12.25, 9.875, 12.625, 10.25], "texture": "#0"},
				"west": {"uv": [12.25, 9.875, 12.375, 10.25], "texture": "#0"},
				"up": {"uv": [12.25, 9.875, 12.625, 10], "texture": "#0"},
				"down": {"uv": [12.25, 10.125, 12.625, 10.25], "texture": "#0"}
			}
		},
		{
			"name": "w2_6",
			"from": [7.4, 4.5, 7.95],
			"to": [7.65, 4.75, 8.175],
			"rotation": {"angle": 0, "axis": "y", "origin": [-4.6, -1, 8]},
			"faces": {
				"north": {"uv": [12.25, 10.25, 12, 10.5], "texture": "#0"},
				"east": {"uv": [12.125, 10.25, 12.25, 10.5], "texture": "#0"},
				"south": {"uv": [12, 10.25, 12.25, 10.5], "texture": "#0"},
				"west": {"uv": [12, 10.25, 12.125, 10.5], "texture": "#0"},
				"up": {"uv": [12, 10.25, 12.25, 10.375], "texture": "#0"},
				"down": {"uv": [12, 10.375, 12.25, 10.5], "texture": "#0"}
			}
		},
		{
			"name": "w2_7",
			"from": [8.025, 4.5, 7.95],
			"to": [8.275, 4.75, 8.175],
			"rotation": {"angle": 0, "axis": "y", "origin": [-4.6, -1, 8]},
			"faces": {
				"north": {"uv": [12.875, 10.25, 12.625, 10.5], "texture": "#0"},
				"east": {"uv": [12.75, 10.25, 12.875, 10.5], "texture": "#0"},
				"south": {"uv": [12.625, 10.25, 12.875, 10.5], "texture": "#0"},
				"west": {"uv": [12.625, 10.25, 12.75, 10.5], "texture": "#0"},
				"up": {"uv": [12.625, 10.25, 12.875, 10.375], "texture": "#0"},
				"down": {"uv": [12.625, 10.375, 12.875, 10.5], "texture": "#0"}
			}
		},
		{
			"name": "w2_8",
			"from": [7.275, 4.25, 7.95],
			"to": [7.4, 4.625, 8.175],
			"rotation": {"angle": 0, "axis": "y", "origin": [-4.6, -1, 8]},
			"faces": {
				"north": {"uv": [12, 10.375, 11.875, 10.75], "texture": "#0"},
				"east": {"uv": [11.875, 10.375, 12, 10.75], "texture": "#0"},
				"south": {"uv": [11.875, 10.375, 12, 10.75], "texture": "#0"},
				"west": {"uv": [11.875, 10.375, 12, 10.75], "texture": "#0"},
				"up": {"uv": [11.875, 10.375, 12, 10.5], "texture": "#0"},
				"down": {"uv": [11.875, 10.625, 12, 10.75], "texture": "#0"}
			}
		},
		{
			"name": "w2_9",
			"from": [8.275, 4.25, 7.95],
			"to": [8.4, 4.625, 8.175],
			"rotation": {"angle": 0, "axis": "y", "origin": [-4.6, -1, 8]},
			"faces": {
				"north": {"uv": [13, 10.375, 12.875, 10.75], "texture": "#0"},
				"east": {"uv": [12.875, 10.375, 13, 10.75], "texture": "#0"},
				"south": {"uv": [12.875, 10.375, 13, 10.75], "texture": "#0"},
				"west": {"uv": [12.875, 10.375, 13, 10.75], "texture": "#0"},
				"up": {"uv": [12.875, 10.375, 13, 10.5], "texture": "#0"},
				"down": {"uv": [12.875, 10.625, 13, 10.75], "texture": "#0"}
			}
		},
		{
			"name": "w2_10",
			"from": [7.15, 4.25, 7.95],
			"to": [7.275, 4.5, 8.175],
			"rotation": {"angle": 0, "axis": "y", "origin": [-4.6, -1, 8]},
			"faces": {
				"north": {"uv": [11.875, 10.5, 11.75, 10.75], "texture": "#0"},
				"east": {"uv": [11.75, 10.5, 11.875, 10.75], "texture": "#0"},
				"south": {"uv": [11.75, 10.5, 11.875, 10.75], "texture": "#0"},
				"west": {"uv": [11.75, 10.5, 11.875, 10.75], "texture": "#0"},
				"up": {"uv": [11.75, 10.5, 11.875, 10.625], "texture": "#0"},
				"down": {"uv": [11.75, 10.625, 11.875, 10.75], "texture": "#0"}
			}
		},
		{
			"name": "w2_11",
			"from": [7.4, 4.375, 7.95],
			"to": [7.525, 4.5, 8.175],
			"rotation": {"angle": 0, "axis": "y", "origin": [-4.6, -1, 8]},
			"faces": {
				"north": {"uv": [12.125, 10.5, 12, 10.625], "texture": "#0"},
				"east": {"uv": [12, 10.5, 12.125, 10.625], "texture": "#0"},
				"south": {"uv": [12, 10.5, 12.125, 10.625], "texture": "#0"},
				"west": {"uv": [12, 10.5, 12.125, 10.625], "texture": "#0"},
				"up": {"uv": [12, 10.5, 12.125, 10.625], "texture": "#0"},
				"down": {"uv": [12, 10.5, 12.125, 10.625], "texture": "#0"}
			}
		},
		{
			"name": "w2_12",
			"from": [8.15, 4.375, 7.95],
			"to": [8.275, 4.5, 8.175],
			"rotation": {"angle": 0, "axis": "y", "origin": [-4.6, -1, 8]},
			"faces": {
				"north": {"uv": [12.875, 10.5, 12.75, 10.625], "texture": "#0"},
				"east": {"uv": [12.75, 10.5, 12.875, 10.625], "texture": "#0"},
				"south": {"uv": [12.75, 10.5, 12.875, 10.625], "texture": "#0"},
				"west": {"uv": [12.75, 10.5, 12.875, 10.625], "texture": "#0"},
				"up": {"uv": [12.75, 10.5, 12.875, 10.625], "texture": "#0"},
				"down": {"uv": [12.75, 10.5, 12.875, 10.625], "texture": "#0"}
			}
		},
		{
			"name": "w2_13",
			"from": [8.4, 4.25, 7.95],
			"to": [8.525, 4.5, 8.175],
			"rotation": {"angle": 0, "axis": "y", "origin": [-4.6, -1, 8]},
			"faces": {
				"north": {"uv": [13.125, 10.5, 13, 10.75], "texture": "#0"},
				"east": {"uv": [13, 10.5, 13.125, 10.75], "texture": "#0"},
				"south": {"uv": [13, 10.5, 13.125, 10.75], "texture": "#0"},
				"west": {"uv": [13, 10.5, 13.125, 10.75], "texture": "#0"},
				"up": {"uv": [13, 10.5, 13.125, 10.625], "texture": "#0"},
				"down": {"uv": [13, 10.625, 13.125, 10.75], "texture": "#0"}
			}
		},
		{
			"name": "w2_14",
			"from": [7.525, 4.125, 7.8],
			"to": [8.15, 4.375, 8.325],
			"rotation": {"angle": 0, "axis": "y", "origin": [-4.6, -1, 8]},
			"faces": {
				"north": {"uv": [12.75, 10.625, 12.125, 10.875], "texture": "#0"},
				"east": {"uv": [12.625, 10.625, 12.75, 10.875], "texture": "#0"},
				"south": {"uv": [12.125, 10.625, 12.75, 10.875], "texture": "#0"},
				"west": {"uv": [12.125, 10.625, 12.25, 10.875], "texture": "#0"},
				"up": {"uv": [12.125, 10.625, 12.75, 10.75], "texture": "#0"},
				"down": {"uv": [12.125, 10.75, 12.75, 10.875], "texture": "#0"}
			}
		},
		{
			"name": "w2_15",
			"from": [7.65, 2.125, 7.9],
			"to": [8.025, 2.375, 8.225],
			"rotation": {"angle": 0, "axis": "y", "origin": [-4.6, -1, 8]},
			"faces": {
				"north": {"uv": [12.625, 12.625, 12.25, 12.875], "texture": "#0"},
				"east": {"uv": [12.5, 12.625, 12.625, 12.875], "texture": "#0"},
				"south": {"uv": [12.25, 12.625, 12.625, 12.875], "texture": "#0"},
				"west": {"uv": [12.25, 12.625, 12.375, 12.875], "texture": "#0"},
				"up": {"uv": [12.25, 12.625, 12.625, 12.75], "texture": "#0"},
				"down": {"uv": [12.25, 12.75, 12.625, 12.875], "texture": "#0"}
			}
		},
		{
			"name": "w1_0",
			"from": [8.275, 12.75, 8],
			"to": [8.4, 13.25, 8.125],
			"rotation": {"angle": 0, "axis": "y", "origin": [-4.6, -1, 8]},
			"faces": {
				"north": {"uv": [13, 1.75, 12.875, 2.25], "texture": "#0"},
				"east": {"uv": [12.875, 1.75, 13, 2.25], "texture": "#0"},
				"south": {"uv": [12.875, 1.75, 13, 2.25], "texture": "#0"},
				"west": {"uv": [12.875, 1.75, 13, 2.25], "texture": "#0"},
				"up": {"uv": [12.875, 1.75, 13, 1.875], "texture": "#0"},
				"down": {"uv": [12.875, 2.125, 13, 2.25], "texture": "#0"}
			}
		},
		{
			"name": "w1_1",
			"from": [8.15, 12.625, 8],
			"to": [8.275, 13.125, 8.125],
			"rotation": {"angle": 0, "axis": "y", "origin": [-4.6, -1, 8]},
			"faces": {
				"north": {"uv": [12.875, 1.875, 12.75, 2.375], "texture": "#0"},
				"east": {"uv": [12.75, 1.875, 12.875, 2.375], "texture": "#0"},
				"south": {"uv": [12.75, 1.875, 12.875, 2.375], "texture": "#0"},
				"west": {"uv": [12.75, 1.875, 12.875, 2.375], "texture": "#0"},
				"up": {"uv": [12.75, 1.875, 12.875, 2], "texture": "#0"},
				"down": {"uv": [12.75, 2.25, 12.875, 2.375], "texture": "#0"}
			}
		},
		{
			"name": "w1_2",
			"from": [8.025, 12.375, 8],
			"to": [8.15, 13, 8.125],
			"rotation": {"angle": 0, "axis": "y", "origin": [-4.6, -1, 8]},
			"faces": {
				"north": {"uv": [12.75, 2, 12.625, 2.625], "texture": "#0"},
				"east": {"uv": [12.625, 2, 12.75, 2.625], "texture": "#0"},
				"south": {"uv": [12.625, 2, 12.75, 2.625], "texture": "#0"},
				"west": {"uv": [12.625, 2, 12.75, 2.625], "texture": "#0"},
				"up": {"uv": [12.625, 2, 12.75, 2.125], "texture": "#0"},
				"down": {"uv": [12.625, 2.5, 12.75, 2.625], "texture": "#0"}
			}
		},
		{
			"name": "w1_3",
			"from": [7.9, 12, 8],
			"to": [8.025, 12.75, 8.125],
			"rotation": {"angle": 0, "axis": "y", "origin": [-4.6, -1, 8]},
			"faces": {
				"north": {"uv": [12.625, 2.25, 12.5, 3], "texture": "#0"},
				"east": {"uv": [12.5, 2.25, 12.625, 3], "texture": "#0"},
				"south": {"uv": [12.5, 2.25, 12.625, 3], "texture": "#0"},
				"west": {"uv": [12.5, 2.25, 12.625, 3], "texture": "#0"},
				"up": {"uv": [12.5, 2.25, 12.625, 2.375], "texture": "#0"},
				"down": {"uv": [12.5, 2.875, 12.625, 3], "texture": "#0"}
			}
		},
		{
			"name": "w1_4",
			"from": [7.775, 11.5, 8],
			"to": [7.9, 12.5, 8.125],
			"rotation": {"angle": 0, "axis": "y", "origin": [-4.6, -1, 8]},
			"faces": {
				"north": {"uv": [12.5, 2.5, 12.375, 3.5], "texture": "#0"},
				"east": {"uv": [12.375, 2.5, 12.5, 3.5], "texture": "#0"},
				"south": {"uv": [12.375, 2.5, 12.5, 3.5], "texture": "#0"},
				"west": {"uv": [12.375, 2.5, 12.5, 3.5], "texture": "#0"},
				"up": {"uv": [12.375, 2.5, 12.5, 2.625], "texture": "#0"},
				"down": {"uv": [12.375, 3.375, 12.5, 3.5], "texture": "#0"}
			}
		},
		{
			"name": "w1_5",
			"from": [7.65, 7, 8],
			"to": [7.775, 12.125, 8.125],
			"rotation": {"angle": 0, "axis": "y", "origin": [-4.6, -1, 8]},
			"faces": {
				"north": {"uv": [12.375, 2.875, 12.25, 8], "texture": "#0"},
				"east": {"uv": [12.25, 2.875, 12.375, 8], "texture": "#0"},
				"south": {"uv": [12.25, 2.875, 12.375, 8], "texture": "#0"},
				"west": {"uv": [12.25, 2.875, 12.375, 8], "texture": "#0"},
				"up": {"uv": [12.25, 2.875, 12.375, 3], "texture": "#0"},
				"down": {"uv": [12.25, 7.875, 12.375, 8], "texture": "#0"}
			}
		},
		{
			"name": "w1_6",
			"from": [7.525, 5.5, 8],
			"to": [7.65, 11.5, 8.125],
			"rotation": {"angle": 0, "axis": "y", "origin": [-4.6, -1, 8]},
			"faces": {
				"north": {"uv": [12.25, 3.5, 12.125, 9.5], "texture": "#0"},
				"east": {"uv": [12.125, 3.5, 12.25, 9.5], "texture": "#0"},
				"south": {"uv": [12.125, 3.5, 12.25, 9.5], "texture": "#0"},
				"west": {"uv": [12.125, 3.5, 12.25, 9.5], "texture": "#0"},
				"up": {"uv": [12.125, 3.5, 12.25, 3.625], "texture": "#0"},
				"down": {"uv": [12.125, 9.375, 12.25, 9.5], "texture": "#0"}
			}
		},
		{
			"name": "w1_7",
			"from": [7.025, 5.5, 7.95],
			"to": [7.275, 5.625, 8.175],
			"rotation": {"angle": 0, "axis": "y", "origin": [-4.6, -1, 8]},
			"faces": {
				"north": {"uv": [11.875, 9.375, 11.625, 9.5], "texture": "#0"},
				"east": {"uv": [11.75, 9.375, 11.875, 9.5], "texture": "#0"},
				"south": {"uv": [11.625, 9.375, 11.875, 9.5], "texture": "#0"},
				"west": {"uv": [11.625, 9.375, 11.75, 9.5], "texture": "#0"},
				"up": {"uv": [11.625, 9.375, 11.875, 9.5], "texture": "#0"},
				"down": {"uv": [11.625, 9.375, 11.875, 9.5], "texture": "#0"}
			}
		},
		{
			"name": "w1_8",
			"from": [8.4, 5.5, 7.95],
			"to": [8.65, 5.625, 8.175],
			"rotation": {"angle": 0, "axis": "y", "origin": [-4.6, -1, 8]},
			"faces": {
				"north": {"uv": [13.25, 9.375, 13, 9.5], "texture": "#0"},
				"east": {"uv": [13.125, 9.375, 13.25, 9.5], "texture": "#0"},
				"south": {"uv": [13, 9.375, 13.25, 9.5], "texture": "#0"},
				"west": {"uv": [13, 9.375, 13.125, 9.5], "texture": "#0"},
				"up": {"uv": [13, 9.375, 13.25, 9.5], "texture": "#0"},
				"down": {"uv": [13, 9.375, 13.25, 9.5], "texture": "#0"}
			}
		},
		{
			"name": "w1_9",
			"from": [6.9, 5, 7.95],
			"to": [7.15, 5.5, 8.175],
			"rotation": {"angle": 0, "axis": "y", "origin": [-4.6, -1, 8]},
			"faces": {
				"north": {"uv": [11.75, 9.5, 11.5, 10], "texture": "#0"},
				"east": {"uv": [11.625, 9.5, 11.75, 10], "texture": "#0"},
				"south": {"uv": [11.5, 9.5, 11.75, 10], "texture": "#0"},
				"west": {"uv": [11.5, 9.5, 11.625, 10], "texture": "#0"},
				"up": {"uv": [11.5, 9.5, 11.75, 9.625], "texture": "#0"},
				"down": {"uv": [11.5, 9.875, 11.75, 10], "texture": "#0"}
			}
		},
		{
			"name": "w1_10",
			"from": [8.525, 5, 7.95],
			"to": [8.775, 5.5, 8.175],
			"rotation": {"angle": 0, "axis": "y", "origin": [-4.6, -1, 8]},
			"faces": {
				"north": {"uv": [13.375, 9.5, 13.125, 10], "texture": "#0"},
				"east": {"uv": [13.25, 9.5, 13.375, 10], "texture": "#0"},
				"south": {"uv": [13.125, 9.5, 13.375, 10], "texture": "#0"},
				"west": {"uv": [13.125, 9.5, 13.25, 10], "texture": "#0"},
				"up": {"uv": [13.125, 9.5, 13.375, 9.625], "texture": "#0"},
				"down": {"uv": [13.125, 9.875, 13.375, 10], "texture": "#0"}
			}
		},
		{
			"name": "w1_11",
			"from": [6.775, 4.5, 7.95],
			"to": [6.9, 5.375, 8.175],
			"rotation": {"angle": 0, "axis": "y", "origin": [-4.6, -1, 8]},
			"faces": {
				"north": {"uv": [11.5, 9.625, 11.375, 10.5], "texture": "#0"},
				"east": {"uv": [11.375, 9.625, 11.5, 10.5], "texture": "#0"},
				"south": {"uv": [11.375, 9.625, 11.5, 10.5], "texture": "#0"},
				"west": {"uv": [11.375, 9.625, 11.5, 10.5], "texture": "#0"},
				"up": {"uv": [11.375, 9.625, 11.5, 9.75], "texture": "#0"},
				"down": {"uv": [11.375, 10.375, 11.5, 10.5], "texture": "#0"}
			}
		},
		{
			"name": "w1_12",
			"from": [7.15, 4.875, 7.95],
			"to": [7.275, 5.375, 8.175],
			"rotation": {"angle": 0, "axis": "y", "origin": [-4.6, -1, 8]},
			"faces": {
				"north": {"uv": [11.875, 9.625, 11.75, 10.125], "texture": "#0"},
				"east": {"uv": [11.75, 9.625, 11.875, 10.125], "texture": "#0"},
				"south": {"uv": [11.75, 9.625, 11.875, 10.125], "texture": "#0"},
				"west": {"uv": [11.75, 9.625, 11.875, 10.125], "texture": "#0"},
				"up": {"uv": [11.75, 9.625, 11.875, 9.75], "texture": "#0"},
				"down": {"uv": [11.75, 10, 11.875, 10.125], "texture": "#0"}
			}
		},
		{
			"name": "w1_13",
			"from": [8.4, 4.875, 7.95],
			"to": [8.525, 5.375, 8.175],
			"rotation": {"angle": 0, "axis": "y", "origin": [-4.6, -1, 8]},
			"faces": {
				"north": {"uv": [13.125, 9.625, 13, 10.125], "texture": "#0"},
				"east": {"uv": [13, 9.625, 13.125, 10.125], "texture": "#0"},
				"south": {"uv": [13, 9.625, 13.125, 10.125], "texture": "#0"},
				"west": {"uv": [13, 9.625, 13.125, 10.125], "texture": "#0"},
				"up": {"uv": [13, 9.625, 13.125, 9.75], "texture": "#0"},
				"down": {"uv": [13, 10, 13.125, 10.125], "texture": "#0"}
			}
		},
		{
			"name": "w1_14",
			"from": [8.775, 4.5, 7.95],
			"to": [8.9, 5.375, 8.175],
			"rotation": {"angle": 0, "axis": "y", "origin": [-4.6, -1, 8]},
			"faces": {
				"north": {"uv": [13.5, 9.625, 13.375, 10.5], "texture": "#0"},
				"east": {"uv": [13.375, 9.625, 13.5, 10.5], "texture": "#0"},
				"south": {"uv": [13.375, 9.625, 13.5, 10.5], "texture": "#0"},
				"west": {"uv": [13.375, 9.625, 13.5, 10.5], "texture": "#0"},
				"up": {"uv": [13.375, 9.625, 13.5, 9.75], "texture": "#0"},
				"down": {"uv": [13.375, 10.375, 13.5, 10.5], "texture": "#0"}
			}
		},
		{
			"name": "w1_15",
			"from": [7.275, 4.875, 7.95],
			"to": [7.4, 5.25, 8.175],
			"rotation": {"angle": 0, "axis": "y", "origin": [-4.6, -1, 8]},
			"faces": {
				"north": {"uv": [12, 9.75, 11.875, 10.125], "texture": "#0"},
				"east": {"uv": [11.875, 9.75, 12, 10.125], "texture": "#0"},
				"south": {"uv": [11.875, 9.75, 12, 10.125], "texture": "#0"},
				"west": {"uv": [11.875, 9.75, 12, 10.125], "texture": "#0"},
				"up": {"uv": [11.875, 9.75, 12, 9.875], "texture": "#0"},
				"down": {"uv": [11.875, 10, 12, 10.125], "texture": "#0"}
			}
		},
		{
			"name": "w1_16",
			"from": [8.275, 4.875, 7.95],
			"to": [8.4, 5.25, 8.175],
			"rotation": {"angle": 0, "axis": "y", "origin": [-4.6, -1, 8]},
			"faces": {
				"north": {"uv": [13, 9.75, 12.875, 10.125], "texture": "#0"},
				"east": {"uv": [12.875, 9.75, 13, 10.125], "texture": "#0"},
				"south": {"uv": [12.875, 9.75, 13, 10.125], "texture": "#0"},
				"west": {"uv": [12.875, 9.75, 13, 10.125], "texture": "#0"},
				"up": {"uv": [12.875, 9.75, 13, 9.875], "texture": "#0"},
				"down": {"uv": [12.875, 10, 13, 10.125], "texture": "#0"}
			}
		},
		{
			"name": "w1_17",
			"from": [7.4, 4.75, 7.95],
			"to": [7.525, 5.125, 8.175],
			"rotation": {"angle": 0, "axis": "y", "origin": [-4.6, -1, 8]},
			"faces": {
				"north": {"uv": [12.125, 9.875, 12, 10.25], "texture": "#0"},
				"east": {"uv": [12, 9.875, 12.125, 10.25], "texture": "#0"},
				"south": {"uv": [12, 9.875, 12.125, 10.25], "texture": "#0"},
				"west": {"uv": [12, 9.875, 12.125, 10.25], "texture": "#0"},
				"up": {"uv": [12, 9.875, 12.125, 10], "texture": "#0"},
				"down": {"uv": [12, 10.125, 12.125, 10.25], "texture": "#0"}
			}
		},
		{
			"name": "w1_18",
			"from": [8.15, 4.75, 7.95],
			"to": [8.275, 5.125, 8.175],
			"rotation": {"angle": 0, "axis": "y", "origin": [-4.6, -1, 8]},
			"faces": {
				"north": {"uv": [12.875, 9.875, 12.75, 10.25], "texture": "#0"},
				"east": {"uv": [12.75, 9.875, 12.875, 10.25], "texture": "#0"},
				"south": {"uv": [12.75, 9.875, 12.875, 10.25], "texture": "#0"},
				"west": {"uv": [12.75, 9.875, 12.875, 10.25], "texture": "#0"},
				"up": {"uv": [12.75, 9.875, 12.875, 10], "texture": "#0"},
				"down": {"uv": [12.75, 10.125, 12.875, 10.25], "texture": "#0"}
			}
		},
		{
			"name": "w1_19",
			"from": [6.9, 4.75, 7.95],
			"to": [7.025, 5, 8.175],
			"rotation": {"angle": 0, "axis": "y", "origin": [-4.6, -1, 8]},
			"faces": {
				"north": {"uv": [11.625, 10, 11.5, 10.25], "texture": "#0"},
				"east": {"uv": [11.5, 10, 11.625, 10.25], "texture": "#0"},
				"south": {"uv": [11.5, 10, 11.625, 10.25], "texture": "#0"},
				"west": {"uv": [11.5, 10, 11.625, 10.25], "texture": "#0"},
				"up": {"uv": [11.5, 10, 11.625, 10.125], "texture": "#0"},
				"down": {"uv": [11.5, 10.125, 11.625, 10.25], "texture": "#0"}
			}
		},
		{
			"name": "w1_20",
			"from": [8.65, 4.75, 7.95],
			"to": [8.775, 5, 8.175],
			"rotation": {"angle": 0, "axis": "y", "origin": [-4.6, -1, 8]},
			"faces": {
				"north": {"uv": [13.375, 10, 13.25, 10.25], "texture": "#0"},
				"east": {"uv": [13.25, 10, 13.375, 10.25], "texture": "#0"},
				"south": {"uv": [13.25, 10, 13.375, 10.25], "texture": "#0"},
				"west": {"uv": [13.25, 10, 13.375, 10.25], "texture": "#0"},
				"up": {"uv": [13.25, 10, 13.375, 10.125], "texture": "#0"},
				"down": {"uv": [13.25, 10.125, 13.375, 10.25], "texture": "#0"}
			}
		},
		{
			"name": "w1_21",
			"from": [7.65, 4.375, 7.9],
			"to": [7.775, 4.625, 8.225],
			"rotation": {"angle": 0, "axis": "y", "origin": [-4.6, -1, 8]},
			"faces": {
				"north": {"uv": [12.375, 10.375, 12.25, 10.625], "texture": "#0"},
				"east": {"uv": [12.25, 10.375, 12.375, 10.625], "texture": "#0"},
				"south": {"uv": [12.25, 10.375, 12.375, 10.625], "texture": "#0"},
				"west": {"uv": [12.25, 10.375, 12.375, 10.625], "texture": "#0"},
				"up": {"uv": [12.25, 10.375, 12.375, 10.5], "texture": "#0"},
				"down": {"uv": [12.25, 10.5, 12.375, 10.625], "texture": "#0"}
			}
		},
		{
			"name": "w1_22",
			"from": [7.9, 4.375, 7.9],
			"to": [8.025, 4.625, 8.225],
			"rotation": {"angle": 0, "axis": "y", "origin": [-4.6, -1, 8]},
			"faces": {
				"north": {"uv": [12.625, 10.375, 12.5, 10.625], "texture": "#0"},
				"east": {"uv": [12.5, 10.375, 12.625, 10.625], "texture": "#0"},
				"south": {"uv": [12.5, 10.375, 12.625, 10.625], "texture": "#0"},
				"west": {"uv": [12.5, 10.375, 12.625, 10.625], "texture": "#0"},
				"up": {"uv": [12.5, 10.375, 12.625, 10.5], "texture": "#0"},
				"down": {"uv": [12.5, 10.5, 12.625, 10.625], "texture": "#0"}
			}
		},
		{
			"name": "w1_23",
			"from": [7.65, 2.375, 7.9],
			"to": [8.025, 4.125, 8.225],
			"rotation": {"angle": 0, "axis": "y", "origin": [-4.6, -1, 8]},
			"faces": {
				"north": {"uv": [12.625, 10.875, 12.25, 12.625], "texture": "#0"},
				"east": {"uv": [12.5, 10.875, 12.625, 12.625], "texture": "#0"},
				"south": {"uv": [12.25, 10.875, 12.625, 12.625], "texture": "#0"},
				"west": {"uv": [12.25, 10.875, 12.375, 12.625], "texture": "#0"},
				"up": {"uv": [12.25, 10.875, 12.625, 11], "texture": "#0"},
				"down": {"uv": [12.25, 12.5, 12.625, 12.625], "texture": "#0"}
			}
		},
		{
			"name": "w1_24",
			"from": [7.65, 1.25, 7.95],
			"to": [8.025, 2.125, 8.175],
			"rotation": {"angle": 0, "axis": "y", "origin": [-4.6, -1, 8]},
			"faces": {
				"north": {"uv": [12.625, 12.875, 12.25, 13.75], "texture": "#0"},
				"east": {"uv": [12.5, 12.875, 12.625, 13.75], "texture": "#0"},
				"south": {"uv": [12.25, 12.875, 12.625, 13.75], "texture": "#0"},
				"west": {"uv": [12.25, 12.875, 12.375, 13.75], "texture": "#0"},
				"up": {"uv": [12.25, 12.875, 12.625, 13], "texture": "#0"},
				"down": {"uv": [12.25, 13.625, 12.625, 13.75], "texture": "#0"}
			}
		},
		{
			"name": "w1_25",
			"from": [7.525, 1.375, 7.95],
			"to": [7.65, 2, 8.175],
			"rotation": {"angle": 0, "axis": "y", "origin": [-4.6, -1, 8]},
			"faces": {
				"north": {"uv": [12.25, 13, 12.125, 13.625], "texture": "#0"},
				"east": {"uv": [12.125, 13, 12.25, 13.625], "texture": "#0"},
				"south": {"uv": [12.125, 13, 12.25, 13.625], "texture": "#0"},
				"west": {"uv": [12.125, 13, 12.25, 13.625], "texture": "#0"},
				"up": {"uv": [12.125, 13, 12.25, 13.125], "texture": "#0"},
				"down": {"uv": [12.125, 13.5, 12.25, 13.625], "texture": "#0"}
			}
		},
		{
			"name": "w1_26",
			"from": [8.025, 1.375, 7.95],
			"to": [8.15, 2, 8.175],
			"rotation": {"angle": 0, "axis": "y", "origin": [-4.6, -1, 8]},
			"faces": {
				"north": {"uv": [12.75, 13, 12.625, 13.625], "texture": "#0"},
				"east": {"uv": [12.625, 13, 12.75, 13.625], "texture": "#0"},
				"south": {"uv": [12.625, 13, 12.75, 13.625], "texture": "#0"},
				"west": {"uv": [12.625, 13, 12.75, 13.625], "texture": "#0"},
				"up": {"uv": [12.625, 13, 12.75, 13.125], "texture": "#0"},
				"down": {"uv": [12.625, 13.5, 12.75, 13.625], "texture": "#0"}
			}
		},
		{
			"name": "w1_27",
			"from": [7.4, 1.5, 7.95],
			"to": [7.525, 1.875, 8.175],
			"rotation": {"angle": 0, "axis": "y", "origin": [-4.6, -1, 8]},
			"faces": {
				"north": {"uv": [12.125, 13.125, 12, 13.5], "texture": "#0"},
				"east": {"uv": [12, 13.125, 12.125, 13.5], "texture": "#0"},
				"south": {"uv": [12, 13.125, 12.125, 13.5], "texture": "#0"},
				"west": {"uv": [12, 13.125, 12.125, 13.5], "texture": "#0"},
				"up": {"uv": [12, 13.125, 12.125, 13.25], "texture": "#0"},
				"down": {"uv": [12, 13.375, 12.125, 13.5], "texture": "#0"}
			}
		},
		{
			"name": "w1_28",
			"from": [8.15, 1.5, 7.95],
			"to": [8.275, 1.875, 8.175],
			"rotation": {"angle": 0, "axis": "y", "origin": [-4.6, -1, 8]},
			"faces": {
				"north": {"uv": [12.875, 13.125, 12.75, 13.5], "texture": "#0"},
				"east": {"uv": [12.75, 13.125, 12.875, 13.5], "texture": "#0"},
				"south": {"uv": [12.75, 13.125, 12.875, 13.5], "texture": "#0"},
				"west": {"uv": [12.75, 13.125, 12.875, 13.5], "texture": "#0"},
				"up": {"uv": [12.75, 13.125, 12.875, 13.25], "texture": "#0"},
				"down": {"uv": [12.75, 13.375, 12.875, 13.5], "texture": "#0"}
			}
		},
		{
			"name": "w3_0",
			"from": [7.4, 5.375, 7.85],
			"to": [7.525, 5.625, 8.275],
			"rotation": {"angle": 0, "axis": "y", "origin": [-4.6, -1, 8]},
			"faces": {
				"north": {"uv": [12.125, 9.375, 12, 9.625], "texture": "#0"},
				"east": {"uv": [12, 9.375, 12.125, 9.625], "texture": "#0"},
				"south": {"uv": [12, 9.375, 12.125, 9.625], "texture": "#0"},
				"west": {"uv": [12, 9.375, 12.125, 9.625], "texture": "#0"},
				"up": {"uv": [12, 9.375, 12.125, 9.5], "texture": "#0"},
				"down": {"uv": [12, 9.5, 12.125, 9.625], "texture": "#0"}
			}
		},
		{
			"name": "w3_1",
			"from": [8.15, 5.375, 7.85],
			"to": [8.275, 5.625, 8.275],
			"rotation": {"angle": 0, "axis": "y", "origin": [-4.6, -1, 8]},
			"faces": {
				"north": {"uv": [12.875, 9.375, 12.75, 9.625], "texture": "#0"},
				"east": {"uv": [12.75, 9.375, 12.875, 9.625], "texture": "#0"},
				"south": {"uv": [12.75, 9.375, 12.875, 9.625], "texture": "#0"},
				"west": {"uv": [12.75, 9.375, 12.875, 9.625], "texture": "#0"},
				"up": {"uv": [12.75, 9.375, 12.875, 9.5], "texture": "#0"},
				"down": {"uv": [12.75, 9.5, 12.875, 9.625], "texture": "#0"}
			}
		},
		{
			"name": "w3_2",
			"from": [7.525, 4.75, 7.85],
			"to": [7.65, 5.5, 8.275],
			"rotation": {"angle": 0, "axis": "y", "origin": [-4.6, -1, 8]},
			"faces": {
				"north": {"uv": [12.25, 9.5, 12.125, 10.25], "texture": "#0"},
				"east": {"uv": [12.125, 9.5, 12.25, 10.25], "texture": "#0"},
				"south": {"uv": [12.125, 9.5, 12.25, 10.25], "texture": "#0"},
				"west": {"uv": [12.125, 9.5, 12.25, 10.25], "texture": "#0"},
				"up": {"uv": [12.125, 9.5, 12.25, 9.625], "texture": "#0"},
				"down": {"uv": [12.125, 10.125, 12.25, 10.25], "texture": "#0"}
			}
		},
		{
			"name": "w3_3",
			"from": [8.025, 4.75, 7.85],
			"to": [8.15, 5.5, 8.275],
			"rotation": {"angle": 0, "axis": "y", "origin": [-4.6, -1, 8]},
			"faces": {
				"north": {"uv": [12.75, 9.5, 12.625, 10.25], "texture": "#0"},
				"east": {"uv": [12.625, 9.5, 12.75, 10.25], "texture": "#0"},
				"south": {"uv": [12.625, 9.5, 12.75, 10.25], "texture": "#0"},
				"west": {"uv": [12.625, 9.5, 12.75, 10.25], "texture": "#0"},
				"up": {"uv": [12.625, 9.5, 12.75, 9.625], "texture": "#0"},
				"down": {"uv": [12.625, 10.125, 12.75, 10.25], "texture": "#0"}
			}
		},
		{
			"name": "w3_4",
			"from": [7.65, 5.125, 7.85],
			"to": [7.775, 5.375, 8.275],
			"rotation": {"angle": 0, "axis": "y", "origin": [-4.6, -1, 8]},
			"faces": {
				"north": {"uv": [12.375, 9.625, 12.25, 9.875], "texture": "#0"},
				"east": {"uv": [12.25, 9.625, 12.375, 9.875], "texture": "#0"},
				"south": {"uv": [12.25, 9.625, 12.375, 9.875], "texture": "#0"},
				"west": {"uv": [12.25, 9.625, 12.375, 9.875], "texture": "#0"},
				"up": {"uv": [12.25, 9.625, 12.375, 9.75], "texture": "#0"},
				"down": {"uv": [12.25, 9.75, 12.375, 9.875], "texture": "#0"}
			}
		},
		{
			"name": "w3_5",
			"from": [7.9, 5.125, 7.9],
			"to": [8.025, 5.375, 8.125],
			"rotation": {"angle": 0, "axis": "y", "origin": [-4.6, -1, 8]},
			"faces": {
				"north": {"uv": [12.625, 9.625, 12.5, 9.875], "texture": "#0"},
				"east": {"uv": [12.5, 9.625, 12.625, 9.875], "texture": "#0"},
				"south": {"uv": [12.5, 9.625, 12.625, 9.875], "texture": "#0"},
				"west": {"uv": [12.5, 9.625, 12.625, 9.875], "texture": "#0"},
				"up": {"uv": [12.5, 9.625, 12.625, 9.75], "texture": "#0"},
				"down": {"uv": [12.5, 9.75, 12.625, 9.875], "texture": "#0"}
			}
		},
		{
			"name": "w3_6",
			"from": [7.775, 5.125, 7.85],
			"to": [7.9, 5.25, 8.275],
			"rotation": {"angle": 0, "axis": "y", "origin": [-4.6, -1, 8]},
			"faces": {
				"north": {"uv": [12.5, 9.75, 12.375, 9.875], "texture": "#0"},
				"east": {"uv": [12.375, 9.75, 12.5, 9.875], "texture": "#0"},
				"south": {"uv": [12.375, 9.75, 12.5, 9.875], "texture": "#0"},
				"west": {"uv": [12.375, 9.75, 12.5, 9.875], "texture": "#0"},
				"up": {"uv": [12.375, 9.75, 12.5, 9.875], "texture": "#0"},
				"down": {"uv": [12.375, 9.75, 12.5, 9.875], "texture": "#0"}
			}
		},
		{
			"name": "w3_7",
			"from": [7.65, 4.625, 7.85],
			"to": [8.025, 4.75, 8.275],
			"rotation": {"angle": 0, "axis": "y", "origin": [-4.6, -1, 8]},
			"faces": {
				"north": {"uv": [12.625, 10.25, 12.25, 10.375], "texture": "#0"},
				"east": {"uv": [12.5, 10.25, 12.625, 10.375], "texture": "#0"},
				"south": {"uv": [12.25, 10.25, 12.625, 10.375], "texture": "#0"},
				"west": {"uv": [12.25, 10.25, 12.375, 10.375], "texture": "#0"},
				"up": {"uv": [12.25, 10.25, 12.625, 10.375], "texture": "#0"},
				"down": {"uv": [12.25, 10.25, 12.625, 10.375], "texture": "#0"}
			}
		},
		{
			"name": "w4_0",
			"from": [7.775, 5.25, 7.9],
			"to": [7.9, 7.5, 8.225],
			"rotation": {"angle": 0, "axis": "y", "origin": [-4.6, -1, 8]},
			"faces": {
				"north": {"uv": [12.5, 7.5, 12.375, 9.75], "texture": "#0"},
				"east": {"uv": [12.375, 7.5, 12.5, 9.75], "texture": "#0"},
				"south": {"uv": [12.375, 7.5, 12.5, 9.75], "texture": "#0"},
				"west": {"uv": [12.375, 7.5, 12.5, 9.75], "texture": "#0"},
				"up": {"uv": [12.375, 7.5, 12.5, 7.625], "texture": "#0"},
				"down": {"uv": [12.375, 9.625, 12.5, 9.75], "texture": "#0"}
			}
		},
		{
			"name": "w4_1",
			"from": [7.65, 5.375, 7.9],
			"to": [7.775, 7, 8.225],
			"rotation": {"angle": 0, "axis": "y", "origin": [-4.6, -1, 8]},
			"faces": {
				"north": {"uv": [12.375, 8, 12.25, 9.625], "texture": "#0"},
				"east": {"uv": [12.25, 8, 12.375, 9.625], "texture": "#0"},
				"south": {"uv": [12.25, 8, 12.375, 9.625], "texture": "#0"},
				"west": {"uv": [12.25, 8, 12.375, 9.625], "texture": "#0"},
				"up": {"uv": [12.25, 8, 12.375, 8.125], "texture": "#0"},
				"down": {"uv": [12.25, 9.5, 12.375, 9.625], "texture": "#0"}
			}
		},
		{
			"name": "w4_2",
			"from": [7.9, 5.375, 7.9],
			"to": [8.025, 7, 8.225],
			"rotation": {"angle": 0, "axis": "y", "origin": [-4.6, -1, 8]},
			"faces": {
				"north": {"uv": [12.625, 8, 12.5, 9.625], "texture": "#0"},
				"east": {"uv": [12.5, 8, 12.625, 9.625], "texture": "#0"},
				"south": {"uv": [12.5, 8, 12.625, 9.625], "texture": "#0"},
				"west": {"uv": [12.5, 8, 12.625, 9.625], "texture": "#0"},
				"up": {"uv": [12.5, 8, 12.625, 8.125], "texture": "#0"},
				"down": {"uv": [12.5, 9.5, 12.625, 9.625], "texture": "#0"}
			}
		},
		{
			"name": "w4_3",
			"from": [7.775, 4.375, 7.9],
			"to": [7.9, 4.625, 8.225],
			"rotation": {"angle": 0, "axis": "y", "origin": [-4.6, -1, 8]},
			"faces": {
				"north": {"uv": [12.5, 10.375, 12.375, 10.625], "texture": "#0"},
				"east": {"uv": [12.375, 10.375, 12.5, 10.625], "texture": "#0"},
				"south": {"uv": [12.375, 10.375, 12.5, 10.625], "texture": "#0"},
				"west": {"uv": [12.375, 10.375, 12.5, 10.625], "texture": "#0"},
				"up": {"uv": [12.375, 10.375, 12.5, 10.5], "texture": "#0"},
				"down": {"uv": [12.375, 10.5, 12.5, 10.625], "texture": "#0"}
			}
		},
		{
			"from": [2.5, 9.6, 7.9],
			"to": [8.5, 15.6, 7.9],
			"rotation": {"angle": -45, "axis": "z", "origin": [2.5, 7.6, 7.9]},
			"faces": {
				"north": {"uv": [0, 0, 16, 16], "texture": "#1"}
			}
		},
		{
			"from": [2.5, 9.6, 8.2],
			"to": [8.5, 15.6, 8.2],
			"rotation": {"angle": -45, "axis": "z", "origin": [2.5, 7.6, 8.2]},
			"faces": {
				"south": {"uv": [16, 0, 0, 16], "texture": "#1"}
			}
		}
	],
	"gui_light": "front",
	"display": {
		"thirdperson_righthand": {
			"rotation": [0, -90, 0],
			"translation": [0, 11.5, 2],
			"scale": [3.15, 3.15, 2.5]
		},
		"thirdperson_lefthand": {
			"rotation": [0, 90, 0],
			"translation": [0, 11, 1.25],
			"scale": [3.15, 3.15, 2.5]
		},
		"firstperson_righthand": {
			"rotation": [8, -90, 0],
			"translation": [0, 8, 2],
			"scale": [2.1, 2.1, 2]
		},
		"firstperson_lefthand": {
			"rotation": [8, 90, 0],
			"translation": [0, 8, 2],
			"scale": [2.1, 2.1, 2]
		},
		"ground": {
			"translation": [0, 7, 0],
			"scale": [2, 2, 2]
		},
		"gui": {
			"rotation": [0, 0, -43],
			"translation": [2.75, 2.75, 0],
			"scale": [2.5, 2.5, 2]
		},
		"head": {
			"rotation": [0, 0, 144],
			"translation": [-1.25, -15.25, 3.75],
			"scale": [4, 4, 3.75]
		},
		"fixed": {
			"rotation": [0, 180, -42],
			"translation": [-3.5, 3.25, -0.75],
			"scale": [3.8, 3.8, 2.5]
		}
	},
	"groups": [
		{
			"name": "w2",
			"origin": [8, 8, 8],
			"color": 0,
			"nbt": "{}",
			"children": [0, 1, 2, 3, 4, 5, 6, 7, 8, 9, 10, 11, 12, 13, 14, 15]
		},
		{
			"name": "w1",
			"origin": [8, 8, 8],
			"color": 0,
			"nbt": "{}",
			"children": [16, 17, 18, 19, 20, 21, 22, 23, 24, 25, 26, 27, 28, 29, 30, 31, 32, 33, 34, 35, 36, 37, 38, 39, 40, 41, 42, 43, 44]
		},
		{
			"name": "w3",
			"origin": [8, 8, 8],
			"color": 0,
			"nbt": "{}",
			"children": [45, 46, 47, 48, 49, 50, 51, 52]
		},
		{
			"name": "w4",
			"origin": [8, 8, 8],
			"color": 0,
			"nbt": "{}",
			"children": [53, 54, 55, 56]
		},
		57,
		58
	]
}