{
	"credit": "Made with Blockbench",
	"textures": {
		"1": "simplyswords:item/waxweaver_anim_02",
		"2": "simplyswords:item/waxweaver",
		"particle": "simplyswords:item/waxweaver"
	},
	"elements": [
		{
			"name": "ww2_0",
			"from": [7.875, 7.375, 7.95],
			"to": [8, 11.875, 8.175],
			"rotation": {"angle": 0, "axis": "y", "origin": [0, -2, 8]},
			"faces": {
				"north": {"uv": [8, 2.125, 7.875, 6.625], "texture": "#2"},
				"east": {"uv": [7.875, 2.125, 8, 6.625], "texture": "#2"},
				"south": {"uv": [7.875, 2.125, 8, 6.625], "texture": "#2"},
				"west": {"uv": [7.875, 2.125, 8, 6.625], "texture": "#2"},
				"up": {"uv": [7.875, 2.125, 8, 2.25], "texture": "#2"}
			}
		},
		{
			"name": "ww2_1",
			"from": [7.75, 6.125, 7.95],
			"to": [7.875, 11.375, 8.175],
			"rotation": {"angle": 0, "axis": "y", "origin": [0, -2, 8]},
			"faces": {
				"north": {"uv": [7.875, 2.625, 7.75, 7.875], "texture": "#2"},
				"south": {"uv": [7.75, 2.625, 7.875, 7.875], "texture": "#2"},
				"west": {"uv": [7.75, 2.625, 7.875, 7.875], "texture": "#2"},
				"up": {"uv": [7.75, 2.625, 7.875, 2.75], "texture": "#2"}
			}
		},
		{
			"name": "ww2_2",
			"from": [8, 6.125, 7.95],
			"to": [8.125, 11.375, 8.175],
			"rotation": {"angle": 0, "axis": "y", "origin": [0, -2, 8]},
			"faces": {
				"north": {"uv": [8.125, 2.625, 8, 7.875], "texture": "#2"},
				"east": {"uv": [8, 2.625, 8.125, 7.875], "texture": "#2"},
				"south": {"uv": [8, 2.625, 8.125, 7.875], "texture": "#2"},
				"up": {"uv": [8, 2.625, 8.125, 2.75], "texture": "#2"}
			}
		},
		{
			"name": "ww2_3",
			"from": [7.625, 4.75, 7.95],
			"to": [7.75, 6.125, 8.175],
			"rotation": {"angle": 0, "axis": "y", "origin": [0, -2, 8]},
			"faces": {
				"north": {"uv": [7.75, 7.875, 7.625, 9.25], "texture": "#2"},
				"south": {"uv": [7.625, 7.875, 7.75, 9.25], "texture": "#2"},
				"west": {"uv": [7.625, 7.875, 7.75, 9.25], "texture": "#2"},
				"up": {"uv": [7.625, 7.875, 7.75, 8], "texture": "#2"}
			}
		},
		{
			"name": "ww2_4",
			"from": [8.125, 4.75, 7.95],
			"to": [8.25, 6.125, 8.175],
			"rotation": {"angle": 0, "axis": "y", "origin": [0, -2, 8]},
			"faces": {
				"north": {"uv": [8.25, 7.875, 8.125, 9.25], "texture": "#2"},
				"east": {"uv": [8.125, 7.875, 8.25, 9.25], "texture": "#2"},
				"south": {"uv": [8.125, 7.875, 8.25, 9.25], "texture": "#2"},
				"up": {"uv": [8.125, 7.875, 8.25, 8], "texture": "#2"}
			}
		},
		{
			"name": "ww2_5",
			"from": [7.5, 5.125, 7.95],
			"to": [7.625, 5.25, 8.175],
			"rotation": {"angle": 0, "axis": "y", "origin": [0, -2, 8]},
			"faces": {
				"north": {"uv": [7.625, 8.75, 7.5, 8.875], "texture": "#2"},
				"south": {"uv": [7.5, 8.75, 7.625, 8.875], "texture": "#2"},
				"west": {"uv": [7.5, 8.75, 7.625, 8.875], "texture": "#2"},
				"up": {"uv": [7.5, 8.75, 7.625, 8.875], "texture": "#2"},
				"down": {"uv": [7.5, 8.75, 7.625, 8.875], "texture": "#2"}
			}
		},
		{
			"name": "ww2_6",
			"from": [8.25, 5.125, 7.95],
			"to": [8.375, 5.25, 8.175],
			"rotation": {"angle": 0, "axis": "y", "origin": [0, -2, 8]},
			"faces": {
				"north": {"uv": [8.375, 8.75, 8.25, 8.875], "texture": "#2"},
				"east": {"uv": [8.25, 8.75, 8.375, 8.875], "texture": "#2"},
				"south": {"uv": [8.25, 8.75, 8.375, 8.875], "texture": "#2"},
				"up": {"uv": [8.25, 8.75, 8.375, 8.875], "texture": "#2"},
				"down": {"uv": [8.25, 8.75, 8.375, 8.875], "texture": "#2"}
			}
		},
		{
			"name": "ww2_7",
			"from": [6.25, 4.375, 7.7],
			"to": [7, 4.5, 8.425],
			"rotation": {"angle": 0, "axis": "y", "origin": [0, -2, 8]},
			"faces": {
				"north": {"uv": [7, 9.5, 6.25, 9.625], "texture": "#2"},
				"east": {"uv": [6.875, 9.5, 7, 9.625], "texture": "#2"},
				"south": {"uv": [6.25, 9.5, 7, 9.625], "texture": "#2"},
				"west": {"uv": [6.25, 9.5, 6.375, 9.625], "texture": "#2"},
				"up": {"uv": [6.25, 9.5, 7, 9.625], "texture": "#2"},
				"down": {"uv": [6.25, 9.5, 7, 9.625], "texture": "#2"}
			}
		},
		{
			"name": "ww2_8",
			"from": [8.875, 4.375, 7.7],
			"to": [9.625, 4.5, 8.425],
			"rotation": {"angle": 0, "axis": "y", "origin": [0, -2, 8]},
			"faces": {
				"north": {"uv": [9.625, 9.5, 8.875, 9.625], "texture": "#2"},
				"east": {"uv": [9.5, 9.5, 9.625, 9.625], "texture": "#2"},
				"south": {"uv": [8.875, 9.5, 9.625, 9.625], "texture": "#2"},
				"west": {"uv": [8.875, 9.5, 9, 9.625], "texture": "#2"},
				"up": {"uv": [8.875, 9.5, 9.625, 9.625], "texture": "#2"},
				"down": {"uv": [8.875, 9.5, 9.625, 9.625], "texture": "#2"}
			}
		},
		{
			"name": "ww2_9",
			"from": [6.375, 4.25, 7.8],
			"to": [6.875, 4.375, 8.325],
			"rotation": {"angle": 0, "axis": "y", "origin": [0, -2, 8.1]},
			"faces": {
				"north": {"uv": [6.875, 9.625, 6.375, 9.75], "texture": "#2"},
				"east": {"uv": [6.75, 9.625, 6.875, 9.75], "texture": "#2"},
				"south": {"uv": [6.375, 9.625, 6.875, 9.75], "texture": "#2"},
				"west": {"uv": [6.375, 9.625, 6.5, 9.75], "texture": "#2"},
				"down": {"uv": [6.375, 9.625, 6.875, 9.75], "texture": "#2"}
			}
		},
		{
			"name": "ww2_10",
			"from": [7.75, 3.75, 7.8],
			"to": [8.125, 4.375, 8.325],
			"rotation": {"angle": 0, "axis": "y", "origin": [0, -2, 8]},
			"faces": {
				"north": {"uv": [8.125, 9.625, 7.75, 10.25], "texture": "#2"},
				"east": {"uv": [8, 9.625, 8.125, 10.25], "texture": "#2"},
				"south": {"uv": [7.75, 9.625, 8.125, 10.25], "texture": "#2"},
				"west": {"uv": [7.75, 9.625, 7.875, 10.25], "texture": "#2"},
				"up": {"uv": [7.75, 9.625, 8.125, 9.75], "texture": "#2"},
				"down": {"uv": [7.75, 10.125, 8.125, 10.25], "texture": "#2"}
			}
		},
		{
			"name": "ww2_11",
			"from": [9, 4.25, 7.8],
			"to": [9.5, 4.375, 8.325],
			"rotation": {"angle": 0, "axis": "y", "origin": [0, -2, 8]},
			"faces": {
				"north": {"uv": [9.5, 9.625, 9, 9.75], "texture": "#2"},
				"east": {"uv": [9.375, 9.625, 9.5, 9.75], "texture": "#2"},
				"south": {"uv": [9, 9.625, 9.5, 9.75], "texture": "#2"},
				"west": {"uv": [9, 9.625, 9.125, 9.75], "texture": "#2"},
				"down": {"uv": [9, 9.625, 9.5, 9.75], "texture": "#2"}
			}
		},
		{
			"name": "ww2_12",
			"from": [7.625, 3.875, 7.8],
			"to": [7.75, 4.25, 8.325],
			"rotation": {"angle": 0, "axis": "y", "origin": [0, -2, 8]},
			"faces": {
				"north": {"uv": [7.75, 9.75, 7.625, 10.125], "texture": "#2"},
				"south": {"uv": [7.625, 9.75, 7.75, 10.125], "texture": "#2"},
				"west": {"uv": [7.625, 9.75, 7.75, 10.125], "texture": "#2"},
				"up": {"uv": [7.625, 9.75, 7.75, 9.875], "texture": "#2"},
				"down": {"uv": [7.625, 10, 7.75, 10.125], "texture": "#2"}
			}
		},
		{
			"name": "ww2_13",
			"from": [8.125, 3.875, 7.8],
			"to": [8.25, 4.25, 8.325],
			"rotation": {"angle": 0, "axis": "y", "origin": [0, -2, 8]},
			"faces": {
				"north": {"uv": [8.25, 9.75, 8.125, 10.125], "texture": "#2"},
				"east": {"uv": [8.125, 9.75, 8.25, 10.125], "texture": "#2"},
				"south": {"uv": [8.125, 9.75, 8.25, 10.125], "texture": "#2"},
				"up": {"uv": [8.125, 9.75, 8.25, 9.875], "texture": "#2"},
				"down": {"uv": [8.125, 10, 8.25, 10.125], "texture": "#2"}
			}
		},
		{
			"name": "ww2_14",
			"from": [7.75, 1.625, 7.9],
			"to": [8.125, 1.875, 8.225],
			"rotation": {"angle": 0, "axis": "y", "origin": [0, -2, 8]},
			"faces": {
				"north": {"uv": [8.125, 12.125, 7.75, 12.375], "texture": "#2"},
				"east": {"uv": [8, 12.125, 8.125, 12.375], "texture": "#2"},
				"south": {"uv": [7.75, 12.125, 8.125, 12.375], "texture": "#2"},
				"west": {"uv": [7.75, 12.125, 7.875, 12.375], "texture": "#2"}
			}
		},
		{
			"name": "ww1_0",
			"from": [7.875, 11.875, 8],
			"to": [8, 12.5, 8.125],
			"rotation": {"angle": 0, "axis": "y", "origin": [0, -2, 8]},
			"faces": {
				"north": {"uv": [8, 1.5, 7.875, 2.125], "texture": "#2"},
				"east": {"uv": [7.875, 1.5, 8, 2.125], "texture": "#2"},
				"south": {"uv": [7.875, 1.5, 8, 2.125], "texture": "#2"},
				"west": {"uv": [7.875, 1.5, 8, 2.125], "texture": "#2"},
				"up": {"uv": [7.875, 1.5, 8, 1.625], "texture": "#2"}
			}
		},
		{
			"name": "ww1_1",
			"from": [7.75, 11.375, 8],
			"to": [7.875, 12.125, 8.125],
			"rotation": {"angle": 0, "axis": "y", "origin": [0, -2, 8]},
			"faces": {
				"north": {"uv": [7.875, 1.875, 7.75, 2.625], "texture": "#2"},
				"south": {"uv": [7.75, 1.875, 7.875, 2.625], "texture": "#2"},
				"west": {"uv": [7.75, 1.875, 7.875, 2.625], "texture": "#2"},
				"up": {"uv": [7.75, 1.875, 7.875, 2], "texture": "#2"}
			}
		},
		{
			"name": "ww1_2",
			"from": [8, 11.375, 8],
			"to": [8.125, 12.125, 8.125],
			"rotation": {"angle": 0, "axis": "y", "origin": [0, -2, 8]},
			"faces": {
				"north": {"uv": [8.125, 1.875, 8, 2.625], "texture": "#2"},
				"east": {"uv": [8, 1.875, 8.125, 2.625], "texture": "#2"},
				"south": {"uv": [8, 1.875, 8.125, 2.625], "texture": "#2"},
				"up": {"uv": [8, 1.875, 8.125, 2], "texture": "#2"}
			}
		},
		{
			"name": "ww1_3",
			"from": [7.625, 6.125, 8],
			"to": [7.75, 11.75, 8.125],
			"rotation": {"angle": 0, "axis": "y", "origin": [0, -2, 8]},
			"faces": {
				"north": {"uv": [7.75, 2.25, 7.625, 7.875], "texture": "#2"},
				"south": {"uv": [7.625, 2.25, 7.75, 7.875], "texture": "#2"},
				"west": {"uv": [7.625, 2.25, 7.75, 7.875], "texture": "#2"},
				"up": {"uv": [7.625, 2.25, 7.75, 2.375], "texture": "#2"}
			}
		},
		{
			"name": "ww1_4",
			"from": [8.125, 6.125, 8],
			"to": [8.25, 11.75, 8.125],
			"rotation": {"angle": 0, "axis": "y", "origin": [0, -2, 8]},
			"faces": {
				"north": {"uv": [8.25, 2.25, 8.125, 7.875], "texture": "#2"},
				"east": {"uv": [8.125, 2.25, 8.25, 7.875], "texture": "#2"},
				"south": {"uv": [8.125, 2.25, 8.25, 7.875], "texture": "#2"},
				"up": {"uv": [8.125, 2.25, 8.25, 2.375], "texture": "#2"}
			}
		},
		{
			"name": "ww1_5",
			"from": [7.5, 5.25, 8],
			"to": [7.625, 11.375, 8.125],
			"rotation": {"angle": 0, "axis": "y", "origin": [0, -2, 8]},
			"faces": {
				"north": {"uv": [7.625, 2.625, 7.5, 8.75], "texture": "#2"},
				"south": {"uv": [7.5, 2.625, 7.625, 8.75], "texture": "#2"},
				"west": {"uv": [7.5, 2.625, 7.625, 8.75], "texture": "#2"},
				"up": {"uv": [7.5, 2.625, 7.625, 2.75], "texture": "#2"}
			}
		},
		{
			"name": "ww1_6",
			"from": [8.25, 5.25, 8],
			"to": [8.375, 11.375, 8.125],
			"rotation": {"angle": 0, "axis": "y", "origin": [0, -2, 8]},
			"faces": {
				"north": {"uv": [8.375, 2.625, 8.25, 8.75], "texture": "#2"},
				"east": {"uv": [8.25, 2.625, 8.375, 8.75], "texture": "#2"},
				"south": {"uv": [8.25, 2.625, 8.375, 8.75], "texture": "#2"},
				"up": {"uv": [8.25, 2.625, 8.375, 2.75], "texture": "#2"}
			}
		},
		{
			"name": "ww1_7",
			"from": [7.875, 4.375, 7.9],
			"to": [8, 7.375, 8.225],
			"rotation": {"angle": 0, "axis": "y", "origin": [0, -2, 8]},
			"faces": {
				"north": {"uv": [8, 6.625, 7.875, 9.625], "texture": "#2"},
				"east": {"uv": [7.875, 6.625, 8, 9.625], "texture": "#2"},
				"south": {"uv": [7.875, 6.625, 8, 9.625], "texture": "#2"},
				"west": {"uv": [7.875, 6.625, 8, 9.625], "texture": "#2"},
				"up": {"uv": [7.875, 6.625, 8, 6.75], "texture": "#2"}
			}
		},
		{
			"name": "ww1_8",
			"from": [7.75, 4.625, 7.9],
			"to": [7.875, 6.125, 8.225],
			"rotation": {"angle": 0, "axis": "y", "origin": [0, -2, 8]},
			"faces": {
				"north": {"uv": [7.875, 7.875, 7.75, 9.375], "texture": "#2"},
				"south": {"uv": [7.75, 7.875, 7.875, 9.375], "texture": "#2"},
				"west": {"uv": [7.75, 7.875, 7.875, 9.375], "texture": "#2"},
				"up": {"uv": [7.75, 7.875, 7.875, 8], "texture": "#2"}
			}
		},
		{
			"name": "ww1_9",
			"from": [8, 4.625, 7.9],
			"to": [8.125, 6.125, 8.225],
			"rotation": {"angle": 0, "axis": "y", "origin": [0, -2, 8]},
			"faces": {
				"north": {"uv": [8.125, 7.875, 8, 9.375], "texture": "#2"},
				"east": {"uv": [8, 7.875, 8.125, 9.375], "texture": "#2"},
				"south": {"uv": [8, 7.875, 8.125, 9.375], "texture": "#2"},
				"up": {"uv": [8, 7.875, 8.125, 8], "texture": "#2"}
			}
		},
		{
			"name": "ww1_10",
			"from": [7.375, 5, 8],
			"to": [7.5, 6, 8.125],
			"rotation": {"angle": 0, "axis": "y", "origin": [0, -2, 8]},
			"faces": {
				"north": {"uv": [7.5, 8, 7.375, 9], "texture": "#2"},
				"south": {"uv": [7.375, 8, 7.5, 9], "texture": "#2"},
				"west": {"uv": [7.375, 8, 7.5, 9], "texture": "#2"},
				"up": {"uv": [7.375, 8, 7.5, 8.125], "texture": "#2"},
				"down": {"uv": [7.375, 8.875, 7.5, 9], "texture": "#2"}
			}
		},
		{
			"name": "ww1_11",
			"from": [8.375, 5, 8],
			"to": [8.5, 6, 8.125],
			"rotation": {"angle": 0, "axis": "y", "origin": [0, -2, 8]},
			"faces": {
				"north": {"uv": [8.5, 8, 8.375, 9], "texture": "#2"},
				"east": {"uv": [8.375, 8, 8.5, 9], "texture": "#2"},
				"south": {"uv": [8.375, 8, 8.5, 9], "texture": "#2"},
				"up": {"uv": [8.375, 8, 8.5, 8.125], "texture": "#2"},
				"down": {"uv": [8.375, 8.875, 8.5, 9], "texture": "#2"}
			}
		},
		{
			"name": "ww1_12",
			"from": [6.55, 4.5, 7.9],
			"to": [6.675, 5.375, 8.225],
			"rotation": {"angle": 0, "axis": "y", "origin": [0, -2, 8]},
			"faces": {
				"north": {"uv": [6.625, 8.625, 6.5, 9.5], "texture": "#2"},
				"south": {"uv": [6.5, 8.625, 6.625, 9.5], "texture": "#2"},
				"up": {"uv": [6.5, 8.625, 6.625, 8.75], "texture": "#2"}
			}
		},
		{
			"name": "ww1_13",
			"from": [9.175, 4.5, 7.9],
			"to": [9.3, 5.375, 8.225],
			"rotation": {"angle": 0, "axis": "y", "origin": [-0.1, -2, 8]},
			"faces": {
				"north": {"uv": [9.375, 8.625, 9.25, 9.5], "texture": "#2"},
				"south": {"uv": [9.25, 8.625, 9.375, 9.5], "texture": "#2"},
				"up": {"uv": [9.25, 8.625, 9.375, 8.75], "texture": "#2"}
			}
		},
		{
			"name": "ww1_14",
			"from": [6.425, 4.5, 7.9],
			"to": [6.55, 5.375, 8.225],
			"rotation": {"angle": 0, "axis": "y", "origin": [0, -2, 8]},
			"faces": {
				"north": {"uv": [6.5, 8.625, 6.375, 9.5], "texture": "#2"},
				"south": {"uv": [6.375, 8.625, 6.5, 9.5], "texture": "#2"},
				"west": {"uv": [6.375, 8.625, 6.5, 9.5], "texture": "#2"},
				"up": {"uv": [6.375, 8.625, 6.5, 8.75], "texture": "#2"}
			}
		},
		{
			"name": "ww1_15",
			"from": [6.675, 4.5, 7.9],
			"to": [6.8, 5.375, 8.225],
			"rotation": {"angle": 0, "axis": "y", "origin": [0, -2, 8]},
			"faces": {
				"north": {"uv": [6.75, 8.625, 6.625, 9.5], "texture": "#2"},
				"east": {"uv": [6.625, 8.625, 6.75, 9.5], "texture": "#2"},
				"south": {"uv": [6.625, 8.625, 6.75, 9.5], "texture": "#2"},
				"up": {"uv": [6.625, 8.625, 6.75, 8.75], "texture": "#2"}
			}
		},
		{
			"name": "ww1_16",
			"from": [9.05, 4.5, 7.9],
			"to": [9.175, 5.375, 8.225],
			"rotation": {"angle": 0, "axis": "y", "origin": [-0.1, -2, 8]},
			"faces": {
				"north": {"uv": [9.25, 8.625, 9.125, 9.5], "texture": "#2"},
				"south": {"uv": [9.125, 8.625, 9.25, 9.5], "texture": "#2"},
				"west": {"uv": [9.125, 8.625, 9.25, 9.5], "texture": "#2"},
				"up": {"uv": [9.125, 8.625, 9.25, 8.75], "texture": "#2"}
			}
		},
		{
			"name": "ww1_17",
			"from": [9.3, 4.5, 7.9],
			"to": [9.425, 5.375, 8.225],
			"rotation": {"angle": 0, "axis": "y", "origin": [-0.1, -2, 8]},
			"faces": {
				"north": {"uv": [9.5, 8.625, 9.375, 9.5], "texture": "#2"},
				"east": {"uv": [9.375, 8.625, 9.5, 9.5], "texture": "#2"},
				"south": {"uv": [9.375, 8.625, 9.5, 9.5], "texture": "#2"},
				"up": {"uv": [9.375, 8.625, 9.5, 8.75], "texture": "#2"}
			}
		},
		{
			"name": "ww1_18",
			"from": [7.25, 5.125, 8],
			"to": [7.375, 5.25, 8.125],
			"rotation": {"angle": 0, "axis": "y", "origin": [0, -2, 8]},
			"faces": {
				"north": {"uv": [7.375, 8.75, 7.25, 8.875], "texture": "#2"},
				"south": {"uv": [7.25, 8.75, 7.375, 8.875], "texture": "#2"},
				"west": {"uv": [7.25, 8.75, 7.375, 8.875], "texture": "#2"},
				"up": {"uv": [7.25, 8.75, 7.375, 8.875], "texture": "#2"},
				"down": {"uv": [7.25, 8.75, 7.375, 8.875], "texture": "#2"}
			}
		},
		{
			"name": "ww1_19",
			"from": [8.5, 5.125, 8],
			"to": [8.625, 5.25, 8.125],
			"rotation": {"angle": 0, "axis": "y", "origin": [0, -2, 8]},
			"faces": {
				"north": {"uv": [8.625, 8.75, 8.5, 8.875], "texture": "#2"},
				"east": {"uv": [8.5, 8.75, 8.625, 8.875], "texture": "#2"},
				"south": {"uv": [8.5, 8.75, 8.625, 8.875], "texture": "#2"},
				"up": {"uv": [8.5, 8.75, 8.625, 8.875], "texture": "#2"},
				"down": {"uv": [8.5, 8.75, 8.625, 8.875], "texture": "#2"}
			}
		},
		{
			"name": "ww1_20",
			"from": [7.5, 4.875, 8],
			"to": [7.625, 5.125, 8.125],
			"rotation": {"angle": 0, "axis": "y", "origin": [0, -2, 8]},
			"faces": {
				"north": {"uv": [7.625, 8.875, 7.5, 9.125], "texture": "#2"},
				"south": {"uv": [7.5, 8.875, 7.625, 9.125], "texture": "#2"},
				"west": {"uv": [7.5, 8.875, 7.625, 9.125], "texture": "#2"}
			}
		},
		{
			"name": "ww1_21",
			"from": [8.25, 4.875, 8],
			"to": [8.375, 5.125, 8.125],
			"rotation": {"angle": 0, "axis": "y", "origin": [0, -2, 8]},
			"faces": {
				"north": {"uv": [8.375, 8.875, 8.25, 9.125], "texture": "#2"},
				"east": {"uv": [8.25, 8.875, 8.375, 9.125], "texture": "#2"},
				"south": {"uv": [8.25, 8.875, 8.375, 9.125], "texture": "#2"}
			}
		},
		{
			"name": "ww1_22",
			"from": [6.5, 3.875, 7.9],
			"to": [6.75, 4.25, 8.225],
			"rotation": {"angle": 0, "axis": "y", "origin": [0, -2, 8]},
			"faces": {
				"north": {"uv": [6.75, 9.75, 6.5, 10.125], "texture": "#2"},
				"east": {"uv": [6.625, 9.75, 6.75, 10.125], "texture": "#2"},
				"south": {"uv": [6.5, 9.75, 6.75, 10.125], "texture": "#2"},
				"west": {"uv": [6.5, 9.75, 6.625, 10.125], "texture": "#2"},
				"down": {"uv": [6.5, 10, 6.75, 10.125], "texture": "#2"}
			}
		},
		{
			"name": "ww1_23",
			"from": [9.125, 3.875, 7.9],
			"to": [9.375, 4.25, 8.225],
			"rotation": {"angle": 0, "axis": "y", "origin": [0, -2, 8]},
			"faces": {
				"north": {"uv": [9.375, 9.75, 9.125, 10.125], "texture": "#2"},
				"east": {"uv": [9.25, 9.75, 9.375, 10.125], "texture": "#2"},
				"south": {"uv": [9.125, 9.75, 9.375, 10.125], "texture": "#2"},
				"west": {"uv": [9.125, 9.75, 9.25, 10.125], "texture": "#2"},
				"down": {"uv": [9.125, 10, 9.375, 10.125], "texture": "#2"}
			}
		},
		{
			"name": "ww1_24",
			"from": [6.75, 3.75, 7.9],
			"to": [6.875, 4.125, 8.225],
			"rotation": {"angle": 0, "axis": "y", "origin": [0, -2, 8]},
			"faces": {
				"north": {"uv": [6.875, 9.875, 6.75, 10.25], "texture": "#2"},
				"east": {"uv": [6.75, 9.875, 6.875, 10.25], "texture": "#2"},
				"south": {"uv": [6.75, 9.875, 6.875, 10.25], "texture": "#2"},
				"up": {"uv": [6.75, 9.875, 6.875, 10], "texture": "#2"},
				"down": {"uv": [6.75, 10.125, 6.875, 10.25], "texture": "#2"}
			}
		},
		{
			"name": "ww1_25",
			"from": [7.25, 3.875, 7.9],
			"to": [7.625, 4.125, 8.225],
			"rotation": {"angle": 0, "axis": "y", "origin": [0, -2, 8]},
			"faces": {
				"north": {"uv": [7.625, 9.875, 7.25, 10.125], "texture": "#2"},
				"south": {"uv": [7.25, 9.875, 7.625, 10.125], "texture": "#2"},
				"west": {"uv": [7.25, 9.875, 7.375, 10.125], "texture": "#2"},
				"up": {"uv": [7.25, 9.875, 7.625, 10], "texture": "#2"},
				"down": {"uv": [7.25, 10, 7.625, 10.125], "texture": "#2"}
			}
		},
		{
			"name": "ww1_26",
			"from": [8.25, 3.875, 7.9],
			"to": [8.625, 4.125, 8.225],
			"rotation": {"angle": 0, "axis": "y", "origin": [0, -2, 8]},
			"faces": {
				"north": {"uv": [8.625, 9.875, 8.25, 10.125], "texture": "#2"},
				"east": {"uv": [8.5, 9.875, 8.625, 10.125], "texture": "#2"},
				"south": {"uv": [8.25, 9.875, 8.625, 10.125], "texture": "#2"},
				"up": {"uv": [8.25, 9.875, 8.625, 10], "texture": "#2"},
				"down": {"uv": [8.25, 10, 8.625, 10.125], "texture": "#2"}
			}
		},
		{
			"name": "ww1_27",
			"from": [9, 3.75, 7.9],
			"to": [9.125, 4.125, 8.225],
			"rotation": {"angle": 0, "axis": "y", "origin": [0, -2, 8]},
			"faces": {
				"north": {"uv": [9.125, 9.875, 9, 10.25], "texture": "#2"},
				"east": {"uv": [9, 9.875, 9.125, 10.25], "texture": "#2"},
				"south": {"uv": [9, 9.875, 9.125, 10.25], "texture": "#2"},
				"west": {"uv": [9, 9.875, 9.125, 10.25], "texture": "#2"},
				"up": {"uv": [9, 9.875, 9.125, 10], "texture": "#2"},
				"down": {"uv": [9, 10.125, 9.125, 10.25], "texture": "#2"}
			}
		},
		{
			"name": "ww1_28",
			"from": [6.875, 3.75, 7.9],
			"to": [7.25, 4, 8.225],
			"rotation": {"angle": 0, "axis": "y", "origin": [0, -2, 8]},
			"faces": {
				"north": {"uv": [7.25, 10, 6.875, 10.25], "texture": "#2"},
				"south": {"uv": [6.875, 10, 7.25, 10.25], "texture": "#2"},
				"up": {"uv": [6.875, 10, 7.25, 10.125], "texture": "#2"},
				"down": {"uv": [6.875, 10.125, 7.25, 10.25], "texture": "#2"}
			}
		},
		{
			"name": "ww1_29",
			"from": [8.625, 3.75, 7.9],
			"to": [9, 4, 8.225],
			"rotation": {"angle": 0, "axis": "y", "origin": [0, -2, 8]},
			"faces": {
				"north": {"uv": [9, 10, 8.625, 10.25], "texture": "#2"},
				"south": {"uv": [8.625, 10, 9, 10.25], "texture": "#2"},
				"up": {"uv": [8.625, 10, 9, 10.125], "texture": "#2"},
				"down": {"uv": [8.625, 10.125, 9, 10.25], "texture": "#2"}
			}
		},
		{
			"name": "ww1_30",
			"from": [6.625, 3.75, 7.9],
			"to": [6.75, 3.875, 8.225],
			"rotation": {"angle": 0, "axis": "y", "origin": [0, -2, 8]},
			"faces": {
				"north": {"uv": [6.75, 10.125, 6.625, 10.25], "texture": "#2"},
				"south": {"uv": [6.625, 10.125, 6.75, 10.25], "texture": "#2"},
				"west": {"uv": [6.625, 10.125, 6.75, 10.25], "texture": "#2"},
				"down": {"uv": [6.625, 10.125, 6.75, 10.25], "texture": "#2"}
			}
		},
		{
			"name": "ww1_31",
			"from": [7.25, 3.75, 7.9],
			"to": [7.375, 3.875, 8.225],
			"rotation": {"angle": 0, "axis": "y", "origin": [0, -2, 8]},
			"faces": {
				"north": {"uv": [7.375, 10.125, 7.25, 10.25], "texture": "#2"},
				"east": {"uv": [7.25, 10.125, 7.375, 10.25], "texture": "#2"},
				"south": {"uv": [7.25, 10.125, 7.375, 10.25], "texture": "#2"},
				"down": {"uv": [7.25, 10.125, 7.375, 10.25], "texture": "#2"}
			}
		},
		{
			"name": "ww1_32",
			"from": [8.5, 3.75, 7.9],
			"to": [8.625, 3.875, 8.225],
			"rotation": {"angle": 0, "axis": "y", "origin": [0, -2, 8]},
			"faces": {
				"north": {"uv": [8.625, 10.125, 8.5, 10.25], "texture": "#2"},
				"south": {"uv": [8.5, 10.125, 8.625, 10.25], "texture": "#2"},
				"west": {"uv": [8.5, 10.125, 8.625, 10.25], "texture": "#2"},
				"down": {"uv": [8.5, 10.125, 8.625, 10.25], "texture": "#2"}
			}
		},
		{
			"name": "ww1_33",
			"from": [6.875, 3.625, 8],
			"to": [7.125, 3.75, 8.125],
			"rotation": {"angle": 0, "axis": "y", "origin": [0, -2, 8]},
			"faces": {
				"north": {"uv": [7.125, 10.25, 6.875, 10.375], "texture": "#2"},
				"east": {"uv": [7, 10.25, 7.125, 10.375], "texture": "#2"},
				"south": {"uv": [6.875, 10.25, 7.125, 10.375], "texture": "#2"},
				"west": {"uv": [6.875, 10.25, 7, 10.375], "texture": "#2"},
				"down": {"uv": [6.875, 10.25, 7.125, 10.375], "texture": "#2"}
			}
		},
		{
			"name": "ww1_34",
			"from": [7.75, 1.875, 7.9],
			"to": [8.125, 3.75, 8.225],
			"rotation": {"angle": 0, "axis": "y", "origin": [0, -2, 8]},
			"faces": {
				"north": {"uv": [8.125, 10.25, 7.75, 12.125], "texture": "#2"},
				"east": {"uv": [8, 10.25, 8.125, 12.125], "texture": "#2"},
				"south": {"uv": [7.75, 10.25, 8.125, 12.125], "texture": "#2"},
				"west": {"uv": [7.75, 10.25, 7.875, 12.125], "texture": "#2"}
			}
		},
		{
			"name": "ww1_35",
			"from": [8.75, 3.625, 8],
			"to": [9, 3.75, 8.125],
			"rotation": {"angle": 0, "axis": "y", "origin": [0, -2, 8]},
			"faces": {
				"north": {"uv": [9, 10.25, 8.75, 10.375], "texture": "#2"},
				"east": {"uv": [8.875, 10.25, 9, 10.375], "texture": "#2"},
				"south": {"uv": [8.75, 10.25, 9, 10.375], "texture": "#2"},
				"west": {"uv": [8.75, 10.25, 8.875, 10.375], "texture": "#2"},
				"down": {"uv": [8.75, 10.25, 9, 10.375], "texture": "#2"}
			}
		},
		{
			"name": "ww1_36",
			"from": [6.75, 3.5, 8],
			"to": [7, 3.625, 8.125],
			"rotation": {"angle": 0, "axis": "y", "origin": [0, -2, 8]},
			"faces": {
				"north": {"uv": [7, 10.375, 6.75, 10.5], "texture": "#2"},
				"east": {"uv": [6.875, 10.375, 7, 10.5], "texture": "#2"},
				"south": {"uv": [6.75, 10.375, 7, 10.5], "texture": "#2"},
				"west": {"uv": [6.75, 10.375, 6.875, 10.5], "texture": "#2"},
				"up": {"uv": [6.75, 10.375, 7, 10.5], "texture": "#2"},
				"down": {"uv": [6.75, 10.375, 7, 10.5], "texture": "#2"}
			}
		},
		{
			"name": "ww1_37",
			"from": [8.875, 3.5, 8],
			"to": [9.125, 3.625, 8.125],
			"rotation": {"angle": 0, "axis": "y", "origin": [0, -2, 8]},
			"faces": {
				"north": {"uv": [9.125, 10.375, 8.875, 10.5], "texture": "#2"},
				"east": {"uv": [9, 10.375, 9.125, 10.5], "texture": "#2"},
				"south": {"uv": [8.875, 10.375, 9.125, 10.5], "texture": "#2"},
				"west": {"uv": [8.875, 10.375, 9, 10.5], "texture": "#2"},
				"up": {"uv": [8.875, 10.375, 9.125, 10.5], "texture": "#2"},
				"down": {"uv": [8.875, 10.375, 9.125, 10.5], "texture": "#2"}
			}
		},
		{
			"name": "ww1_38",
			"from": [6.75, 3.25, 8],
			"to": [6.875, 3.5, 8.125],
			"rotation": {"angle": 0, "axis": "y", "origin": [0, -2, 8]},
			"faces": {
				"north": {"uv": [6.875, 10.5, 6.75, 10.75], "texture": "#2"},
				"east": {"uv": [6.75, 10.5, 6.875, 10.75], "texture": "#2"},
				"south": {"uv": [6.75, 10.5, 6.875, 10.75], "texture": "#2"},
				"west": {"uv": [6.75, 10.5, 6.875, 10.75], "texture": "#2"},
				"down": {"uv": [6.75, 10.625, 6.875, 10.75], "texture": "#2"}
			}
		},
		{
			"name": "ww1_39",
			"from": [9, 3.25, 8],
			"to": [9.125, 3.5, 8.125],
			"rotation": {"angle": 0, "axis": "y", "origin": [0, -2, 8]},
			"faces": {
				"north": {"uv": [9.125, 10.5, 9, 10.75], "texture": "#2"},
				"east": {"uv": [9, 10.5, 9.125, 10.75], "texture": "#2"},
				"south": {"uv": [9, 10.5, 9.125, 10.75], "texture": "#2"},
				"west": {"uv": [9, 10.5, 9.125, 10.75], "texture": "#2"},
				"down": {"uv": [9, 10.625, 9.125, 10.75], "texture": "#2"}
			}
		},
		{
			"name": "ww1_40",
			"from": [6.875, 3.25, 8],
			"to": [7, 3.375, 8.125],
			"rotation": {"angle": 0, "axis": "y", "origin": [0, -2, 8]},
			"faces": {
				"north": {"uv": [7, 10.625, 6.875, 10.75], "texture": "#2"},
				"east": {"uv": [6.875, 10.625, 7, 10.75], "texture": "#2"},
				"south": {"uv": [6.875, 10.625, 7, 10.75], "texture": "#2"},
				"up": {"uv": [6.875, 10.625, 7, 10.75], "texture": "#2"},
				"down": {"uv": [6.875, 10.625, 7, 10.75], "texture": "#2"}
			}
		},
		{
			"name": "ww1_41",
			"from": [8.875, 3.25, 8],
			"to": [9, 3.375, 8.125],
			"rotation": {"angle": 0, "axis": "y", "origin": [0, -2, 8]},
			"faces": {
				"north": {"uv": [9, 10.625, 8.875, 10.75], "texture": "#2"},
				"south": {"uv": [8.875, 10.625, 9, 10.75], "texture": "#2"},
				"west": {"uv": [8.875, 10.625, 9, 10.75], "texture": "#2"},
				"up": {"uv": [8.875, 10.625, 9, 10.75], "texture": "#2"},
				"down": {"uv": [8.875, 10.625, 9, 10.75], "texture": "#2"}
			}
		},
		{
			"name": "ww1_42",
			"from": [7.75, 0.75, 7.8],
			"to": [8.125, 1.625, 8.325],
			"rotation": {"angle": 0, "axis": "y", "origin": [0, -2, 8]},
			"faces": {
				"north": {"uv": [8.125, 12.375, 7.75, 13.25], "texture": "#2"},
				"east": {"uv": [8, 12.375, 8.125, 13.25], "texture": "#2"},
				"south": {"uv": [7.75, 12.375, 8.125, 13.25], "texture": "#2"},
				"west": {"uv": [7.75, 12.375, 7.875, 13.25], "texture": "#2"},
				"up": {"uv": [7.75, 12.375, 8.125, 12.5], "texture": "#2"},
				"down": {"uv": [7.75, 13.125, 8.125, 13.25], "texture": "#2"}
			}
		},
		{
			"name": "ww1_43",
			"from": [7.625, 0.875, 7.8],
			"to": [7.75, 1.5, 8.325],
			"rotation": {"angle": 0, "axis": "y", "origin": [0, -2, 8]},
			"faces": {
				"north": {"uv": [7.75, 12.5, 7.625, 13.125], "texture": "#2"},
				"south": {"uv": [7.625, 12.5, 7.75, 13.125], "texture": "#2"},
				"west": {"uv": [7.625, 12.5, 7.75, 13.125], "texture": "#2"},
				"up": {"uv": [7.625, 12.5, 7.75, 12.625], "texture": "#2"},
				"down": {"uv": [7.625, 13, 7.75, 13.125], "texture": "#2"}
			}
		},
		{
			"name": "ww1_44",
			"from": [8.125, 0.875, 7.8],
			"to": [8.25, 1.5, 8.325],
			"rotation": {"angle": 0, "axis": "y", "origin": [0, -2, 8]},
			"faces": {
				"north": {"uv": [8.25, 12.5, 8.125, 13.125], "texture": "#2"},
				"east": {"uv": [8.125, 12.5, 8.25, 13.125], "texture": "#2"},
				"south": {"uv": [8.125, 12.5, 8.25, 13.125], "texture": "#2"},
				"up": {"uv": [8.125, 12.5, 8.25, 12.625], "texture": "#2"},
				"down": {"uv": [8.125, 13, 8.25, 13.125], "texture": "#2"}
			}
		},
		{
			"name": "ww1_45",
			"from": [7.5, 1, 7.8],
			"to": [7.625, 1.375, 8.325],
			"rotation": {"angle": 0, "axis": "y", "origin": [0, -2, 8]},
			"faces": {
				"north": {"uv": [7.625, 12.625, 7.5, 13], "texture": "#2"},
				"south": {"uv": [7.5, 12.625, 7.625, 13], "texture": "#2"},
				"west": {"uv": [7.5, 12.625, 7.625, 13], "texture": "#2"},
				"up": {"uv": [7.5, 12.625, 7.625, 12.75], "texture": "#2"},
				"down": {"uv": [7.5, 12.875, 7.625, 13], "texture": "#2"}
			}
		},
		{
			"name": "ww1_46",
			"from": [8.25, 1, 7.8],
			"to": [8.375, 1.375, 8.325],
			"rotation": {"angle": 0, "axis": "y", "origin": [0, -2, 8]},
			"faces": {
				"north": {"uv": [8.375, 12.625, 8.25, 13], "texture": "#2"},
				"east": {"uv": [8.25, 12.625, 8.375, 13], "texture": "#2"},
				"south": {"uv": [8.25, 12.625, 8.375, 13], "texture": "#2"},
				"up": {"uv": [8.25, 12.625, 8.375, 12.75], "texture": "#2"},
				"down": {"uv": [8.25, 12.875, 8.375, 13], "texture": "#2"}
			}
		},
		{
			"name": "ww3_1",
			"from": [6.55, 5.375, 8.05],
			"to": [6.675, 5.625, 8.05],
			"rotation": {"angle": 0, "axis": "y", "origin": [0, -2, 8.1]},
			"faces": {
				"north": {"uv": [6.625, 8.375, 6.5, 8.625], "texture": "#2"},
				"south": {"uv": [6.5, 8.375, 6.625, 8.625], "texture": "#2"}
			}
		},
		{
			"name": "ww3_2",
			"from": [9.18, 5.375, 8.05],
			"to": [9.305, 5.625, 8.05],
			"rotation": {"angle": 0, "axis": "y", "origin": [0, -2, 8.1]},
			"faces": {
				"north": {"uv": [9.375, 8.375, 9.25, 8.625], "texture": "#2"},
				"south": {"uv": [9.25, 8.375, 9.375, 8.625], "texture": "#2"}
			}
		},
		{
			"name": "ww3_3",
			"from": [7.375, 4.625, 7.85],
			"to": [7.625, 4.875, 8.275],
			"rotation": {"angle": 0, "axis": "y", "origin": [0, -2, 8]},
			"faces": {
				"north": {"uv": [7.625, 9.125, 7.375, 9.375], "texture": "#2"},
				"east": {"uv": [7.5, 9.125, 7.625, 9.375], "texture": "#2"},
				"south": {"uv": [7.375, 9.125, 7.625, 9.375], "texture": "#2"},
				"west": {"uv": [7.375, 9.125, 7.5, 9.375], "texture": "#2"},
				"up": {"uv": [7.375, 9.125, 7.625, 9.25], "texture": "#2"},
				"down": {"uv": [7.375, 9.25, 7.625, 9.375], "texture": "#2"}
			}
		},
		{
			"name": "ww3_4",
			"from": [8.25, 4.625, 7.85],
			"to": [8.5, 4.875, 8.275],
			"rotation": {"angle": 0, "axis": "y", "origin": [0, -2, 8]},
			"faces": {
				"north": {"uv": [8.5, 9.125, 8.25, 9.375], "texture": "#2"},
				"east": {"uv": [8.375, 9.125, 8.5, 9.375], "texture": "#2"},
				"south": {"uv": [8.25, 9.125, 8.5, 9.375], "texture": "#2"},
				"west": {"uv": [8.25, 9.125, 8.375, 9.375], "texture": "#2"},
				"up": {"uv": [8.25, 9.125, 8.5, 9.25], "texture": "#2"},
				"down": {"uv": [8.25, 9.25, 8.5, 9.375], "texture": "#2"}
			}
		},
		{
			"name": "ww3_5",
			"from": [7.25, 4.25, 7.85],
			"to": [7.375, 4.75, 8.275],
			"rotation": {"angle": 0, "axis": "y", "origin": [0, -2, 8]},
			"faces": {
				"north": {"uv": [7.375, 9.25, 7.25, 9.75], "texture": "#2"},
				"east": {"uv": [7.25, 9.25, 7.375, 9.75], "texture": "#2"},
				"south": {"uv": [7.25, 9.25, 7.375, 9.75], "texture": "#2"},
				"west": {"uv": [7.25, 9.25, 7.375, 9.75], "texture": "#2"},
				"up": {"uv": [7.25, 9.25, 7.375, 9.375], "texture": "#2"},
				"down": {"uv": [7.25, 9.625, 7.375, 9.75], "texture": "#2"}
			}
		},
		{
			"name": "ww3_6",
			"from": [7.625, 4.25, 7.85],
			"to": [7.75, 4.75, 8.275],
			"rotation": {"angle": 0, "axis": "y", "origin": [0, -2, 8]},
			"faces": {
				"north": {"uv": [7.75, 9.25, 7.625, 9.75], "texture": "#2"},
				"east": {"uv": [7.625, 9.25, 7.75, 9.75], "texture": "#2"},
				"south": {"uv": [7.625, 9.25, 7.75, 9.75], "texture": "#2"},
				"west": {"uv": [7.625, 9.25, 7.75, 9.75], "texture": "#2"},
				"up": {"uv": [7.625, 9.25, 7.75, 9.375], "texture": "#2"}
			}
		},
		{
			"name": "ww3_7",
			"from": [8.125, 4.25, 7.85],
			"to": [8.25, 4.75, 8.275],
			"rotation": {"angle": 0, "axis": "y", "origin": [0, -2, 8]},
			"faces": {
				"north": {"uv": [8.25, 9.25, 8.125, 9.75], "texture": "#2"},
				"east": {"uv": [8.125, 9.25, 8.25, 9.75], "texture": "#2"},
				"south": {"uv": [8.125, 9.25, 8.25, 9.75], "texture": "#2"},
				"west": {"uv": [8.125, 9.25, 8.25, 9.75], "texture": "#2"},
				"up": {"uv": [8.125, 9.25, 8.25, 9.375], "texture": "#2"}
			}
		},
		{
			"name": "ww3_8",
			"from": [8.5, 4.25, 7.85],
			"to": [8.625, 4.75, 8.275],
			"rotation": {"angle": 0, "axis": "y", "origin": [0, -2, 8]},
			"faces": {
				"north": {"uv": [8.625, 9.25, 8.5, 9.75], "texture": "#2"},
				"east": {"uv": [8.5, 9.25, 8.625, 9.75], "texture": "#2"},
				"south": {"uv": [8.5, 9.25, 8.625, 9.75], "texture": "#2"},
				"west": {"uv": [8.5, 9.25, 8.625, 9.75], "texture": "#2"},
				"up": {"uv": [8.5, 9.25, 8.625, 9.375], "texture": "#2"},
				"down": {"uv": [8.5, 9.625, 8.625, 9.75], "texture": "#2"}
			}
		},
		{
			"name": "ww3_9",
			"from": [7.125, 4.375, 7.85],
			"to": [7.25, 4.625, 8.275],
			"rotation": {"angle": 0, "axis": "y", "origin": [0, -2, 8]},
			"faces": {
				"north": {"uv": [7.25, 9.375, 7.125, 9.625], "texture": "#2"},
				"south": {"uv": [7.125, 9.375, 7.25, 9.625], "texture": "#2"},
				"west": {"uv": [7.125, 9.375, 7.25, 9.625], "texture": "#2"},
				"up": {"uv": [7.125, 9.375, 7.25, 9.5], "texture": "#2"},
				"down": {"uv": [7.125, 9.5, 7.25, 9.625], "texture": "#2"}
			}
		},
		{
			"name": "ww3_10",
			"from": [7.75, 4.375, 7.85],
			"to": [7.875, 4.625, 8.275],
			"rotation": {"angle": 0, "axis": "y", "origin": [0, -2, 8]},
			"faces": {
				"north": {"uv": [7.875, 9.375, 7.75, 9.625], "texture": "#2"},
				"east": {"uv": [7.75, 9.375, 7.875, 9.625], "texture": "#2"},
				"south": {"uv": [7.75, 9.375, 7.875, 9.625], "texture": "#2"},
				"up": {"uv": [7.75, 9.375, 7.875, 9.5], "texture": "#2"}
			}
		},
		{
			"name": "ww3_11",
			"from": [8, 4.375, 7.85],
			"to": [8.125, 4.625, 8.275],
			"rotation": {"angle": 0, "axis": "y", "origin": [0, -2, 8]},
			"faces": {
				"north": {"uv": [8.125, 9.375, 8, 9.625], "texture": "#2"},
				"south": {"uv": [8, 9.375, 8.125, 9.625], "texture": "#2"},
				"west": {"uv": [8, 9.375, 8.125, 9.625], "texture": "#2"},
				"up": {"uv": [8, 9.375, 8.125, 9.5], "texture": "#2"}
			}
		},
		{
			"name": "ww3_12",
			"from": [8.625, 4.375, 7.85],
			"to": [8.75, 4.625, 8.275],
			"rotation": {"angle": 0, "axis": "y", "origin": [0, -2, 8]},
			"faces": {
				"north": {"uv": [8.75, 9.375, 8.625, 9.625], "texture": "#2"},
				"east": {"uv": [8.625, 9.375, 8.75, 9.625], "texture": "#2"},
				"south": {"uv": [8.625, 9.375, 8.75, 9.625], "texture": "#2"},
				"up": {"uv": [8.625, 9.375, 8.75, 9.5], "texture": "#2"},
				"down": {"uv": [8.625, 9.5, 8.75, 9.625], "texture": "#2"}
			}
		},
		{
			"name": "ww3_13",
			"from": [7.375, 4.125, 7.85],
			"to": [7.625, 4.375, 8.275],
			"rotation": {"angle": 0, "axis": "y", "origin": [0, -2, 8]},
			"faces": {
				"north": {"uv": [7.625, 9.625, 7.375, 9.875], "texture": "#2"},
				"south": {"uv": [7.375, 9.625, 7.625, 9.875], "texture": "#2"},
				"west": {"uv": [7.375, 9.625, 7.5, 9.875], "texture": "#2"},
				"up": {"uv": [7.375, 9.625, 7.625, 9.75], "texture": "#2"},
				"down": {"uv": [7.375, 9.75, 7.625, 9.875], "texture": "#2"}
			}
		},
		{
			"name": "ww3_14",
			"from": [8.25, 4.125, 7.85],
			"to": [8.5, 4.375, 8.275],
			"rotation": {"angle": 0, "axis": "y", "origin": [0, -2, 8]},
			"faces": {
				"north": {"uv": [8.5, 9.625, 8.25, 9.875], "texture": "#2"},
				"east": {"uv": [8.375, 9.625, 8.5, 9.875], "texture": "#2"},
				"south": {"uv": [8.25, 9.625, 8.5, 9.875], "texture": "#2"},
				"up": {"uv": [8.25, 9.625, 8.5, 9.75], "texture": "#2"},
				"down": {"uv": [8.25, 9.75, 8.5, 9.875], "texture": "#2"}
			}
		},
		{
			"from": [3, 5.2, 8.1],
			"to": [9, 11.2, 8.1],
			"rotation": {"angle": -45, "axis": "z", "origin": [5, 5.2, 8.1]},
			"faces": {
				"north": {"uv": [0, 0, 16, 16], "texture": "#1"},
				"south": {"uv": [16, 0, 0, 16], "texture": "#1"}
			}
		}
	],
	"gui_light": "front",
	"display": {
		"thirdperson_righthand": {
			"rotation": [0, 90, 0],
			"translation": [-0.5, 14.25, 1.25],
			"scale": [3.15, 3.15, 3]
		},
		"thirdperson_lefthand": {
			"rotation": [0, -90, 0],
			"translation": [0, 14.25, 1.25],
			"scale": [3.15, 3.15, 3]
		},
		"firstperson_righthand": {
			"rotation": [8, -89, 0],
			"translation": [1, 10.25, 2],
			"scale": [2.1, 2.1, 2]
		},
		"firstperson_lefthand": {
			"rotation": [8, -89, 0],
			"translation": [1, 10.25, 2],
			"scale": [2.1, 2.1, 2]
		},
		"ground": {
			"translation": [0, 7, 0],
			"scale": [2, 2, 2]
		},
		"gui": {
			"rotation": [0, 0, -43],
			"translation": [2.75, 2.75, 0],
			"scale": [2.3, 2.3, 2]
		},
		"head": {
			"rotation": [0, 0, 144],
			"translation": [-3.25, -22.25, 0],
			"scale": [4, 4, 3.75]
		},
		"fixed": {
			"rotation": [0, 180, -42],
			"translation": [-3.5, 3.25, -0.75],
			"scale": [3.8, 3.8, 2.5]
		}
	},
	"groups": [
		{
			"name": "ww2",
			"origin": [8, 8, 8],
			"color": 0,
			"children": [0, 1, 2, 3, 4, 5, 6, 7, 8, 9, 10, 11, 12, 13, 14]
		},
		{
			"name": "ww1",
			"origin": [8, 8, 8],
			"color": 0,
			"children": [
				15,
				16,
				17,
				18,
				19,
				20,
				21,
				22,
				23,
				24,
				25,
				26,
				27,
				28,
				29,
				30,
				31,
				32,
				33,
				34,
				35,
				36,
				37,
				38,
				39,
				40,
				41,
				42,
				43,
				44,
				45,
				46,
				47,
				48,
				49,
				50,
				51,
				52,
				53,
				54,
				55,
				56,
				57,
				58,
				59,
				60,
				61
			]
		},
		{
			"name": "ww3",
			"origin": [8, 8, 8],
			"color": 0,
			"children": [62, 63, 64, 65, 66, 67, 68, 69, 70, 71, 72, 73, 74, 75]
		},
		76
	]
}