{
	"credit": "Made with Blockbench",
	"textures": {
		"0": "simplyswords:item/whisperwind",
		"1": "simplyswords:item/whisperwind_effect_above",
		"2": "simplyswords:item/whisperwind_effect_below",
		"particle": "simplyswords:item/whisperwind"
	},
	"elements": [
		{
			"name": "w2_0",
			"from": [8.5, 11.625, 7.95],
			"to": [8.625, 12, 8.175],
			"rotation": {"angle": 0, "axis": "y", "origin": [-2, -1, 8]},
			"faces": {
				"north": {"uv": [10.625, 3, 10.5, 3.375], "texture": "#0"},
				"east": {"uv": [10.5, 3, 10.625, 3.375], "texture": "#0"},
				"south": {"uv": [10.5, 3, 10.625, 3.375], "texture": "#0"},
				"west": {"uv": [10.5, 3, 10.625, 3.375], "texture": "#0"},
				"up": {"uv": [10.5, 3, 10.625, 3.125], "texture": "#0"},
				"down": {"uv": [10.5, 3.25, 10.625, 3.375], "texture": "#0"}
			}
		},
		{
			"name": "w2_1",
			"from": [8.375, 11.375, 7.95],
			"to": [8.5, 11.875, 8.175],
			"rotation": {"angle": 0, "axis": "y", "origin": [-2, -1, 8]},
			"faces": {
				"north": {"uv": [10.5, 3.125, 10.375, 3.625], "texture": "#0"},
				"east": {"uv": [10.375, 3.125, 10.5, 3.625], "texture": "#0"},
				"south": {"uv": [10.375, 3.125, 10.5, 3.625], "texture": "#0"},
				"west": {"uv": [10.375, 3.125, 10.5, 3.625], "texture": "#0"},
				"up": {"uv": [10.375, 3.125, 10.5, 3.25], "texture": "#0"},
				"down": {"uv": [10.375, 3.5, 10.5, 3.625], "texture": "#0"}
			}
		},
		{
			"name": "w2_2",
			"from": [8.25, 9.125, 7.95],
			"to": [8.375, 11.625, 8.175],
			"rotation": {"angle": 0, "axis": "y", "origin": [-2, -1, 8]},
			"faces": {
				"north": {"uv": [10.375, 3.375, 10.25, 5.875], "texture": "#0"},
				"east": {"uv": [10.25, 3.375, 10.375, 5.875], "texture": "#0"},
				"south": {"uv": [10.25, 3.375, 10.375, 5.875], "texture": "#0"},
				"west": {"uv": [10.25, 3.375, 10.375, 5.875], "texture": "#0"},
				"up": {"uv": [10.25, 3.375, 10.375, 3.5], "texture": "#0"},
				"down": {"uv": [10.25, 5.75, 10.375, 5.875], "texture": "#0"}
			}
		},
		{
			"name": "w2_3",
			"from": [8.125, 5, 7.95],
			"to": [8.25, 11.375, 8.175],
			"rotation": {"angle": 0, "axis": "y", "origin": [-2, -1, 8]},
			"faces": {
				"north": {"uv": [10.25, 3.625, 10.125, 10], "texture": "#0"},
				"east": {"uv": [10.125, 3.625, 10.25, 10], "texture": "#0"},
				"south": {"uv": [10.125, 3.625, 10.25, 10], "texture": "#0"},
				"west": {"uv": [10.125, 3.625, 10.25, 10], "texture": "#0"},
				"up": {"uv": [10.125, 3.625, 10.25, 3.75], "texture": "#0"}
			}
		},
		{
			"name": "w2_4",
			"from": [8, 5, 7.95],
			"to": [8.125, 9.125, 8.175],
			"rotation": {"angle": 0, "axis": "y", "origin": [-2, -1, 8]},
			"faces": {
				"north": {"uv": [10.125, 5.875, 10, 10], "texture": "#0"},
				"south": {"uv": [10, 5.875, 10.125, 10], "texture": "#0"},
				"west": {"uv": [10, 5.875, 10.125, 10], "texture": "#0"},
				"up": {"uv": [10, 5.875, 10.125, 6], "texture": "#0"}
			}
		},
		{
			"name": "w2_5",
			"from": [7.75, 2.5, 7.9],
			"to": [8.25, 4.375, 8.225],
			"rotation": {"angle": 0, "axis": "y", "origin": [-2, -1, 8]},
			"faces": {
				"north": {"uv": [10.25, 10.625, 9.75, 12.5], "texture": "#0"},
				"east": {"uv": [10.125, 10.625, 10.25, 12.5], "texture": "#0"},
				"south": {"uv": [9.75, 10.625, 10.25, 12.5], "texture": "#0"},
				"west": {"uv": [9.75, 10.625, 9.875, 12.5], "texture": "#0"},
				"down": {"uv": [9.75, 12.375, 10.25, 12.5], "texture": "#0"}
			}
		},
		{
			"name": "w2_6",
			"from": [7.875, 1.375, 7.9],
			"to": [8.25, 2.5, 8.225],
			"rotation": {"angle": 0, "axis": "y", "origin": [-2, -1, 8]},
			"faces": {
				"north": {"uv": [10.25, 12.5, 9.875, 13.625], "texture": "#0"},
				"east": {"uv": [10.125, 12.5, 10.25, 13.625], "texture": "#0"},
				"south": {"uv": [9.875, 12.5, 10.25, 13.625], "texture": "#0"},
				"west": {"uv": [9.875, 12.5, 10, 13.625], "texture": "#0"},
				"down": {"uv": [9.875, 13.5, 10.25, 13.625], "texture": "#0"}
			}
		},
		{
			"name": "w2_7",
			"from": [8.25, 1.375, 7.9],
			"to": [8.375, 2.375, 8.225],
			"rotation": {"angle": 0, "axis": "y", "origin": [-2, -1, 8]},
			"faces": {
				"north": {"uv": [10.375, 12.625, 10.25, 13.625], "texture": "#0"},
				"east": {"uv": [10.25, 12.625, 10.375, 13.625], "texture": "#0"},
				"south": {"uv": [10.25, 12.625, 10.375, 13.625], "texture": "#0"},
				"up": {"uv": [10.25, 12.625, 10.375, 12.75], "texture": "#0"},
				"down": {"uv": [10.25, 13.5, 10.375, 13.625], "texture": "#0"}
			}
		},
		{
			"name": "w2_8",
			"from": [8, 1.25, 7.9],
			"to": [8.25, 1.375, 8.225],
			"rotation": {"angle": 0, "axis": "y", "origin": [-2, -1, 8]},
			"faces": {
				"north": {"uv": [10.25, 13.625, 10, 13.75], "texture": "#0"},
				"east": {"uv": [10.125, 13.625, 10.25, 13.75], "texture": "#0"},
				"south": {"uv": [10, 13.625, 10.25, 13.75], "texture": "#0"},
				"west": {"uv": [10, 13.625, 10.125, 13.75], "texture": "#0"},
				"down": {"uv": [10, 13.625, 10.25, 13.75], "texture": "#0"}
			}
		},
		{
			"name": "w1_0",
			"from": [8.5, 12, 8],
			"to": [8.625, 12.25, 8.125],
			"rotation": {"angle": 0, "axis": "y", "origin": [-2, -1, 8]},
			"faces": {
				"north": {"uv": [10.625, 2.75, 10.5, 3], "texture": "#0"},
				"east": {"uv": [10.5, 2.75, 10.625, 3], "texture": "#0"},
				"south": {"uv": [10.5, 2.75, 10.625, 3], "texture": "#0"}
			}
		},
		{
			"name": "w1_1",
			"from": [8.375, 11.875, 8],
			"to": [8.5, 12.125, 8.125],
			"rotation": {"angle": 0, "axis": "y", "origin": [-2, -1, 8]},
			"faces": {
				"north": {"uv": [10.5, 2.875, 10.375, 3.125], "texture": "#0"},
				"south": {"uv": [10.375, 2.875, 10.5, 3.125], "texture": "#0"},
				"west": {"uv": [10.375, 2.875, 10.5, 3.125], "texture": "#0"},
				"up": {"uv": [10.375, 2.875, 10.5, 3], "texture": "#0"}
			}
		},
		{
			"name": "w1_2",
			"from": [8.25, 11.625, 8],
			"to": [8.375, 12, 8.125],
			"rotation": {"angle": 0, "axis": "y", "origin": [-2, -1, 8]},
			"faces": {
				"north": {"uv": [10.375, 3, 10.25, 3.375], "texture": "#0"},
				"south": {"uv": [10.25, 3, 10.375, 3.375], "texture": "#0"},
				"west": {"uv": [10.25, 3, 10.375, 3.375], "texture": "#0"},
				"up": {"uv": [10.25, 3, 10.375, 3.125], "texture": "#0"}
			}
		},
		{
			"name": "w1_3",
			"from": [8.125, 11.375, 8],
			"to": [8.25, 11.875, 8.125],
			"rotation": {"angle": 0, "axis": "y", "origin": [-2, -1, 8]},
			"faces": {
				"north": {"uv": [10.25, 3.125, 10.125, 3.625], "texture": "#0"},
				"south": {"uv": [10.125, 3.125, 10.25, 3.625], "texture": "#0"},
				"west": {"uv": [10.125, 3.125, 10.25, 3.625], "texture": "#0"},
				"up": {"uv": [10.125, 3.125, 10.25, 3.25], "texture": "#0"}
			}
		},
		{
			"name": "w1_4",
			"from": [8, 9.125, 8],
			"to": [8.125, 11.625, 8.125],
			"rotation": {"angle": 0, "axis": "y", "origin": [-2, -1, 8]},
			"faces": {
				"north": {"uv": [10.125, 3.375, 10, 5.875], "texture": "#0"},
				"south": {"uv": [10, 3.375, 10.125, 5.875], "texture": "#0"},
				"west": {"uv": [10, 3.375, 10.125, 5.875], "texture": "#0"},
				"up": {"uv": [10, 3.375, 10.125, 3.5], "texture": "#0"}
			}
		},
		{
			"name": "w1_5",
			"from": [7.875, 5, 8],
			"to": [8, 11.375, 8.125],
			"rotation": {"angle": 0, "axis": "y", "origin": [-2, -1, 8]},
			"faces": {
				"north": {"uv": [10, 3.625, 9.875, 10], "texture": "#0"},
				"south": {"uv": [9.875, 3.625, 10, 10], "texture": "#0"},
				"west": {"uv": [9.875, 3.625, 10, 10], "texture": "#0"},
				"up": {"uv": [9.875, 3.625, 10, 3.75], "texture": "#0"}
			}
		},
		{
			"name": "w1_6",
			"from": [7.75, 5, 8],
			"to": [7.875, 9.125, 8.125],
			"rotation": {"angle": 0, "axis": "y", "origin": [-2, -1, 8]},
			"faces": {
				"north": {"uv": [9.875, 5.875, 9.75, 10], "texture": "#0"},
				"south": {"uv": [9.75, 5.875, 9.875, 10], "texture": "#0"},
				"west": {"uv": [9.75, 5.875, 9.875, 10], "texture": "#0"},
				"up": {"uv": [9.75, 5.875, 9.875, 6], "texture": "#0"}
			}
		},
		{
			"name": "w1_7",
			"from": [7.375, 4.375, 7.6],
			"to": [8.625, 4.625, 8.525],
			"rotation": {"angle": 0, "axis": "y", "origin": [-2, -1, 8]},
			"faces": {
				"north": {"uv": [10.625, 10.375, 9.375, 10.625], "texture": "#0"},
				"east": {"uv": [10.5, 10.375, 10.625, 10.625], "texture": "#0"},
				"south": {"uv": [9.375, 10.375, 10.625, 10.625], "texture": "#0"},
				"west": {"uv": [9.375, 10.375, 9.5, 10.625], "texture": "#0"},
				"up": {"uv": [9.375, 10.375, 10.625, 10.5], "texture": "#0"},
				"down": {"uv": [9.375, 10.5, 10.625, 10.625], "texture": "#0"}
			}
		},
		{
			"name": "w1_8",
			"from": [7.875, 1, 7.95],
			"to": [8, 1.375, 8.175],
			"rotation": {"angle": 0, "axis": "y", "origin": [-2, -1, 8]},
			"faces": {
				"north": {"uv": [10, 13.625, 9.875, 14], "texture": "#0"},
				"south": {"uv": [9.875, 13.625, 10, 14], "texture": "#0"},
				"west": {"uv": [9.875, 13.625, 10, 14], "texture": "#0"},
				"down": {"uv": [9.875, 13.875, 10, 14], "texture": "#0"}
			}
		},
		{
			"name": "w1_9",
			"from": [8.25, 1, 7.95],
			"to": [8.375, 1.375, 8.175],
			"rotation": {"angle": 0, "axis": "y", "origin": [-2, -1, 8]},
			"faces": {
				"north": {"uv": [10.375, 13.625, 10.25, 14], "texture": "#0"},
				"east": {"uv": [10.25, 13.625, 10.375, 14], "texture": "#0"},
				"south": {"uv": [10.25, 13.625, 10.375, 14], "texture": "#0"},
				"down": {"uv": [10.25, 13.875, 10.375, 14], "texture": "#0"}
			}
		},
		{
			"name": "w1_10",
			"from": [8, 1, 7.95],
			"to": [8.25, 1.25, 8.175],
			"rotation": {"angle": 0, "axis": "y", "origin": [-2, -1, 8]},
			"faces": {
				"north": {"uv": [10.25, 13.75, 10, 14], "texture": "#0"},
				"south": {"uv": [10, 13.75, 10.25, 14], "texture": "#0"},
				"down": {"uv": [10, 13.875, 10.25, 14], "texture": "#0"}
			}
		},
		{
			"name": "w3_0",
			"from": [8.5, 12.125, 8],
			"to": [8.625, 12.25, 8.125],
			"rotation": {"angle": 0, "axis": "y", "origin": [-2, -1, 8]},
			"faces": {
				"west": {"uv": [10.5, 2.75, 10.625, 2.875], "texture": "#0"},
				"up": {"uv": [10.5, 2.75, 10.625, 2.875], "texture": "#0"}
			}
		},
		{
			"name": "w3_1",
			"from": [7.75, 4.625, 7.9],
			"to": [8.25, 5, 8.225],
			"rotation": {"angle": 0, "axis": "y", "origin": [-2, -1, 8]},
			"faces": {
				"north": {"uv": [10.25, 10, 9.75, 10.375], "texture": "#0"},
				"east": {"uv": [10.125, 10, 10.25, 10.375], "texture": "#0"},
				"south": {"uv": [9.75, 10, 10.25, 10.375], "texture": "#0"},
				"west": {"uv": [9.75, 10, 9.875, 10.375], "texture": "#0"},
				"up": {"uv": [9.75, 10, 10.25, 10.125], "texture": "#0"}
			}
		},
		{
			"from": [3.4, 9.8, 7.8],
			"to": [10.4, 16.8, 7.8],
			"rotation": {"angle": -45, "axis": "z", "origin": [2.4, 9.8, 7.8]},
			"faces": {
				"north": {"uv": [0, 0, 16, 16], "texture": "#1"}
			}
		},
		{
			"from": [3.4, 4.8, 8.2],
			"to": [10.4, 11.8, 8.2],
			"rotation": {"angle": -45, "axis": "z", "origin": [2.4, 4.8, 8.2]},
			"faces": {
				"south": {"uv": [16, 0, 0, 16], "texture": "#1"}
			}
		},
		{
			"from": [3.25, 6.6, 8.07],
			"to": [10.25, 13.6, 8.07],
			"rotation": {"angle": -45, "axis": "z", "origin": [2.2, 6.6, 8.1]},
			"faces": {
				"north": {"uv": [0, 0, 16, 16], "texture": "#2"},
				"south": {"uv": [16, 0, 0, 16], "texture": "#2"}
			}
		}
	],
	"gui_light": "front",
	"display": {
		"thirdperson_righthand": {
			"rotation": [0, -90, 0],
			"translation": [0, 12, 1.25],
			"scale": [3.15, 3.15, 2.5]
		},
		"thirdperson_lefthand": {
			"rotation": [0, 90, 0],
			"translation": [0, 12, 1.25],
			"scale": [3.15, 3.15, 2.5]
		},
		"firstperson_righthand": {
			"rotation": [8, -90, 0],
			"translation": [0, 9.5, 2],
			"scale": [2.1, 2.1, 2]
		},
		"firstperson_lefthand": {
			"rotation": [8, 90, 0],
			"translation": [0, 9.5, 2],
			"scale": [2.1, 2.1, 2]
		},
		"ground": {
			"translation": [0, 7, 0],
			"scale": [2, 2, 2]
		},
		"gui": {
			"rotation": [0, 0, -43],
			"translation": [2.75, 2.75, 0],
			"scale": [2.7, 2.7, 2]
		},
		"head": {
			"rotation": [1, -90, -125],
			"translation": [-7.5, -27.5, 3.75],
			"scale": [4, 4, 3.75]
		},
		"fixed": {
			"rotation": [0, 0, 47],
			"translation": [-4.25, 4, -0.75],
			"scale": [3.8, 3.8, 2.5]
		}
	},
	"groups": [
		{
			"name": "w2",
			"origin": [8, 8, 8],
			"color": 0,
			"nbt": "{}",
			"children": [0, 1, 2, 3, 4, 5, 6, 7, 8]
		},
		{
			"name": "w1",
			"origin": [8, 8, 8],
			"color": 0,
			"nbt": "{}",
			"children": [9, 10, 11, 12, 13, 14, 15, 16, 17, 18, 19]
		},
		{
			"name": "w3",
			"origin": [8, 8, 8],
			"color": 0,
			"nbt": "{}",
			"children": [20, 21]
		},
		22,
		23,
		24
	]
}