{
	"credit": "Made with Blockbench",
	"textures": {
		"1": "simplyswords:item/waxweaver_anim_02",
		"2": "simplyswords:item/wickpiercer",
		"particle": "simplyswords:item/wickpiercer"
	},
	"elements": [
		{
			"from": [3, 10.7, 8.025],
			"to": [9, 16.7, 8.025],
			"rotation": {"angle": -45, "axis": "z", "origin": [5, 10.7, 8]},
			"faces": {
				"north": {"uv": [0, 0, 16, 16], "texture": "#1"},
				"south": {"uv": [16, 0, 0, 16], "texture": "#1"}
			}
		},
		{
			"name": "wp2_0",
			"from": [7.875, 12.125, 7.95],
			"to": [8, 12.75, 8.175],
			"rotation": {"angle": 0, "axis": "y", "origin": [0, -1, 8]},
			"faces": {
				"north": {"uv": [8, 2.25, 7.875, 2.875], "texture": "#2"},
				"east": {"uv": [7.875, 2.25, 8, 2.875], "texture": "#2"},
				"south": {"uv": [7.875, 2.25, 8, 2.875], "texture": "#2"},
				"west": {"uv": [7.875, 2.25, 8, 2.875], "texture": "#2"},
				"up": {"uv": [7.875, 2.25, 8, 2.375], "texture": "#2"}
			}
		},
		{
			"name": "wp2_1",
			"from": [7.75, 11.75, 7.95],
			"to": [7.875, 12.25, 8.175],
			"rotation": {"angle": 0, "axis": "y", "origin": [0, -1, 8]},
			"faces": {
				"north": {"uv": [7.875, 2.75, 7.75, 3.25], "texture": "#2"},
				"south": {"uv": [7.75, 2.75, 7.875, 3.25], "texture": "#2"},
				"west": {"uv": [7.75, 2.75, 7.875, 3.25], "texture": "#2"},
				"up": {"uv": [7.75, 2.75, 7.875, 2.875], "texture": "#2"}
			}
		},
		{
			"name": "wp2_2",
			"from": [8, 11.75, 7.95],
			"to": [8.125, 12.25, 8.175],
			"rotation": {"angle": 0, "axis": "y", "origin": [0, -1, 8]},
			"faces": {
				"north": {"uv": [8.125, 2.75, 8, 3.25], "texture": "#2"},
				"east": {"uv": [8, 2.75, 8.125, 3.25], "texture": "#2"},
				"south": {"uv": [8, 2.75, 8.125, 3.25], "texture": "#2"},
				"up": {"uv": [8, 2.75, 8.125, 2.875], "texture": "#2"}
			}
		},
		{
			"name": "wp2_3",
			"from": [7.625, 10.625, 7.95],
			"to": [7.75, 11.75, 8.175],
			"rotation": {"angle": 0, "axis": "y", "origin": [0, -1, 8]},
			"faces": {
				"north": {"uv": [7.75, 3.25, 7.625, 4.375], "texture": "#2"},
				"south": {"uv": [7.625, 3.25, 7.75, 4.375], "texture": "#2"},
				"west": {"uv": [7.625, 3.25, 7.75, 4.375], "texture": "#2"},
				"up": {"uv": [7.625, 3.25, 7.75, 3.375], "texture": "#2"},
				"down": {"uv": [7.625, 4.25, 7.75, 4.375], "texture": "#2"}
			}
		},
		{
			"name": "wp2_4",
			"from": [8.125, 10.625, 7.95],
			"to": [8.25, 11.75, 8.175],
			"rotation": {"angle": 0, "axis": "y", "origin": [0, -1, 8]},
			"faces": {
				"north": {"uv": [8.25, 3.25, 8.125, 4.375], "texture": "#2"},
				"east": {"uv": [8.125, 3.25, 8.25, 4.375], "texture": "#2"},
				"south": {"uv": [8.125, 3.25, 8.25, 4.375], "texture": "#2"},
				"up": {"uv": [8.125, 3.25, 8.25, 3.375], "texture": "#2"},
				"down": {"uv": [8.125, 4.25, 8.25, 4.375], "texture": "#2"}
			}
		},
		{
			"name": "wp2_5",
			"from": [7.5, 10.75, 7.95],
			"to": [7.625, 10.875, 8.175],
			"rotation": {"angle": 0, "axis": "y", "origin": [0, -1, 8]},
			"faces": {
				"north": {"uv": [7.625, 4.125, 7.5, 4.25], "texture": "#2"},
				"south": {"uv": [7.5, 4.125, 7.625, 4.25], "texture": "#2"},
				"west": {"uv": [7.5, 4.125, 7.625, 4.25], "texture": "#2"},
				"up": {"uv": [7.5, 4.125, 7.625, 4.25], "texture": "#2"},
				"down": {"uv": [7.5, 4.125, 7.625, 4.25], "texture": "#2"}
			}
		},
		{
			"name": "wp2_6",
			"from": [8.25, 10.75, 7.95],
			"to": [8.375, 10.875, 8.175],
			"rotation": {"angle": 0, "axis": "y", "origin": [0, -1, 8]},
			"faces": {
				"north": {"uv": [8.375, 4.125, 8.25, 4.25], "texture": "#2"},
				"east": {"uv": [8.25, 4.125, 8.375, 4.25], "texture": "#2"},
				"south": {"uv": [8.25, 4.125, 8.375, 4.25], "texture": "#2"},
				"up": {"uv": [8.25, 4.125, 8.375, 4.25], "texture": "#2"},
				"down": {"uv": [8.25, 4.125, 8.375, 4.25], "texture": "#2"}
			}
		},
		{
			"name": "wp2_7",
			"from": [6.25, 10, 7.75],
			"to": [7, 10.125, 8.375],
			"rotation": {"angle": 0, "axis": "y", "origin": [0, -1, 8]},
			"faces": {
				"north": {"uv": [7, 4.875, 6.25, 5], "texture": "#2"},
				"east": {"uv": [6.875, 4.875, 7, 5], "texture": "#2"},
				"south": {"uv": [6.25, 4.875, 7, 5], "texture": "#2"},
				"west": {"uv": [6.25, 4.875, 6.375, 5], "texture": "#2"},
				"up": {"uv": [6.25, 4.875, 7, 5], "texture": "#2"},
				"down": {"uv": [6.25, 4.875, 7, 5], "texture": "#2"}
			}
		},
		{
			"name": "wp2_8",
			"from": [8.875, 10, 7.75],
			"to": [9.625, 10.125, 8.375],
			"rotation": {"angle": 0, "axis": "y", "origin": [0, -1, 8]},
			"faces": {
				"north": {"uv": [9.625, 4.875, 8.875, 5], "texture": "#2"},
				"east": {"uv": [9.5, 4.875, 9.625, 5], "texture": "#2"},
				"south": {"uv": [8.875, 4.875, 9.625, 5], "texture": "#2"},
				"west": {"uv": [8.875, 4.875, 9, 5], "texture": "#2"},
				"up": {"uv": [8.875, 4.875, 9.625, 5], "texture": "#2"},
				"down": {"uv": [8.875, 4.875, 9.625, 5], "texture": "#2"}
			}
		},
		{
			"name": "wp2_9",
			"from": [6.375, 9.875, 7.85],
			"to": [6.875, 10, 8.275],
			"rotation": {"angle": 0, "axis": "y", "origin": [0, -1, 8]},
			"faces": {
				"north": {"uv": [6.875, 5, 6.375, 5.125], "texture": "#2"},
				"east": {"uv": [6.75, 5, 6.875, 5.125], "texture": "#2"},
				"south": {"uv": [6.375, 5, 6.875, 5.125], "texture": "#2"},
				"west": {"uv": [6.375, 5, 6.5, 5.125], "texture": "#2"},
				"down": {"uv": [6.375, 5, 6.875, 5.125], "texture": "#2"}
			}
		},
		{
			"name": "wp2_10",
			"from": [7.75, 9.375, 7.8],
			"to": [8.125, 10, 8.325],
			"rotation": {"angle": 0, "axis": "y", "origin": [0, -1, 8]},
			"faces": {
				"north": {"uv": [8.125, 5, 7.75, 5.625], "texture": "#2"},
				"east": {"uv": [8, 5, 8.125, 5.625], "texture": "#2"},
				"south": {"uv": [7.75, 5, 8.125, 5.625], "texture": "#2"},
				"west": {"uv": [7.75, 5, 7.875, 5.625], "texture": "#2"},
				"up": {"uv": [7.75, 5, 8.125, 5.125], "texture": "#2"},
				"down": {"uv": [7.75, 5.5, 8.125, 5.625], "texture": "#2"}
			}
		},
		{
			"name": "wp2_11",
			"from": [9, 9.875, 7.85],
			"to": [9.5, 10, 8.275],
			"rotation": {"angle": 0, "axis": "y", "origin": [0, -1, 8]},
			"faces": {
				"north": {"uv": [9.5, 5, 9, 5.125], "texture": "#2"},
				"east": {"uv": [9.375, 5, 9.5, 5.125], "texture": "#2"},
				"south": {"uv": [9, 5, 9.5, 5.125], "texture": "#2"},
				"west": {"uv": [9, 5, 9.125, 5.125], "texture": "#2"},
				"down": {"uv": [9, 5, 9.5, 5.125], "texture": "#2"}
			}
		},
		{
			"name": "wp2_12",
			"from": [7.625, 9.5, 7.8],
			"to": [7.75, 9.875, 8.325],
			"rotation": {"angle": 0, "axis": "y", "origin": [0, -1, 8]},
			"faces": {
				"north": {"uv": [7.75, 5.125, 7.625, 5.5], "texture": "#2"},
				"south": {"uv": [7.625, 5.125, 7.75, 5.5], "texture": "#2"},
				"west": {"uv": [7.625, 5.125, 7.75, 5.5], "texture": "#2"},
				"up": {"uv": [7.625, 5.125, 7.75, 5.25], "texture": "#2"},
				"down": {"uv": [7.625, 5.375, 7.75, 5.5], "texture": "#2"}
			}
		},
		{
			"name": "wp2_13",
			"from": [8.125, 9.5, 7.8],
			"to": [8.25, 9.875, 8.325],
			"rotation": {"angle": 0, "axis": "y", "origin": [0, -1, 8]},
			"faces": {
				"north": {"uv": [8.25, 5.125, 8.125, 5.5], "texture": "#2"},
				"east": {"uv": [8.125, 5.125, 8.25, 5.5], "texture": "#2"},
				"south": {"uv": [8.125, 5.125, 8.25, 5.5], "texture": "#2"},
				"up": {"uv": [8.125, 5.125, 8.25, 5.25], "texture": "#2"},
				"down": {"uv": [8.125, 5.375, 8.25, 5.5], "texture": "#2"}
			}
		},
		{
			"name": "wp2_14",
			"from": [6.75, 9.125, 8],
			"to": [7, 9.25, 8.125],
			"rotation": {"angle": 0, "axis": "y", "origin": [0, -1, 8]},
			"faces": {
				"north": {"uv": [7, 5.75, 6.75, 5.875], "texture": "#2"},
				"east": {"uv": [6.875, 5.75, 7, 5.875], "texture": "#2"},
				"south": {"uv": [6.75, 5.75, 7, 5.875], "texture": "#2"},
				"west": {"uv": [6.75, 5.75, 6.875, 5.875], "texture": "#2"},
				"up": {"uv": [6.75, 5.75, 7, 5.875], "texture": "#2"},
				"down": {"uv": [6.75, 5.75, 7, 5.875], "texture": "#2"}
			}
		},
		{
			"name": "wp2_15",
			"from": [8.875, 9.125, 8],
			"to": [9.125, 9.25, 8.125],
			"rotation": {"angle": 0, "axis": "y", "origin": [0, -1, 8]},
			"faces": {
				"north": {"uv": [9.125, 5.75, 8.875, 5.875], "texture": "#2"},
				"east": {"uv": [9, 5.75, 9.125, 5.875], "texture": "#2"},
				"south": {"uv": [8.875, 5.75, 9.125, 5.875], "texture": "#2"},
				"west": {"uv": [8.875, 5.75, 9, 5.875], "texture": "#2"},
				"up": {"uv": [8.875, 5.75, 9.125, 5.875], "texture": "#2"},
				"down": {"uv": [8.875, 5.75, 9.125, 5.875], "texture": "#2"}
			}
		},
		{
			"name": "wp2_16",
			"from": [6.75, 8.875, 8],
			"to": [6.875, 9.125, 8.125],
			"rotation": {"angle": 0, "axis": "y", "origin": [0, -1, 8]},
			"faces": {
				"north": {"uv": [6.875, 5.875, 6.75, 6.125], "texture": "#2"},
				"east": {"uv": [6.75, 5.875, 6.875, 6.125], "texture": "#2"},
				"south": {"uv": [6.75, 5.875, 6.875, 6.125], "texture": "#2"},
				"west": {"uv": [6.75, 5.875, 6.875, 6.125], "texture": "#2"},
				"down": {"uv": [6.75, 6, 6.875, 6.125], "texture": "#2"}
			}
		},
		{
			"name": "wp2_17",
			"from": [9, 8.875, 8],
			"to": [9.125, 9.125, 8.125],
			"rotation": {"angle": 0, "axis": "y", "origin": [0, -1, 8]},
			"faces": {
				"north": {"uv": [9.125, 5.875, 9, 6.125], "texture": "#2"},
				"east": {"uv": [9, 5.875, 9.125, 6.125], "texture": "#2"},
				"south": {"uv": [9, 5.875, 9.125, 6.125], "texture": "#2"},
				"west": {"uv": [9, 5.875, 9.125, 6.125], "texture": "#2"},
				"down": {"uv": [9, 6, 9.125, 6.125], "texture": "#2"}
			}
		},
		{
			"name": "wp2_18",
			"from": [6.875, 8.875, 8],
			"to": [7, 9, 8.125],
			"rotation": {"angle": 0, "axis": "y", "origin": [0, -1, 8]},
			"faces": {
				"north": {"uv": [7, 6, 6.875, 6.125], "texture": "#2"},
				"east": {"uv": [6.875, 6, 7, 6.125], "texture": "#2"},
				"south": {"uv": [6.875, 6, 7, 6.125], "texture": "#2"},
				"up": {"uv": [6.875, 6, 7, 6.125], "texture": "#2"},
				"down": {"uv": [6.875, 6, 7, 6.125], "texture": "#2"}
			}
		},
		{
			"name": "wp2_19",
			"from": [8.875, 8.875, 8],
			"to": [9, 9, 8.125],
			"rotation": {"angle": 0, "axis": "y", "origin": [0, -1, 8]},
			"faces": {
				"north": {"uv": [9, 6, 8.875, 6.125], "texture": "#2"},
				"south": {"uv": [8.875, 6, 9, 6.125], "texture": "#2"},
				"west": {"uv": [8.875, 6, 9, 6.125], "texture": "#2"},
				"up": {"uv": [8.875, 6, 9, 6.125], "texture": "#2"},
				"down": {"uv": [8.875, 6, 9, 6.125], "texture": "#2"}
			}
		},
		{
			"name": "wp2_20",
			"from": [7.625, 8.5, 7.8],
			"to": [8.25, 8.75, 8.325],
			"rotation": {"angle": 0, "axis": "y", "origin": [0, -1, 8]},
			"faces": {
				"north": {"uv": [8.25, 6.25, 7.625, 6.5], "texture": "#2"},
				"east": {"uv": [8.125, 6.25, 8.25, 6.5], "texture": "#2"},
				"south": {"uv": [7.625, 6.25, 8.25, 6.5], "texture": "#2"},
				"west": {"uv": [7.625, 6.25, 7.75, 6.5], "texture": "#2"},
				"up": {"uv": [7.625, 6.25, 8.25, 6.375], "texture": "#2"},
				"down": {"uv": [7.625, 6.375, 8.25, 6.5], "texture": "#2"}
			}
		},
		{
			"name": "wp2_21",
			"from": [7.625, 6.25, 7.8],
			"to": [8.25, 6.5, 8.325],
			"rotation": {"angle": 0, "axis": "y", "origin": [0, -1, 8]},
			"faces": {
				"north": {"uv": [8.25, 8.5, 7.625, 8.75], "texture": "#2"},
				"east": {"uv": [8.125, 8.5, 8.25, 8.75], "texture": "#2"},
				"south": {"uv": [7.625, 8.5, 8.25, 8.75], "texture": "#2"},
				"west": {"uv": [7.625, 8.5, 7.75, 8.75], "texture": "#2"},
				"up": {"uv": [7.625, 8.5, 8.25, 8.625], "texture": "#2"},
				"down": {"uv": [7.625, 8.625, 8.25, 8.75], "texture": "#2"}
			}
		},
		{
			"name": "wp2_22",
			"from": [7.75, 1.625, 7.9],
			"to": [8.125, 1.875, 8.225],
			"rotation": {"angle": 0, "axis": "y", "origin": [0, -1, 8]},
			"faces": {
				"north": {"uv": [8.125, 13.125, 7.75, 13.375], "texture": "#2"},
				"east": {"uv": [8, 13.125, 8.125, 13.375], "texture": "#2"},
				"south": {"uv": [7.75, 13.125, 8.125, 13.375], "texture": "#2"},
				"west": {"uv": [7.75, 13.125, 7.875, 13.375], "texture": "#2"}
			}
		},
		{
			"name": "wp1_0",
			"from": [7.875, 12.75, 8],
			"to": [8, 14, 8.125],
			"rotation": {"angle": 0, "axis": "y", "origin": [0, -1, 8]},
			"faces": {
				"north": {"uv": [8, 1, 7.875, 2.25], "texture": "#2"},
				"east": {"uv": [7.875, 1, 8, 2.25], "texture": "#2"},
				"south": {"uv": [7.875, 1, 8, 2.25], "texture": "#2"},
				"west": {"uv": [7.875, 1, 8, 2.25], "texture": "#2"},
				"up": {"uv": [7.875, 1, 8, 1.125], "texture": "#2"}
			}
		},
		{
			"name": "wp1_1",
			"from": [7.75, 12.25, 8],
			"to": [7.875, 13.5, 8.125],
			"rotation": {"angle": 0, "axis": "y", "origin": [0, -1, 8]},
			"faces": {
				"north": {"uv": [7.875, 1.5, 7.75, 2.75], "texture": "#2"},
				"south": {"uv": [7.75, 1.5, 7.875, 2.75], "texture": "#2"},
				"west": {"uv": [7.75, 1.5, 7.875, 2.75], "texture": "#2"},
				"up": {"uv": [7.75, 1.5, 7.875, 1.625], "texture": "#2"}
			}
		},
		{
			"name": "wp1_2",
			"from": [8, 12.25, 8],
			"to": [8.125, 13.5, 8.125],
			"rotation": {"angle": 0, "axis": "y", "origin": [0, -1, 8]},
			"faces": {
				"north": {"uv": [8.125, 1.5, 8, 2.75], "texture": "#2"},
				"east": {"uv": [8, 1.5, 8.125, 2.75], "texture": "#2"},
				"south": {"uv": [8, 1.5, 8.125, 2.75], "texture": "#2"},
				"up": {"uv": [8, 1.5, 8.125, 1.625], "texture": "#2"}
			}
		},
		{
			"name": "wp1_3",
			"from": [7.625, 11.75, 8],
			"to": [7.75, 12.875, 8.125],
			"rotation": {"angle": 0, "axis": "y", "origin": [0, -1, 8]},
			"faces": {
				"north": {"uv": [7.75, 2.125, 7.625, 3.25], "texture": "#2"},
				"south": {"uv": [7.625, 2.125, 7.75, 3.25], "texture": "#2"},
				"west": {"uv": [7.625, 2.125, 7.75, 3.25], "texture": "#2"},
				"up": {"uv": [7.625, 2.125, 7.75, 2.25], "texture": "#2"}
			}
		},
		{
			"name": "wp1_4",
			"from": [8.125, 11.75, 8],
			"to": [8.25, 12.875, 8.125],
			"rotation": {"angle": 0, "axis": "y", "origin": [0, -1, 8]},
			"faces": {
				"north": {"uv": [8.25, 2.125, 8.125, 3.25], "texture": "#2"},
				"east": {"uv": [8.125, 2.125, 8.25, 3.25], "texture": "#2"},
				"south": {"uv": [8.125, 2.125, 8.25, 3.25], "texture": "#2"},
				"up": {"uv": [8.125, 2.125, 8.25, 2.25], "texture": "#2"}
			}
		},
		{
			"name": "wp1_5",
			"from": [7.5, 10.875, 8],
			"to": [7.625, 12.25, 8.125],
			"rotation": {"angle": 0, "axis": "y", "origin": [0, -1, 8]},
			"faces": {
				"north": {"uv": [7.625, 2.75, 7.5, 4.125], "texture": "#2"},
				"south": {"uv": [7.5, 2.75, 7.625, 4.125], "texture": "#2"},
				"west": {"uv": [7.5, 2.75, 7.625, 4.125], "texture": "#2"},
				"up": {"uv": [7.5, 2.75, 7.625, 2.875], "texture": "#2"}
			}
		},
		{
			"name": "wp1_6",
			"from": [8.25, 10.875, 8],
			"to": [8.375, 12.25, 8.125],
			"rotation": {"angle": 0, "axis": "y", "origin": [0, -1, 8]},
			"faces": {
				"north": {"uv": [8.375, 2.75, 8.25, 4.125], "texture": "#2"},
				"east": {"uv": [8.25, 2.75, 8.375, 4.125], "texture": "#2"},
				"south": {"uv": [8.25, 2.75, 8.375, 4.125], "texture": "#2"},
				"up": {"uv": [8.25, 2.75, 8.375, 2.875], "texture": "#2"}
			}
		},
		{
			"name": "wp1_7",
			"from": [7.375, 10.625, 8],
			"to": [7.5, 11.625, 8.125],
			"rotation": {"angle": 0, "axis": "y", "origin": [0, -1, 8]},
			"faces": {
				"north": {"uv": [7.5, 3.375, 7.375, 4.375], "texture": "#2"},
				"south": {"uv": [7.375, 3.375, 7.5, 4.375], "texture": "#2"},
				"west": {"uv": [7.375, 3.375, 7.5, 4.375], "texture": "#2"},
				"up": {"uv": [7.375, 3.375, 7.5, 3.5], "texture": "#2"},
				"down": {"uv": [7.375, 4.25, 7.5, 4.375], "texture": "#2"}
			}
		},
		{
			"name": "wp1_8",
			"from": [8.375, 10.625, 8],
			"to": [8.5, 11.625, 8.125],
			"rotation": {"angle": 0, "axis": "y", "origin": [0, -1, 8]},
			"faces": {
				"north": {"uv": [8.5, 3.375, 8.375, 4.375], "texture": "#2"},
				"east": {"uv": [8.375, 3.375, 8.5, 4.375], "texture": "#2"},
				"south": {"uv": [8.375, 3.375, 8.5, 4.375], "texture": "#2"},
				"up": {"uv": [8.375, 3.375, 8.5, 3.5], "texture": "#2"},
				"down": {"uv": [8.375, 4.25, 8.5, 4.375], "texture": "#2"}
			}
		},
		{
			"name": "wp1_9",
			"from": [6.425, 10.125, 7.9],
			"to": [6.8, 11, 8.225],
			"rotation": {"angle": 0, "axis": "y", "origin": [0, -1, 8]},
			"faces": {
				"north": {"uv": [6.75, 4, 6.375, 4.875], "texture": "#2"},
				"east": {"uv": [6.625, 4, 6.75, 4.875], "texture": "#2"},
				"south": {"uv": [6.375, 4, 6.75, 4.875], "texture": "#2"},
				"west": {"uv": [6.375, 4, 6.5, 4.875], "texture": "#2"},
				"up": {"uv": [6.375, 4, 6.75, 4.125], "texture": "#2"}
			}
		},
		{
			"name": "wp1_10",
			"from": [9.075, 10.125, 7.9],
			"to": [9.45, 11, 8.225],
			"rotation": {"angle": 0, "axis": "y", "origin": [0, -1, 8]},
			"faces": {
				"north": {"uv": [9.5, 4, 9.125, 4.875], "texture": "#2"},
				"east": {"uv": [9.375, 4, 9.5, 4.875], "texture": "#2"},
				"south": {"uv": [9.125, 4, 9.5, 4.875], "texture": "#2"},
				"west": {"uv": [9.125, 4, 9.25, 4.875], "texture": "#2"},
				"up": {"uv": [9.125, 4, 9.5, 4.125], "texture": "#2"}
			}
		},
		{
			"name": "wp1_11",
			"from": [7.25, 10.75, 8],
			"to": [7.375, 10.875, 8.125],
			"rotation": {"angle": 0, "axis": "y", "origin": [0, -1, 8]},
			"faces": {
				"north": {"uv": [7.375, 4.125, 7.25, 4.25], "texture": "#2"},
				"south": {"uv": [7.25, 4.125, 7.375, 4.25], "texture": "#2"},
				"west": {"uv": [7.25, 4.125, 7.375, 4.25], "texture": "#2"},
				"up": {"uv": [7.25, 4.125, 7.375, 4.25], "texture": "#2"},
				"down": {"uv": [7.25, 4.125, 7.375, 4.25], "texture": "#2"}
			}
		},
		{
			"name": "wp1_12",
			"from": [8.5, 10.75, 8],
			"to": [8.625, 10.875, 8.125],
			"rotation": {"angle": 0, "axis": "y", "origin": [0, -1, 8]},
			"faces": {
				"north": {"uv": [8.625, 4.125, 8.5, 4.25], "texture": "#2"},
				"east": {"uv": [8.5, 4.125, 8.625, 4.25], "texture": "#2"},
				"south": {"uv": [8.5, 4.125, 8.625, 4.25], "texture": "#2"},
				"up": {"uv": [8.5, 4.125, 8.625, 4.25], "texture": "#2"},
				"down": {"uv": [8.5, 4.125, 8.625, 4.25], "texture": "#2"}
			}
		},
		{
			"name": "wp1_13",
			"from": [7.5, 10.5, 8],
			"to": [7.625, 10.75, 8.125],
			"rotation": {"angle": 0, "axis": "y", "origin": [0, -1, 8]},
			"faces": {
				"north": {"uv": [7.625, 4.25, 7.5, 4.5], "texture": "#2"},
				"south": {"uv": [7.5, 4.25, 7.625, 4.5], "texture": "#2"},
				"west": {"uv": [7.5, 4.25, 7.625, 4.5], "texture": "#2"}
			}
		},
		{
			"name": "wp1_14",
			"from": [8.25, 10.5, 8],
			"to": [8.375, 10.75, 8.125],
			"rotation": {"angle": 0, "axis": "y", "origin": [0, -1, 8]},
			"faces": {
				"north": {"uv": [8.375, 4.25, 8.25, 4.5], "texture": "#2"},
				"east": {"uv": [8.25, 4.25, 8.375, 4.5], "texture": "#2"},
				"south": {"uv": [8.25, 4.25, 8.375, 4.5], "texture": "#2"}
			}
		},
		{
			"name": "wp1_15",
			"from": [7.625, 10.375, 8],
			"to": [7.75, 10.625, 8.125],
			"rotation": {"angle": 0, "axis": "y", "origin": [0, -1, 8]},
			"faces": {
				"north": {"uv": [7.75, 4.375, 7.625, 4.625], "texture": "#2"},
				"south": {"uv": [7.625, 4.375, 7.75, 4.625], "texture": "#2"}
			}
		},
		{
			"name": "wp1_16",
			"from": [8.125, 10.375, 8],
			"to": [8.25, 10.625, 8.125],
			"rotation": {"angle": 0, "axis": "y", "origin": [0, -1, 8]},
			"faces": {
				"north": {"uv": [8.25, 4.375, 8.125, 4.625], "texture": "#2"},
				"south": {"uv": [8.125, 4.375, 8.25, 4.625], "texture": "#2"}
			}
		},
		{
			"name": "wp1_17",
			"from": [6.5, 9.5, 7.9],
			"to": [6.75, 9.875, 8.225],
			"rotation": {"angle": 0, "axis": "y", "origin": [0, -1, 8]},
			"faces": {
				"north": {"uv": [6.75, 5.125, 6.5, 5.5], "texture": "#2"},
				"east": {"uv": [6.625, 5.125, 6.75, 5.5], "texture": "#2"},
				"south": {"uv": [6.5, 5.125, 6.75, 5.5], "texture": "#2"},
				"west": {"uv": [6.5, 5.125, 6.625, 5.5], "texture": "#2"},
				"down": {"uv": [6.5, 5.375, 6.75, 5.5], "texture": "#2"}
			}
		},
		{
			"name": "wp1_18",
			"from": [9.125, 9.5, 7.9],
			"to": [9.375, 9.875, 8.225],
			"rotation": {"angle": 0, "axis": "y", "origin": [0, -1, 8]},
			"faces": {
				"north": {"uv": [9.375, 5.125, 9.125, 5.5], "texture": "#2"},
				"east": {"uv": [9.25, 5.125, 9.375, 5.5], "texture": "#2"},
				"south": {"uv": [9.125, 5.125, 9.375, 5.5], "texture": "#2"},
				"west": {"uv": [9.125, 5.125, 9.25, 5.5], "texture": "#2"},
				"down": {"uv": [9.125, 5.375, 9.375, 5.5], "texture": "#2"}
			}
		},
		{
			"name": "wp1_19",
			"from": [6.75, 9.375, 7.9],
			"to": [6.875, 9.75, 8.225],
			"rotation": {"angle": 0, "axis": "y", "origin": [0, -1, 8]},
			"faces": {
				"north": {"uv": [6.875, 5.25, 6.75, 5.625], "texture": "#2"},
				"east": {"uv": [6.75, 5.25, 6.875, 5.625], "texture": "#2"},
				"south": {"uv": [6.75, 5.25, 6.875, 5.625], "texture": "#2"},
				"up": {"uv": [6.75, 5.25, 6.875, 5.375], "texture": "#2"},
				"down": {"uv": [6.75, 5.5, 6.875, 5.625], "texture": "#2"}
			}
		},
		{
			"name": "wp1_20",
			"from": [7.25, 9.5, 7.9],
			"to": [7.625, 9.75, 8.225],
			"rotation": {"angle": 0, "axis": "y", "origin": [0, -1, 8]},
			"faces": {
				"north": {"uv": [7.625, 5.25, 7.25, 5.5], "texture": "#2"},
				"south": {"uv": [7.25, 5.25, 7.625, 5.5], "texture": "#2"},
				"west": {"uv": [7.25, 5.25, 7.375, 5.5], "texture": "#2"},
				"up": {"uv": [7.25, 5.25, 7.625, 5.375], "texture": "#2"},
				"down": {"uv": [7.25, 5.375, 7.625, 5.5], "texture": "#2"}
			}
		},
		{
			"name": "wp1_21",
			"from": [8.25, 9.5, 7.9],
			"to": [8.625, 9.75, 8.225],
			"rotation": {"angle": 0, "axis": "y", "origin": [0, -1, 8]},
			"faces": {
				"north": {"uv": [8.625, 5.25, 8.25, 5.5], "texture": "#2"},
				"east": {"uv": [8.5, 5.25, 8.625, 5.5], "texture": "#2"},
				"south": {"uv": [8.25, 5.25, 8.625, 5.5], "texture": "#2"},
				"up": {"uv": [8.25, 5.25, 8.625, 5.375], "texture": "#2"},
				"down": {"uv": [8.25, 5.375, 8.625, 5.5], "texture": "#2"}
			}
		},
		{
			"name": "wp1_22",
			"from": [9, 9.375, 7.9],
			"to": [9.125, 9.75, 8.225],
			"rotation": {"angle": 0, "axis": "y", "origin": [0, -1, 8]},
			"faces": {
				"north": {"uv": [9.125, 5.25, 9, 5.625], "texture": "#2"},
				"east": {"uv": [9, 5.25, 9.125, 5.625], "texture": "#2"},
				"south": {"uv": [9, 5.25, 9.125, 5.625], "texture": "#2"},
				"west": {"uv": [9, 5.25, 9.125, 5.625], "texture": "#2"},
				"up": {"uv": [9, 5.25, 9.125, 5.375], "texture": "#2"},
				"down": {"uv": [9, 5.5, 9.125, 5.625], "texture": "#2"}
			}
		},
		{
			"name": "wp1_23",
			"from": [6.875, 9.375, 7.9],
			"to": [7.25, 9.625, 8.225],
			"rotation": {"angle": 0, "axis": "y", "origin": [0, -1, 8]},
			"faces": {
				"north": {"uv": [7.25, 5.375, 6.875, 5.625], "texture": "#2"},
				"south": {"uv": [6.875, 5.375, 7.25, 5.625], "texture": "#2"},
				"up": {"uv": [6.875, 5.375, 7.25, 5.5], "texture": "#2"},
				"down": {"uv": [6.875, 5.5, 7.25, 5.625], "texture": "#2"}
			}
		},
		{
			"name": "wp1_24",
			"from": [8.625, 9.375, 7.9],
			"to": [9, 9.625, 8.225],
			"rotation": {"angle": 0, "axis": "y", "origin": [0, -1, 8]},
			"faces": {
				"north": {"uv": [9, 5.375, 8.625, 5.625], "texture": "#2"},
				"south": {"uv": [8.625, 5.375, 9, 5.625], "texture": "#2"},
				"up": {"uv": [8.625, 5.375, 9, 5.5], "texture": "#2"},
				"down": {"uv": [8.625, 5.5, 9, 5.625], "texture": "#2"}
			}
		},
		{
			"name": "wp1_25",
			"from": [6.625, 9.375, 7.9],
			"to": [6.75, 9.5, 8.225],
			"rotation": {"angle": 0, "axis": "y", "origin": [0, -1, 8]},
			"faces": {
				"north": {"uv": [6.75, 5.5, 6.625, 5.625], "texture": "#2"},
				"south": {"uv": [6.625, 5.5, 6.75, 5.625], "texture": "#2"},
				"west": {"uv": [6.625, 5.5, 6.75, 5.625], "texture": "#2"},
				"down": {"uv": [6.625, 5.5, 6.75, 5.625], "texture": "#2"}
			}
		},
		{
			"name": "wp1_26",
			"from": [7.25, 9.375, 7.9],
			"to": [7.375, 9.5, 8.225],
			"rotation": {"angle": 0, "axis": "y", "origin": [0, -1, 8]},
			"faces": {
				"north": {"uv": [7.375, 5.5, 7.25, 5.625], "texture": "#2"},
				"east": {"uv": [7.25, 5.5, 7.375, 5.625], "texture": "#2"},
				"south": {"uv": [7.25, 5.5, 7.375, 5.625], "texture": "#2"},
				"down": {"uv": [7.25, 5.5, 7.375, 5.625], "texture": "#2"}
			}
		},
		{
			"name": "wp1_27",
			"from": [8.5, 9.375, 7.9],
			"to": [8.625, 9.5, 8.225],
			"rotation": {"angle": 0, "axis": "y", "origin": [0, -1, 8]},
			"faces": {
				"north": {"uv": [8.625, 5.5, 8.5, 5.625], "texture": "#2"},
				"south": {"uv": [8.5, 5.5, 8.625, 5.625], "texture": "#2"},
				"west": {"uv": [8.5, 5.5, 8.625, 5.625], "texture": "#2"},
				"down": {"uv": [8.5, 5.5, 8.625, 5.625], "texture": "#2"}
			}
		},
		{
			"name": "wp1_28",
			"from": [6.875, 9.25, 7.9],
			"to": [7.125, 9.375, 8.225],
			"rotation": {"angle": 0, "axis": "y", "origin": [0, -1, 8]},
			"faces": {
				"north": {"uv": [7.125, 5.625, 6.875, 5.75], "texture": "#2"},
				"east": {"uv": [7, 5.625, 7.125, 5.75], "texture": "#2"},
				"south": {"uv": [6.875, 5.625, 7.125, 5.75], "texture": "#2"},
				"west": {"uv": [6.875, 5.625, 7, 5.75], "texture": "#2"},
				"down": {"uv": [6.875, 5.625, 7.125, 5.75], "texture": "#2"}
			}
		},
		{
			"name": "wp1_29",
			"from": [7.75, 8.75, 7.9],
			"to": [8.125, 9.375, 8.225],
			"rotation": {"angle": 0, "axis": "y", "origin": [0, -1, 8]},
			"faces": {
				"north": {"uv": [8.125, 5.625, 7.75, 6.25], "texture": "#2"},
				"east": {"uv": [8, 5.625, 8.125, 6.25], "texture": "#2"},
				"south": {"uv": [7.75, 5.625, 8.125, 6.25], "texture": "#2"},
				"west": {"uv": [7.75, 5.625, 7.875, 6.25], "texture": "#2"}
			}
		},
		{
			"name": "wp1_30",
			"from": [8.75, 9.25, 7.9],
			"to": [9, 9.375, 8.225],
			"rotation": {"angle": 0, "axis": "y", "origin": [0, -1, 8]},
			"faces": {
				"north": {"uv": [9, 5.625, 8.75, 5.75], "texture": "#2"},
				"east": {"uv": [8.875, 5.625, 9, 5.75], "texture": "#2"},
				"south": {"uv": [8.75, 5.625, 9, 5.75], "texture": "#2"},
				"west": {"uv": [8.75, 5.625, 8.875, 5.75], "texture": "#2"},
				"down": {"uv": [8.75, 5.625, 9, 5.75], "texture": "#2"}
			}
		},
		{
			"name": "wp1_31",
			"from": [7.75, 6.5, 7.9],
			"to": [8.125, 8.5, 8.225],
			"rotation": {"angle": 0, "axis": "y", "origin": [0, -1, 8]},
			"faces": {
				"north": {"uv": [8.125, 6.5, 7.75, 8.5], "texture": "#2"},
				"east": {"uv": [8, 6.5, 8.125, 8.5], "texture": "#2"},
				"south": {"uv": [7.75, 6.5, 8.125, 8.5], "texture": "#2"},
				"west": {"uv": [7.75, 6.5, 7.875, 8.5], "texture": "#2"}
			}
		},
		{
			"name": "wp1_32",
			"from": [7.75, 1.875, 7.9],
			"to": [8.125, 6.25, 8.225],
			"rotation": {"angle": 0, "axis": "y", "origin": [0, -1, 8]},
			"faces": {
				"north": {"uv": [8.125, 8.75, 7.75, 13.125], "texture": "#2"},
				"east": {"uv": [8, 8.75, 8.125, 13.125], "texture": "#2"},
				"south": {"uv": [7.75, 8.75, 8.125, 13.125], "texture": "#2"},
				"west": {"uv": [7.75, 8.75, 7.875, 13.125], "texture": "#2"}
			}
		},
		{
			"name": "wp1_33",
			"from": [7.75, 0.75, 7.8],
			"to": [8.125, 1.625, 8.325],
			"rotation": {"angle": 0, "axis": "y", "origin": [0, -1, 8]},
			"faces": {
				"north": {"uv": [8.125, 13.375, 7.75, 14.25], "texture": "#2"},
				"east": {"uv": [8, 13.375, 8.125, 14.25], "texture": "#2"},
				"south": {"uv": [7.75, 13.375, 8.125, 14.25], "texture": "#2"},
				"west": {"uv": [7.75, 13.375, 7.875, 14.25], "texture": "#2"},
				"up": {"uv": [7.75, 13.375, 8.125, 13.5], "texture": "#2"},
				"down": {"uv": [7.75, 14.125, 8.125, 14.25], "texture": "#2"}
			}
		},
		{
			"name": "wp1_34",
			"from": [7.625, 0.875, 7.8],
			"to": [7.75, 1.5, 8.325],
			"rotation": {"angle": 0, "axis": "y", "origin": [0, -1, 8]},
			"faces": {
				"north": {"uv": [7.75, 13.5, 7.625, 14.125], "texture": "#2"},
				"south": {"uv": [7.625, 13.5, 7.75, 14.125], "texture": "#2"},
				"west": {"uv": [7.625, 13.5, 7.75, 14.125], "texture": "#2"},
				"up": {"uv": [7.625, 13.5, 7.75, 13.625], "texture": "#2"},
				"down": {"uv": [7.625, 14, 7.75, 14.125], "texture": "#2"}
			}
		},
		{
			"name": "wp1_35",
			"from": [8.125, 0.875, 7.8],
			"to": [8.25, 1.5, 8.325],
			"rotation": {"angle": 0, "axis": "y", "origin": [0, -1, 8]},
			"faces": {
				"north": {"uv": [8.25, 13.5, 8.125, 14.125], "texture": "#2"},
				"east": {"uv": [8.125, 13.5, 8.25, 14.125], "texture": "#2"},
				"south": {"uv": [8.125, 13.5, 8.25, 14.125], "texture": "#2"},
				"up": {"uv": [8.125, 13.5, 8.25, 13.625], "texture": "#2"},
				"down": {"uv": [8.125, 14, 8.25, 14.125], "texture": "#2"}
			}
		},
		{
			"name": "wp1_36",
			"from": [7.5, 1, 7.8],
			"to": [7.625, 1.375, 8.325],
			"rotation": {"angle": 0, "axis": "y", "origin": [0, -1, 8]},
			"faces": {
				"north": {"uv": [7.625, 13.625, 7.5, 14], "texture": "#2"},
				"south": {"uv": [7.5, 13.625, 7.625, 14], "texture": "#2"},
				"west": {"uv": [7.5, 13.625, 7.625, 14], "texture": "#2"},
				"up": {"uv": [7.5, 13.625, 7.625, 13.75], "texture": "#2"},
				"down": {"uv": [7.5, 13.875, 7.625, 14], "texture": "#2"}
			}
		},
		{
			"name": "wp1_37",
			"from": [8.25, 1, 7.8],
			"to": [8.375, 1.375, 8.325],
			"rotation": {"angle": 0, "axis": "y", "origin": [0, -1, 8]},
			"faces": {
				"north": {"uv": [8.375, 13.625, 8.25, 14], "texture": "#2"},
				"east": {"uv": [8.25, 13.625, 8.375, 14], "texture": "#2"},
				"south": {"uv": [8.25, 13.625, 8.375, 14], "texture": "#2"},
				"up": {"uv": [8.25, 13.625, 8.375, 13.75], "texture": "#2"},
				"down": {"uv": [8.25, 13.875, 8.375, 14], "texture": "#2"}
			}
		},
		{
			"name": "wp4_0",
			"from": [7.875, 10, 7.9],
			"to": [8, 12.125, 8.225],
			"rotation": {"angle": 0, "axis": "y", "origin": [0, -1, 8]},
			"faces": {
				"north": {"uv": [8, 2.875, 7.875, 5], "texture": "#2"},
				"east": {"uv": [7.875, 2.875, 8, 5], "texture": "#2"},
				"south": {"uv": [7.875, 2.875, 8, 5], "texture": "#2"},
				"west": {"uv": [7.875, 2.875, 8, 5], "texture": "#2"},
				"up": {"uv": [7.875, 2.875, 8, 3], "texture": "#2"}
			}
		},
		{
			"name": "wp4_1",
			"from": [7.75, 10.25, 7.9],
			"to": [7.875, 11.75, 8.225],
			"rotation": {"angle": 0, "axis": "y", "origin": [0, -1, 8]},
			"faces": {
				"north": {"uv": [7.875, 3.25, 7.75, 4.75], "texture": "#2"},
				"south": {"uv": [7.75, 3.25, 7.875, 4.75], "texture": "#2"},
				"west": {"uv": [7.75, 3.25, 7.875, 4.75], "texture": "#2"},
				"up": {"uv": [7.75, 3.25, 7.875, 3.375], "texture": "#2"}
			}
		},
		{
			"name": "wp4_2",
			"from": [8, 10.25, 7.9],
			"to": [8.125, 11.75, 8.225],
			"rotation": {"angle": 0, "axis": "y", "origin": [0, -1, 8]},
			"faces": {
				"north": {"uv": [8.125, 3.25, 8, 4.75], "texture": "#2"},
				"east": {"uv": [8, 3.25, 8.125, 4.75], "texture": "#2"},
				"south": {"uv": [8, 3.25, 8.125, 4.75], "texture": "#2"},
				"up": {"uv": [8, 3.25, 8.125, 3.375], "texture": "#2"}
			}
		},
		{
			"name": "wp3_0",
			"from": [6.55, 11, 8.05],
			"to": [6.675, 11.25, 8.05],
			"rotation": {"angle": 0, "axis": "y", "origin": [0, -1, 8.1]},
			"faces": {
				"north": {"uv": [6.625, 3.75, 6.5, 4], "texture": "#2"},
				"south": {"uv": [6.5, 3.75, 6.625, 4], "texture": "#2"}
			}
		},
		{
			"name": "wp3_1",
			"from": [9.2, 11, 8.05],
			"to": [9.325, 11.25, 8.05],
			"rotation": {"angle": 0, "axis": "y", "origin": [0.1, -1, 8.1]},
			"faces": {
				"north": {"uv": [9.375, 3.75, 9.25, 4], "texture": "#2"},
				"south": {"uv": [9.25, 3.75, 9.375, 4], "texture": "#2"}
			}
		},
		{
			"name": "wp3_2",
			"from": [7.375, 10.25, 7.85],
			"to": [7.625, 10.5, 8.275],
			"rotation": {"angle": 0, "axis": "y", "origin": [0, -1, 8]},
			"faces": {
				"north": {"uv": [7.625, 4.5, 7.375, 4.75], "texture": "#2"},
				"east": {"uv": [7.5, 4.5, 7.625, 4.75], "texture": "#2"},
				"south": {"uv": [7.375, 4.5, 7.625, 4.75], "texture": "#2"},
				"west": {"uv": [7.375, 4.5, 7.5, 4.75], "texture": "#2"},
				"up": {"uv": [7.375, 4.5, 7.625, 4.625], "texture": "#2"},
				"down": {"uv": [7.375, 4.625, 7.625, 4.75], "texture": "#2"}
			}
		},
		{
			"name": "wp3_3",
			"from": [8.25, 10.25, 7.85],
			"to": [8.5, 10.5, 8.275],
			"rotation": {"angle": 0, "axis": "y", "origin": [0, -1, 8]},
			"faces": {
				"north": {"uv": [8.5, 4.5, 8.25, 4.75], "texture": "#2"},
				"east": {"uv": [8.375, 4.5, 8.5, 4.75], "texture": "#2"},
				"south": {"uv": [8.25, 4.5, 8.5, 4.75], "texture": "#2"},
				"west": {"uv": [8.25, 4.5, 8.375, 4.75], "texture": "#2"},
				"up": {"uv": [8.25, 4.5, 8.5, 4.625], "texture": "#2"},
				"down": {"uv": [8.25, 4.625, 8.5, 4.75], "texture": "#2"}
			}
		},
		{
			"name": "wp3_4",
			"from": [7.25, 9.875, 7.85],
			"to": [7.375, 10.375, 8.275],
			"rotation": {"angle": 0, "axis": "y", "origin": [0, -1, 8]},
			"faces": {
				"north": {"uv": [7.375, 4.625, 7.25, 5.125], "texture": "#2"},
				"east": {"uv": [7.25, 4.625, 7.375, 5.125], "texture": "#2"},
				"south": {"uv": [7.25, 4.625, 7.375, 5.125], "texture": "#2"},
				"west": {"uv": [7.25, 4.625, 7.375, 5.125], "texture": "#2"},
				"up": {"uv": [7.25, 4.625, 7.375, 4.75], "texture": "#2"},
				"down": {"uv": [7.25, 5, 7.375, 5.125], "texture": "#2"}
			}
		},
		{
			"name": "wp3_5",
			"from": [7.625, 9.875, 7.85],
			"to": [7.75, 10.375, 8.275],
			"rotation": {"angle": 0, "axis": "y", "origin": [0, -1, 8]},
			"faces": {
				"north": {"uv": [7.75, 4.625, 7.625, 5.125], "texture": "#2"},
				"east": {"uv": [7.625, 4.625, 7.75, 5.125], "texture": "#2"},
				"south": {"uv": [7.625, 4.625, 7.75, 5.125], "texture": "#2"},
				"west": {"uv": [7.625, 4.625, 7.75, 5.125], "texture": "#2"},
				"up": {"uv": [7.625, 4.625, 7.75, 4.75], "texture": "#2"}
			}
		},
		{
			"name": "wp3_6",
			"from": [8.125, 9.875, 7.85],
			"to": [8.25, 10.375, 8.275],
			"rotation": {"angle": 0, "axis": "y", "origin": [0, -1, 8]},
			"faces": {
				"north": {"uv": [8.25, 4.625, 8.125, 5.125], "texture": "#2"},
				"east": {"uv": [8.125, 4.625, 8.25, 5.125], "texture": "#2"},
				"south": {"uv": [8.125, 4.625, 8.25, 5.125], "texture": "#2"},
				"west": {"uv": [8.125, 4.625, 8.25, 5.125], "texture": "#2"},
				"up": {"uv": [8.125, 4.625, 8.25, 4.75], "texture": "#2"}
			}
		},
		{
			"name": "wp3_7",
			"from": [8.5, 9.875, 7.85],
			"to": [8.625, 10.375, 8.275],
			"rotation": {"angle": 0, "axis": "y", "origin": [0, -1, 8]},
			"faces": {
				"north": {"uv": [8.625, 4.625, 8.5, 5.125], "texture": "#2"},
				"east": {"uv": [8.5, 4.625, 8.625, 5.125], "texture": "#2"},
				"south": {"uv": [8.5, 4.625, 8.625, 5.125], "texture": "#2"},
				"west": {"uv": [8.5, 4.625, 8.625, 5.125], "texture": "#2"},
				"up": {"uv": [8.5, 4.625, 8.625, 4.75], "texture": "#2"},
				"down": {"uv": [8.5, 5, 8.625, 5.125], "texture": "#2"}
			}
		},
		{
			"name": "wp3_8",
			"from": [7.125, 10, 7.85],
			"to": [7.25, 10.25, 8.275],
			"rotation": {"angle": 0, "axis": "y", "origin": [0, -1, 8]},
			"faces": {
				"north": {"uv": [7.25, 4.75, 7.125, 5], "texture": "#2"},
				"south": {"uv": [7.125, 4.75, 7.25, 5], "texture": "#2"},
				"west": {"uv": [7.125, 4.75, 7.25, 5], "texture": "#2"},
				"up": {"uv": [7.125, 4.75, 7.25, 4.875], "texture": "#2"},
				"down": {"uv": [7.125, 4.875, 7.25, 5], "texture": "#2"}
			}
		},
		{
			"name": "wp3_9",
			"from": [7.75, 10, 7.85],
			"to": [7.875, 10.25, 8.275],
			"rotation": {"angle": 0, "axis": "y", "origin": [0, -1, 8]},
			"faces": {
				"north": {"uv": [7.875, 4.75, 7.75, 5], "texture": "#2"},
				"east": {"uv": [7.75, 4.75, 7.875, 5], "texture": "#2"},
				"south": {"uv": [7.75, 4.75, 7.875, 5], "texture": "#2"},
				"up": {"uv": [7.75, 4.75, 7.875, 4.875], "texture": "#2"}
			}
		},
		{
			"name": "wp3_10",
			"from": [8, 10, 7.85],
			"to": [8.125, 10.25, 8.275],
			"rotation": {"angle": 0, "axis": "y", "origin": [0, -1, 8]},
			"faces": {
				"north": {"uv": [8.125, 4.75, 8, 5], "texture": "#2"},
				"south": {"uv": [8, 4.75, 8.125, 5], "texture": "#2"},
				"west": {"uv": [8, 4.75, 8.125, 5], "texture": "#2"},
				"up": {"uv": [8, 4.75, 8.125, 4.875], "texture": "#2"}
			}
		},
		{
			"name": "wp3_11",
			"from": [8.625, 10, 7.85],
			"to": [8.75, 10.25, 8.275],
			"rotation": {"angle": 0, "axis": "y", "origin": [0, -1, 8]},
			"faces": {
				"north": {"uv": [8.75, 4.75, 8.625, 5], "texture": "#2"},
				"east": {"uv": [8.625, 4.75, 8.75, 5], "texture": "#2"},
				"south": {"uv": [8.625, 4.75, 8.75, 5], "texture": "#2"},
				"up": {"uv": [8.625, 4.75, 8.75, 4.875], "texture": "#2"},
				"down": {"uv": [8.625, 4.875, 8.75, 5], "texture": "#2"}
			}
		},
		{
			"name": "wp3_12",
			"from": [7.375, 9.75, 7.85],
			"to": [7.625, 10, 8.275],
			"rotation": {"angle": 0, "axis": "y", "origin": [0, -1, 8]},
			"faces": {
				"north": {"uv": [7.625, 5, 7.375, 5.25], "texture": "#2"},
				"south": {"uv": [7.375, 5, 7.625, 5.25], "texture": "#2"},
				"west": {"uv": [7.375, 5, 7.5, 5.25], "texture": "#2"},
				"up": {"uv": [7.375, 5, 7.625, 5.125], "texture": "#2"},
				"down": {"uv": [7.375, 5.125, 7.625, 5.25], "texture": "#2"}
			}
		},
		{
			"name": "wp3_13",
			"from": [8.25, 9.75, 7.85],
			"to": [8.5, 10, 8.275],
			"rotation": {"angle": 0, "axis": "y", "origin": [0, -1, 8]},
			"faces": {
				"north": {"uv": [8.5, 5, 8.25, 5.25], "texture": "#2"},
				"east": {"uv": [8.375, 5, 8.5, 5.25], "texture": "#2"},
				"south": {"uv": [8.25, 5, 8.5, 5.25], "texture": "#2"},
				"up": {"uv": [8.25, 5, 8.5, 5.125], "texture": "#2"},
				"down": {"uv": [8.25, 5.125, 8.5, 5.25], "texture": "#2"}
			}
		}
	],
	"gui_light": "front",
	"display": {
		"thirdperson_righthand": {
			"rotation": [0, 90, 0],
			"translation": [-0.5, 9, 1.25],
			"scale": [3.15, 3.15, 3]
		},
		"thirdperson_lefthand": {
			"rotation": [0, -90, 0],
			"translation": [0, 9.5, 1.25],
			"scale": [3.15, 3.15, 3]
		},
		"firstperson_righthand": {
			"rotation": [8, -89, 0],
			"translation": [1, 4, 0.75],
			"scale": [2.1, 2.1, 2]
		},
		"firstperson_lefthand": {
			"rotation": [8, -89, 0],
			"translation": [1, 4, 0.75],
			"scale": [2.1, 2.1, 2]
		},
		"ground": {
			"translation": [0, 7, 0],
			"scale": [2, 2, 2]
		},
		"gui": {
			"rotation": [0, 0, -43],
			"translation": [1.75, 1.25, 0],
			"scale": [2, 2, 2]
		},
		"head": {
			"rotation": [0, 0, 144],
			"translation": [-3.25, -22.25, 4],
			"scale": [4, 4, 3.75]
		},
		"fixed": {
			"rotation": [0, 180, -42],
			"translation": [-3.5, 3.25, -0.75],
			"scale": [3.8, 3.8, 2.5]
		}
	},
	"groups": [
		0,
		{
			"name": "wp2",
			"origin": [8, 8, 8],
			"color": 0,
			"children": [1, 2, 3, 4, 5, 6, 7, 8, 9, 10, 11, 12, 13, 14, 15, 16, 17, 18, 19, 20, 21, 22, 23]
		},
		{
			"name": "wp1",
			"origin": [8, 8, 8],
			"color": 0,
			"children": [24, 25, 26, 27, 28, 29, 30, 31, 32, 33, 34, 35, 36, 37, 38, 39, 40, 41, 42, 43, 44, 45, 46, 47, 48, 49, 50, 51, 52, 53, 54, 55, 56, 57, 58, 59, 60, 61]
		},
		{
			"name": "wp4",
			"origin": [8, 8, 8],
			"color": 0,
			"children": [62, 63, 64]
		},
		{
			"name": "wp3",
			"origin": [8, 8, 8],
			"color": 0,
			"children": [65, 66, 67, 68, 69, 70, 71, 72, 73, 74, 75, 76, 77, 78]
		}
	]
}